ISO-10303-21;
HEADER;
/* Generated by software containing ST-Developer
 * from STEP Tools, Inc. (www.steptools.com) 
 */

FILE_DESCRIPTION(
/* description */ (''),
/* implementation_level */ '2;1');

FILE_NAME(
/* name */ 'Solarplatte.step',
/* time_stamp */ '2025-07-04T09:26:16+02:00',
/* author */ (''),
/* organization */ (''),
/* preprocessor_version */ 'ST-DEVELOPER v20.1',
/* originating_system */ 'Autodesk Translation Framework v14.10.0.0',
/* authorisation */ '');

FILE_SCHEMA (('AUTOMOTIVE_DESIGN { 1 0 10303 214 3 1 1 }'));
ENDSEC;

DATA;
#10=MECHANICAL_DESIGN_GEOMETRIC_PRESENTATION_REPRESENTATION('',(#13),#2223);
#11=SHAPE_REPRESENTATION_RELATIONSHIP('SRR','None',#2230,#12);
#12=ADVANCED_BREP_SHAPE_REPRESENTATION('',(#14),#2222);
#13=STYLED_ITEM('',(#2240),#14);
#14=MANIFOLD_SOLID_BREP('K\X\F6rper1',#1255);
#15=FACE_BOUND('',#187,.T.);
#16=FACE_BOUND('',#188,.T.);
#17=FACE_BOUND('',#189,.T.);
#18=FACE_BOUND('',#190,.T.);
#19=FACE_BOUND('',#217,.T.);
#20=FACE_BOUND('',#218,.T.);
#21=FACE_BOUND('',#219,.T.);
#22=FACE_BOUND('',#220,.T.);
#23=FACE_BOUND('',#221,.T.);
#24=FACE_BOUND('',#222,.T.);
#25=FACE_BOUND('',#223,.T.);
#26=FACE_BOUND('',#224,.T.);
#27=FACE_BOUND('',#225,.T.);
#28=FACE_BOUND('',#226,.T.);
#29=FACE_BOUND('',#227,.T.);
#30=FACE_BOUND('',#228,.T.);
#31=FACE_BOUND('',#229,.T.);
#32=FACE_BOUND('',#230,.T.);
#33=FACE_BOUND('',#235,.T.);
#34=FACE_BOUND('',#236,.T.);
#35=FACE_BOUND('',#237,.T.);
#36=FACE_BOUND('',#238,.T.);
#37=FACE_BOUND('',#239,.T.);
#38=FACE_BOUND('',#240,.T.);
#39=FACE_BOUND('',#241,.T.);
#40=(
BOUNDED_CURVE()
B_SPLINE_CURVE(5,(#1881,#1882,#1883,#1884,#1885,#1886,#1887,#1888,#1889,
#1890,#1891,#1892,#1893,#1894,#1895,#1896,#1897,#1898,#1899,#1900),
 .UNSPECIFIED.,.F.,.F.)
B_SPLINE_CURVE_WITH_KNOTS((6,1,1,1,1,1,1,1,1,1,1,1,1,1,1,6),(0.,0.0666666666666667,
0.133333333333333,0.2,0.266666666666667,0.333333333333333,0.4,0.466666666666667,
0.533333333333333,0.6,0.666666666666667,0.733333333333333,0.8,0.866666666666667,
0.933333333333333,1.),.UNSPECIFIED.)
CURVE()
GEOMETRIC_REPRESENTATION_ITEM()
RATIONAL_B_SPLINE_CURVE((1.,1.,1.,1.,1.,1.,1.,1.,1.,1.,1.,1.,1.,1.,1.,1.,
1.,1.,1.,1.))
REPRESENTATION_ITEM('')
);
#41=(
BOUNDED_CURVE()
B_SPLINE_CURVE(5,(#1904,#1905,#1906,#1907,#1908,#1909,#1910,#1911,#1912,
#1913,#1914,#1915,#1916,#1917,#1918,#1919,#1920,#1921,#1922,#1923),
 .UNSPECIFIED.,.F.,.F.)
B_SPLINE_CURVE_WITH_KNOTS((6,1,1,1,1,1,1,1,1,1,1,1,1,1,1,6),(-1.,-0.933333333333333,
-0.866666666666667,-0.8,-0.733333333333333,-0.666666666666667,-0.6,-0.533333333333333,
-0.466666666666667,-0.4,-0.333333333333333,-0.266666666666667,-0.2,-0.133333333333333,
-0.0666666666666667,0.),.UNSPECIFIED.)
CURVE()
GEOMETRIC_REPRESENTATION_ITEM()
RATIONAL_B_SPLINE_CURVE((1.,1.,1.,1.,1.,1.,1.,1.,1.,1.,1.,1.,1.,1.,1.,1.,
1.,1.,1.,1.))
REPRESENTATION_ITEM('')
);
#42=(
BOUNDED_CURVE()
B_SPLINE_CURVE(5,(#1988,#1989,#1990,#1991,#1992,#1993,#1994,#1995,#1996,
#1997,#1998,#1999,#2000,#2001,#2002,#2003,#2004,#2005,#2006,#2007),
 .UNSPECIFIED.,.F.,.F.)
B_SPLINE_CURVE_WITH_KNOTS((6,1,1,1,1,1,1,1,1,1,1,1,1,1,1,6),(-1.,-0.933333333333333,
-0.866666666666667,-0.8,-0.733333333333333,-0.666666666666667,-0.6,-0.533333333333333,
-0.466666666666667,-0.4,-0.333333333333333,-0.266666666666667,-0.2,-0.133333333333333,
-0.0666666666666667,0.),.UNSPECIFIED.)
CURVE()
GEOMETRIC_REPRESENTATION_ITEM()
RATIONAL_B_SPLINE_CURVE((1.,1.,1.,1.,1.,1.,1.,1.,1.,1.,1.,1.,1.,1.,1.,1.,
1.,1.,1.,1.))
REPRESENTATION_ITEM('')
);
#43=(
BOUNDED_CURVE()
B_SPLINE_CURVE(5,(#2011,#2012,#2013,#2014,#2015,#2016,#2017,#2018,#2019,
#2020,#2021,#2022,#2023,#2024,#2025,#2026,#2027,#2028,#2029,#2030),
 .UNSPECIFIED.,.F.,.F.)
B_SPLINE_CURVE_WITH_KNOTS((6,1,1,1,1,1,1,1,1,1,1,1,1,1,1,6),(0.,0.0666666666666667,
0.133333333333333,0.2,0.266666666666667,0.333333333333333,0.4,0.466666666666667,
0.533333333333333,0.6,0.666666666666667,0.733333333333333,0.8,0.866666666666667,
0.933333333333333,1.),.UNSPECIFIED.)
CURVE()
GEOMETRIC_REPRESENTATION_ITEM()
RATIONAL_B_SPLINE_CURVE((1.,1.,1.,1.,1.,1.,1.,1.,1.,1.,1.,1.,1.,1.,1.,1.,
1.,1.,1.,1.))
REPRESENTATION_ITEM('')
);
#44=(
BOUNDED_SURFACE()
B_SPLINE_SURFACE(5,1,((#1839,#1840),(#1841,#1842),(#1843,#1844),(#1845,
#1846),(#1847,#1848),(#1849,#1850),(#1851,#1852),(#1853,#1854),(#1855,#1856),
(#1857,#1858),(#1859,#1860),(#1861,#1862),(#1863,#1864),(#1865,#1866),(#1867,
#1868),(#1869,#1870),(#1871,#1872),(#1873,#1874),(#1875,#1876),(#1877,#1878)),
 .UNSPECIFIED.,.F.,.F.,.F.)
B_SPLINE_SURFACE_WITH_KNOTS((6,1,1,1,1,1,1,1,1,1,1,1,1,1,1,6),(2,2),(0.,
0.0666666666666667,0.133333333333333,0.2,0.266666666666667,0.333333333333333,
0.4,0.466666666666667,0.533333333333333,0.6,0.666666666666667,0.733333333333333,
0.8,0.866666666666667,0.933333333333333,1.),(0.,0.3),.UNSPECIFIED.)
GEOMETRIC_REPRESENTATION_ITEM()
RATIONAL_B_SPLINE_SURFACE(((1.,1.),(1.,1.),(1.,1.),(1.,1.),(1.,1.),(1.,
1.),(1.,1.),(1.,1.),(1.,1.),(1.,1.),(1.,1.),(1.,1.),(1.,1.),(1.,1.),(1.,
1.),(1.,1.),(1.,1.),(1.,1.),(1.,1.),(1.,1.)))
REPRESENTATION_ITEM('')
SURFACE()
);
#45=(
BOUNDED_SURFACE()
B_SPLINE_SURFACE(5,1,((#1946,#1947),(#1948,#1949),(#1950,#1951),(#1952,
#1953),(#1954,#1955),(#1956,#1957),(#1958,#1959),(#1960,#1961),(#1962,#1963),
(#1964,#1965),(#1966,#1967),(#1968,#1969),(#1970,#1971),(#1972,#1973),(#1974,
#1975),(#1976,#1977),(#1978,#1979),(#1980,#1981),(#1982,#1983),(#1984,#1985)),
 .UNSPECIFIED.,.F.,.F.,.F.)
B_SPLINE_SURFACE_WITH_KNOTS((6,1,1,1,1,1,1,1,1,1,1,1,1,1,1,6),(2,2),(-1.,
-0.933333333333333,-0.866666666666667,-0.8,-0.733333333333333,-0.666666666666667,
-0.6,-0.533333333333333,-0.466666666666667,-0.4,-0.333333333333333,-0.266666666666667,
-0.2,-0.133333333333333,-0.0666666666666667,0.),(0.,0.3),.UNSPECIFIED.)
GEOMETRIC_REPRESENTATION_ITEM()
RATIONAL_B_SPLINE_SURFACE(((1.,1.),(1.,1.),(1.,1.),(1.,1.),(1.,1.),(1.,
1.),(1.,1.),(1.,1.),(1.,1.),(1.,1.),(1.,1.),(1.,1.),(1.,1.),(1.,1.),(1.,
1.),(1.,1.),(1.,1.),(1.,1.),(1.,1.),(1.,1.)))
REPRESENTATION_ITEM('')
SURFACE()
);
#46=PLANE('',#1302);
#47=PLANE('',#1306);
#48=PLANE('',#1310);
#49=PLANE('',#1314);
#50=PLANE('',#1321);
#51=PLANE('',#1328);
#52=PLANE('',#1332);
#53=PLANE('',#1336);
#54=PLANE('',#1343);
#55=PLANE('',#1344);
#56=PLANE('',#1345);
#57=PLANE('',#1346);
#58=PLANE('',#1347);
#59=PLANE('',#1348);
#60=PLANE('',#1349);
#61=PLANE('',#1350);
#62=PLANE('',#1351);
#63=PLANE('',#1352);
#64=PLANE('',#1353);
#65=PLANE('',#1354);
#66=PLANE('',#1355);
#67=PLANE('',#1356);
#68=PLANE('',#1357);
#69=PLANE('',#1358);
#70=PLANE('',#1359);
#71=PLANE('',#1360);
#72=PLANE('',#1361);
#73=PLANE('',#1362);
#74=PLANE('',#1363);
#75=PLANE('',#1364);
#76=PLANE('',#1365);
#77=PLANE('',#1366);
#78=PLANE('',#1367);
#79=PLANE('',#1368);
#80=PLANE('',#1369);
#81=PLANE('',#1370);
#82=PLANE('',#1371);
#83=PLANE('',#1372);
#84=PLANE('',#1373);
#85=PLANE('',#1374);
#86=PLANE('',#1375);
#87=FACE_OUTER_BOUND('',#152,.T.);
#88=FACE_OUTER_BOUND('',#153,.T.);
#89=FACE_OUTER_BOUND('',#154,.T.);
#90=FACE_OUTER_BOUND('',#155,.T.);
#91=FACE_OUTER_BOUND('',#156,.T.);
#92=FACE_OUTER_BOUND('',#157,.T.);
#93=FACE_OUTER_BOUND('',#158,.T.);
#94=FACE_OUTER_BOUND('',#159,.T.);
#95=FACE_OUTER_BOUND('',#160,.T.);
#96=FACE_OUTER_BOUND('',#161,.T.);
#97=FACE_OUTER_BOUND('',#162,.T.);
#98=FACE_OUTER_BOUND('',#163,.T.);
#99=FACE_OUTER_BOUND('',#164,.T.);
#100=FACE_OUTER_BOUND('',#165,.T.);
#101=FACE_OUTER_BOUND('',#166,.T.);
#102=FACE_OUTER_BOUND('',#167,.T.);
#103=FACE_OUTER_BOUND('',#168,.T.);
#104=FACE_OUTER_BOUND('',#169,.T.);
#105=FACE_OUTER_BOUND('',#170,.T.);
#106=FACE_OUTER_BOUND('',#171,.T.);
#107=FACE_OUTER_BOUND('',#172,.T.);
#108=FACE_OUTER_BOUND('',#173,.T.);
#109=FACE_OUTER_BOUND('',#174,.T.);
#110=FACE_OUTER_BOUND('',#175,.T.);
#111=FACE_OUTER_BOUND('',#176,.T.);
#112=FACE_OUTER_BOUND('',#177,.T.);
#113=FACE_OUTER_BOUND('',#178,.T.);
#114=FACE_OUTER_BOUND('',#179,.T.);
#115=FACE_OUTER_BOUND('',#180,.T.);
#116=FACE_OUTER_BOUND('',#181,.T.);
#117=FACE_OUTER_BOUND('',#182,.T.);
#118=FACE_OUTER_BOUND('',#183,.T.);
#119=FACE_OUTER_BOUND('',#184,.T.);
#120=FACE_OUTER_BOUND('',#185,.T.);
#121=FACE_OUTER_BOUND('',#186,.T.);
#122=FACE_OUTER_BOUND('',#191,.T.);
#123=FACE_OUTER_BOUND('',#192,.T.);
#124=FACE_OUTER_BOUND('',#193,.T.);
#125=FACE_OUTER_BOUND('',#194,.T.);
#126=FACE_OUTER_BOUND('',#195,.T.);
#127=FACE_OUTER_BOUND('',#196,.T.);
#128=FACE_OUTER_BOUND('',#197,.T.);
#129=FACE_OUTER_BOUND('',#198,.T.);
#130=FACE_OUTER_BOUND('',#199,.T.);
#131=FACE_OUTER_BOUND('',#200,.T.);
#132=FACE_OUTER_BOUND('',#201,.T.);
#133=FACE_OUTER_BOUND('',#202,.T.);
#134=FACE_OUTER_BOUND('',#203,.T.);
#135=FACE_OUTER_BOUND('',#204,.T.);
#136=FACE_OUTER_BOUND('',#205,.T.);
#137=FACE_OUTER_BOUND('',#206,.T.);
#138=FACE_OUTER_BOUND('',#207,.T.);
#139=FACE_OUTER_BOUND('',#208,.T.);
#140=FACE_OUTER_BOUND('',#209,.T.);
#141=FACE_OUTER_BOUND('',#210,.T.);
#142=FACE_OUTER_BOUND('',#211,.T.);
#143=FACE_OUTER_BOUND('',#212,.T.);
#144=FACE_OUTER_BOUND('',#213,.T.);
#145=FACE_OUTER_BOUND('',#214,.T.);
#146=FACE_OUTER_BOUND('',#215,.T.);
#147=FACE_OUTER_BOUND('',#216,.T.);
#148=FACE_OUTER_BOUND('',#231,.T.);
#149=FACE_OUTER_BOUND('',#232,.T.);
#150=FACE_OUTER_BOUND('',#233,.T.);
#151=FACE_OUTER_BOUND('',#234,.T.);
#152=EDGE_LOOP('',(#820,#821,#822,#823));
#153=EDGE_LOOP('',(#824,#825,#826,#827));
#154=EDGE_LOOP('',(#828,#829,#830,#831));
#155=EDGE_LOOP('',(#832,#833,#834,#835));
#156=EDGE_LOOP('',(#836,#837,#838,#839));
#157=EDGE_LOOP('',(#840,#841,#842,#843));
#158=EDGE_LOOP('',(#844,#845,#846,#847));
#159=EDGE_LOOP('',(#848,#849,#850,#851));
#160=EDGE_LOOP('',(#852,#853,#854,#855));
#161=EDGE_LOOP('',(#856,#857,#858,#859));
#162=EDGE_LOOP('',(#860,#861,#862,#863));
#163=EDGE_LOOP('',(#864,#865,#866,#867));
#164=EDGE_LOOP('',(#868,#869,#870,#871));
#165=EDGE_LOOP('',(#872,#873,#874,#875));
#166=EDGE_LOOP('',(#876,#877,#878,#879));
#167=EDGE_LOOP('',(#880,#881,#882,#883));
#168=EDGE_LOOP('',(#884,#885,#886,#887));
#169=EDGE_LOOP('',(#888,#889,#890,#891));
#170=EDGE_LOOP('',(#892,#893,#894,#895));
#171=EDGE_LOOP('',(#896,#897,#898,#899));
#172=EDGE_LOOP('',(#900,#901,#902,#903));
#173=EDGE_LOOP('',(#904,#905,#906,#907));
#174=EDGE_LOOP('',(#908,#909,#910,#911));
#175=EDGE_LOOP('',(#912,#913,#914,#915));
#176=EDGE_LOOP('',(#916,#917,#918,#919));
#177=EDGE_LOOP('',(#920,#921,#922,#923));
#178=EDGE_LOOP('',(#924,#925,#926,#927));
#179=EDGE_LOOP('',(#928,#929,#930,#931));
#180=EDGE_LOOP('',(#932,#933,#934,#935));
#181=EDGE_LOOP('',(#936,#937,#938,#939));
#182=EDGE_LOOP('',(#940,#941,#942,#943));
#183=EDGE_LOOP('',(#944,#945,#946,#947));
#184=EDGE_LOOP('',(#948,#949));
#185=EDGE_LOOP('',(#950,#951));
#186=EDGE_LOOP('',(#952,#953,#954,#955,#956,#957,#958,#959,#960,#961,#962,
#963,#964,#965,#966,#967,#968,#969,#970,#971,#972,#973,#974,#975,#976,#977,
#978,#979));
#187=EDGE_LOOP('',(#980));
#188=EDGE_LOOP('',(#981));
#189=EDGE_LOOP('',(#982));
#190=EDGE_LOOP('',(#983));
#191=EDGE_LOOP('',(#984,#985,#986,#987,#988,#989,#990,#991));
#192=EDGE_LOOP('',(#992,#993,#994,#995,#996,#997,#998,#999,#1000,#1001,
#1002,#1003));
#193=EDGE_LOOP('',(#1004,#1005,#1006,#1007,#1008,#1009,#1010,#1011));
#194=EDGE_LOOP('',(#1012,#1013,#1014,#1015,#1016,#1017,#1018,#1019,#1020,
#1021,#1022,#1023));
#195=EDGE_LOOP('',(#1024,#1025,#1026));
#196=EDGE_LOOP('',(#1027,#1028,#1029));
#197=EDGE_LOOP('',(#1030,#1031,#1032));
#198=EDGE_LOOP('',(#1033,#1034,#1035));
#199=EDGE_LOOP('',(#1036,#1037,#1038,#1039));
#200=EDGE_LOOP('',(#1040,#1041,#1042));
#201=EDGE_LOOP('',(#1043,#1044,#1045,#1046));
#202=EDGE_LOOP('',(#1047,#1048,#1049,#1050));
#203=EDGE_LOOP('',(#1051,#1052,#1053));
#204=EDGE_LOOP('',(#1054,#1055,#1056,#1057));
#205=EDGE_LOOP('',(#1058,#1059,#1060));
#206=EDGE_LOOP('',(#1061,#1062,#1063,#1064));
#207=EDGE_LOOP('',(#1065,#1066,#1067,#1068));
#208=EDGE_LOOP('',(#1069,#1070,#1071));
#209=EDGE_LOOP('',(#1072,#1073,#1074,#1075));
#210=EDGE_LOOP('',(#1076,#1077,#1078,#1079));
#211=EDGE_LOOP('',(#1080,#1081,#1082,#1083));
#212=EDGE_LOOP('',(#1084,#1085,#1086,#1087));
#213=EDGE_LOOP('',(#1088,#1089,#1090,#1091));
#214=EDGE_LOOP('',(#1092,#1093,#1094,#1095));
#215=EDGE_LOOP('',(#1096,#1097,#1098,#1099));
#216=EDGE_LOOP('',(#1100,#1101,#1102,#1103));
#217=EDGE_LOOP('',(#1104));
#218=EDGE_LOOP('',(#1105));
#219=EDGE_LOOP('',(#1106));
#220=EDGE_LOOP('',(#1107));
#221=EDGE_LOOP('',(#1108));
#222=EDGE_LOOP('',(#1109));
#223=EDGE_LOOP('',(#1110));
#224=EDGE_LOOP('',(#1111));
#225=EDGE_LOOP('',(#1112));
#226=EDGE_LOOP('',(#1113));
#227=EDGE_LOOP('',(#1114,#1115,#1116,#1117,#1118,#1119));
#228=EDGE_LOOP('',(#1120,#1121,#1122,#1123,#1124,#1125,#1126,#1127));
#229=EDGE_LOOP('',(#1128,#1129,#1130,#1131,#1132,#1133,#1134,#1135));
#230=EDGE_LOOP('',(#1136,#1137,#1138,#1139,#1140,#1141));
#231=EDGE_LOOP('',(#1142,#1143,#1144,#1145));
#232=EDGE_LOOP('',(#1146,#1147,#1148,#1149));
#233=EDGE_LOOP('',(#1150,#1151,#1152,#1153));
#234=EDGE_LOOP('',(#1154,#1155,#1156,#1157));
#235=EDGE_LOOP('',(#1158));
#236=EDGE_LOOP('',(#1159));
#237=EDGE_LOOP('',(#1160));
#238=EDGE_LOOP('',(#1161));
#239=EDGE_LOOP('',(#1162));
#240=EDGE_LOOP('',(#1163));
#241=EDGE_LOOP('',(#1164,#1165,#1166,#1167));
#242=LINE('',#1723,#368);
#243=LINE('',#1729,#369);
#244=LINE('',#1735,#370);
#245=LINE('',#1741,#371);
#246=LINE('',#1747,#372);
#247=LINE('',#1753,#373);
#248=LINE('',#1759,#374);
#249=LINE('',#1765,#375);
#250=LINE('',#1771,#376);
#251=LINE('',#1777,#377);
#252=LINE('',#1784,#378);
#253=LINE('',#1787,#379);
#254=LINE('',#1790,#380);
#255=LINE('',#1792,#381);
#256=LINE('',#1793,#382);
#257=LINE('',#1798,#383);
#258=LINE('',#1802,#384);
#259=LINE('',#1804,#385);
#260=LINE('',#1805,#386);
#261=LINE('',#1810,#387);
#262=LINE('',#1815,#388);
#263=LINE('',#1817,#389);
#264=LINE('',#1819,#390);
#265=LINE('',#1820,#391);
#266=LINE('',#1825,#392);
#267=LINE('',#1829,#393);
#268=LINE('',#1831,#394);
#269=LINE('',#1832,#395);
#270=LINE('',#1837,#396);
#271=LINE('',#1902,#397);
#272=LINE('',#1924,#398);
#273=LINE('',#1930,#399);
#274=LINE('',#1934,#400);
#275=LINE('',#1936,#401);
#276=LINE('',#1938,#402);
#277=LINE('',#1939,#403);
#278=LINE('',#1944,#404);
#279=LINE('',#2009,#405);
#280=LINE('',#2031,#406);
#281=LINE('',#2037,#407);
#282=LINE('',#2040,#408);
#283=LINE('',#2043,#409);
#284=LINE('',#2045,#410);
#285=LINE('',#2046,#411);
#286=LINE('',#2053,#412);
#287=LINE('',#2055,#413);
#288=LINE('',#2057,#414);
#289=LINE('',#2058,#415);
#290=LINE('',#2063,#416);
#291=LINE('',#2067,#417);
#292=LINE('',#2069,#418);
#293=LINE('',#2070,#419);
#294=LINE('',#2075,#420);
#295=LINE('',#2082,#421);
#296=LINE('',#2084,#422);
#297=LINE('',#2086,#423);
#298=LINE('',#2089,#424);
#299=LINE('',#2090,#425);
#300=LINE('',#2092,#426);
#301=LINE('',#2093,#427);
#302=LINE('',#2095,#428);
#303=LINE('',#2096,#429);
#304=LINE('',#2098,#430);
#305=LINE('',#2099,#431);
#306=LINE('',#2103,#432);
#307=LINE('',#2104,#433);
#308=LINE('',#2105,#434);
#309=LINE('',#2106,#435);
#310=LINE('',#2109,#436);
#311=LINE('',#2110,#437);
#312=LINE('',#2111,#438);
#313=LINE('',#2112,#439);
#314=LINE('',#2115,#440);
#315=LINE('',#2116,#441);
#316=LINE('',#2117,#442);
#317=LINE('',#2119,#443);
#318=LINE('',#2120,#444);
#319=LINE('',#2121,#445);
#320=LINE('',#2125,#446);
#321=LINE('',#2127,#447);
#322=LINE('',#2128,#448);
#323=LINE('',#2132,#449);
#324=LINE('',#2134,#450);
#325=LINE('',#2135,#451);
#326=LINE('',#2139,#452);
#327=LINE('',#2141,#453);
#328=LINE('',#2142,#454);
#329=LINE('',#2146,#455);
#330=LINE('',#2148,#456);
#331=LINE('',#2149,#457);
#332=LINE('',#2151,#458);
#333=LINE('',#2152,#459);
#334=LINE('',#2156,#460);
#335=LINE('',#2158,#461);
#336=LINE('',#2159,#462);
#337=LINE('',#2161,#463);
#338=LINE('',#2162,#464);
#339=LINE('',#2164,#465);
#340=LINE('',#2165,#466);
#341=LINE('',#2169,#467);
#342=LINE('',#2171,#468);
#343=LINE('',#2172,#469);
#344=LINE('',#2174,#470);
#345=LINE('',#2175,#471);
#346=LINE('',#2179,#472);
#347=LINE('',#2181,#473);
#348=LINE('',#2182,#474);
#349=LINE('',#2184,#475);
#350=LINE('',#2185,#476);
#351=LINE('',#2187,#477);
#352=LINE('',#2188,#478);
#353=LINE('',#2192,#479);
#354=LINE('',#2194,#480);
#355=LINE('',#2195,#481);
#356=LINE('',#2197,#482);
#357=LINE('',#2198,#483);
#358=LINE('',#2200,#484);
#359=LINE('',#2201,#485);
#360=LINE('',#2203,#486);
#361=LINE('',#2204,#487);
#362=LINE('',#2206,#488);
#363=LINE('',#2207,#489);
#364=LINE('',#2209,#490);
#365=LINE('',#2210,#491);
#366=LINE('',#2212,#492);
#367=LINE('',#2213,#493);
#368=VECTOR('',#1382,0.999999999999996);
#369=VECTOR('',#1389,0.999999999999996);
#370=VECTOR('',#1396,0.999999999999996);
#371=VECTOR('',#1403,0.999999999999996);
#372=VECTOR('',#1410,1.);
#373=VECTOR('',#1417,1.);
#374=VECTOR('',#1424,0.999999999999996);
#375=VECTOR('',#1431,0.999999999999996);
#376=VECTOR('',#1438,2.5);
#377=VECTOR('',#1445,2.5);
#378=VECTOR('',#1452,10.);
#379=VECTOR('',#1455,10.);
#380=VECTOR('',#1458,10.);
#381=VECTOR('',#1459,10.);
#382=VECTOR('',#1460,10.);
#383=VECTOR('',#1465,10.);
#384=VECTOR('',#1470,10.);
#385=VECTOR('',#1471,10.);
#386=VECTOR('',#1472,10.);
#387=VECTOR('',#1477,10.);
#388=VECTOR('',#1482,10.);
#389=VECTOR('',#1483,10.);
#390=VECTOR('',#1484,10.);
#391=VECTOR('',#1485,10.);
#392=VECTOR('',#1490,10.);
#393=VECTOR('',#1495,10.);
#394=VECTOR('',#1496,10.);
#395=VECTOR('',#1497,10.);
#396=VECTOR('',#1502,10.);
#397=VECTOR('',#1505,10.);
#398=VECTOR('',#1506,10.);
#399=VECTOR('',#1513,10.);
#400=VECTOR('',#1516,10.);
#401=VECTOR('',#1517,10.);
#402=VECTOR('',#1518,10.);
#403=VECTOR('',#1519,10.);
#404=VECTOR('',#1524,10.);
#405=VECTOR('',#1527,10.);
#406=VECTOR('',#1528,10.);
#407=VECTOR('',#1533,10.);
#408=VECTOR('',#1536,10.);
#409=VECTOR('',#1539,10.);
#410=VECTOR('',#1540,10.);
#411=VECTOR('',#1541,10.);
#412=VECTOR('',#1550,10.);
#413=VECTOR('',#1551,10.);
#414=VECTOR('',#1552,10.);
#415=VECTOR('',#1553,10.);
#416=VECTOR('',#1558,10.);
#417=VECTOR('',#1563,10.);
#418=VECTOR('',#1564,10.);
#419=VECTOR('',#1565,10.);
#420=VECTOR('',#1570,10.);
#421=VECTOR('',#1579,10.);
#422=VECTOR('',#1582,10.);
#423=VECTOR('',#1585,10.);
#424=VECTOR('',#1588,10.);
#425=VECTOR('',#1589,10.);
#426=VECTOR('',#1590,10.);
#427=VECTOR('',#1591,10.);
#428=VECTOR('',#1592,10.);
#429=VECTOR('',#1593,10.);
#430=VECTOR('',#1594,10.);
#431=VECTOR('',#1595,10.);
#432=VECTOR('',#1598,10.);
#433=VECTOR('',#1599,10.);
#434=VECTOR('',#1600,10.);
#435=VECTOR('',#1601,10.);
#436=VECTOR('',#1604,10.);
#437=VECTOR('',#1605,10.);
#438=VECTOR('',#1606,10.);
#439=VECTOR('',#1607,10.);
#440=VECTOR('',#1610,10.);
#441=VECTOR('',#1611,10.);
#442=VECTOR('',#1612,10.);
#443=VECTOR('',#1615,10.);
#444=VECTOR('',#1616,10.);
#445=VECTOR('',#1617,10.);
#446=VECTOR('',#1620,10.);
#447=VECTOR('',#1621,10.);
#448=VECTOR('',#1622,10.);
#449=VECTOR('',#1625,10.);
#450=VECTOR('',#1626,10.);
#451=VECTOR('',#1627,10.);
#452=VECTOR('',#1630,10.);
#453=VECTOR('',#1631,10.);
#454=VECTOR('',#1632,10.);
#455=VECTOR('',#1635,10.);
#456=VECTOR('',#1636,10.);
#457=VECTOR('',#1637,10.);
#458=VECTOR('',#1640,10.);
#459=VECTOR('',#1641,10.);
#460=VECTOR('',#1644,10.);
#461=VECTOR('',#1645,10.);
#462=VECTOR('',#1646,10.);
#463=VECTOR('',#1649,10.);
#464=VECTOR('',#1650,10.);
#465=VECTOR('',#1653,10.);
#466=VECTOR('',#1654,10.);
#467=VECTOR('',#1657,10.);
#468=VECTOR('',#1658,10.);
#469=VECTOR('',#1659,10.);
#470=VECTOR('',#1662,10.);
#471=VECTOR('',#1663,10.);
#472=VECTOR('',#1666,10.);
#473=VECTOR('',#1667,10.);
#474=VECTOR('',#1668,10.);
#475=VECTOR('',#1671,10.);
#476=VECTOR('',#1672,10.);
#477=VECTOR('',#1675,10.);
#478=VECTOR('',#1676,10.);
#479=VECTOR('',#1679,10.);
#480=VECTOR('',#1680,10.);
#481=VECTOR('',#1681,10.);
#482=VECTOR('',#1684,10.);
#483=VECTOR('',#1685,10.);
#484=VECTOR('',#1688,10.);
#485=VECTOR('',#1689,10.);
#486=VECTOR('',#1692,10.);
#487=VECTOR('',#1693,10.);
#488=VECTOR('',#1696,10.);
#489=VECTOR('',#1697,10.);
#490=VECTOR('',#1700,10.);
#491=VECTOR('',#1701,10.);
#492=VECTOR('',#1704,10.);
#493=VECTOR('',#1705,10.);
#494=CIRCLE('',#1270,0.999999999999996);
#495=CIRCLE('',#1271,0.999999999999996);
#496=CIRCLE('',#1273,0.999999999999996);
#497=CIRCLE('',#1274,0.999999999999996);
#498=CIRCLE('',#1276,0.999999999999996);
#499=CIRCLE('',#1277,0.999999999999996);
#500=CIRCLE('',#1279,0.999999999999996);
#501=CIRCLE('',#1280,0.999999999999996);
#502=CIRCLE('',#1282,1.);
#503=CIRCLE('',#1283,1.);
#504=CIRCLE('',#1285,1.);
#505=CIRCLE('',#1286,1.);
#506=CIRCLE('',#1288,0.999999999999996);
#507=CIRCLE('',#1289,0.999999999999996);
#508=CIRCLE('',#1291,0.999999999999996);
#509=CIRCLE('',#1292,0.999999999999996);
#510=CIRCLE('',#1294,2.5);
#511=CIRCLE('',#1295,2.5);
#512=CIRCLE('',#1297,2.5);
#513=CIRCLE('',#1298,2.5);
#514=CIRCLE('',#1300,7.);
#515=CIRCLE('',#1301,7.);
#516=CIRCLE('',#1304,12.);
#517=CIRCLE('',#1305,12.);
#518=CIRCLE('',#1308,7.00000000000001);
#519=CIRCLE('',#1309,7.00000000000001);
#520=CIRCLE('',#1312,12.);
#521=CIRCLE('',#1313,12.);
#522=CIRCLE('',#1316,6.99999999999999);
#523=CIRCLE('',#1317,6.99999999999999);
#524=CIRCLE('',#1319,6.99999999999999);
#525=CIRCLE('',#1320,6.99999999999999);
#526=CIRCLE('',#1323,6.99999999999999);
#527=CIRCLE('',#1324,6.99999999999999);
#528=CIRCLE('',#1326,6.99999999999999);
#529=CIRCLE('',#1327,6.99999999999999);
#530=CIRCLE('',#1330,12.);
#531=CIRCLE('',#1331,12.);
#532=CIRCLE('',#1334,12.);
#533=CIRCLE('',#1335,12.);
#534=CIRCLE('',#1338,7.00000000000001);
#535=CIRCLE('',#1339,7.00000000000001);
#536=CIRCLE('',#1341,6.99999999999999);
#537=CIRCLE('',#1342,6.99999999999999);
#538=VERTEX_POINT('',#1720);
#539=VERTEX_POINT('',#1722);
#540=VERTEX_POINT('',#1726);
#541=VERTEX_POINT('',#1728);
#542=VERTEX_POINT('',#1732);
#543=VERTEX_POINT('',#1734);
#544=VERTEX_POINT('',#1738);
#545=VERTEX_POINT('',#1740);
#546=VERTEX_POINT('',#1744);
#547=VERTEX_POINT('',#1746);
#548=VERTEX_POINT('',#1750);
#549=VERTEX_POINT('',#1752);
#550=VERTEX_POINT('',#1756);
#551=VERTEX_POINT('',#1758);
#552=VERTEX_POINT('',#1762);
#553=VERTEX_POINT('',#1764);
#554=VERTEX_POINT('',#1768);
#555=VERTEX_POINT('',#1770);
#556=VERTEX_POINT('',#1774);
#557=VERTEX_POINT('',#1776);
#558=VERTEX_POINT('',#1780);
#559=VERTEX_POINT('',#1781);
#560=VERTEX_POINT('',#1783);
#561=VERTEX_POINT('',#1785);
#562=VERTEX_POINT('',#1789);
#563=VERTEX_POINT('',#1791);
#564=VERTEX_POINT('',#1795);
#565=VERTEX_POINT('',#1797);
#566=VERTEX_POINT('',#1801);
#567=VERTEX_POINT('',#1803);
#568=VERTEX_POINT('',#1807);
#569=VERTEX_POINT('',#1809);
#570=VERTEX_POINT('',#1813);
#571=VERTEX_POINT('',#1814);
#572=VERTEX_POINT('',#1816);
#573=VERTEX_POINT('',#1818);
#574=VERTEX_POINT('',#1822);
#575=VERTEX_POINT('',#1824);
#576=VERTEX_POINT('',#1828);
#577=VERTEX_POINT('',#1830);
#578=VERTEX_POINT('',#1834);
#579=VERTEX_POINT('',#1836);
#580=VERTEX_POINT('',#1879);
#581=VERTEX_POINT('',#1880);
#582=VERTEX_POINT('',#1901);
#583=VERTEX_POINT('',#1903);
#584=VERTEX_POINT('',#1926);
#585=VERTEX_POINT('',#1928);
#586=VERTEX_POINT('',#1932);
#587=VERTEX_POINT('',#1933);
#588=VERTEX_POINT('',#1935);
#589=VERTEX_POINT('',#1937);
#590=VERTEX_POINT('',#1941);
#591=VERTEX_POINT('',#1943);
#592=VERTEX_POINT('',#1986);
#593=VERTEX_POINT('',#1987);
#594=VERTEX_POINT('',#2008);
#595=VERTEX_POINT('',#2010);
#596=VERTEX_POINT('',#2033);
#597=VERTEX_POINT('',#2034);
#598=VERTEX_POINT('',#2036);
#599=VERTEX_POINT('',#2038);
#600=VERTEX_POINT('',#2042);
#601=VERTEX_POINT('',#2044);
#602=VERTEX_POINT('',#2051);
#603=VERTEX_POINT('',#2052);
#604=VERTEX_POINT('',#2054);
#605=VERTEX_POINT('',#2056);
#606=VERTEX_POINT('',#2060);
#607=VERTEX_POINT('',#2062);
#608=VERTEX_POINT('',#2066);
#609=VERTEX_POINT('',#2068);
#610=VERTEX_POINT('',#2072);
#611=VERTEX_POINT('',#2074);
#612=VERTEX_POINT('',#2078);
#613=VERTEX_POINT('',#2080);
#614=VERTEX_POINT('',#2088);
#615=VERTEX_POINT('',#2091);
#616=VERTEX_POINT('',#2094);
#617=VERTEX_POINT('',#2097);
#618=VERTEX_POINT('',#2101);
#619=VERTEX_POINT('',#2102);
#620=VERTEX_POINT('',#2108);
#621=VERTEX_POINT('',#2114);
#622=VERTEX_POINT('',#2123);
#623=VERTEX_POINT('',#2124);
#624=VERTEX_POINT('',#2126);
#625=VERTEX_POINT('',#2130);
#626=VERTEX_POINT('',#2131);
#627=VERTEX_POINT('',#2133);
#628=VERTEX_POINT('',#2137);
#629=VERTEX_POINT('',#2138);
#630=VERTEX_POINT('',#2140);
#631=VERTEX_POINT('',#2144);
#632=VERTEX_POINT('',#2145);
#633=VERTEX_POINT('',#2147);
#634=VERTEX_POINT('',#2154);
#635=VERTEX_POINT('',#2155);
#636=VERTEX_POINT('',#2157);
#637=VERTEX_POINT('',#2167);
#638=VERTEX_POINT('',#2168);
#639=VERTEX_POINT('',#2170);
#640=VERTEX_POINT('',#2177);
#641=VERTEX_POINT('',#2178);
#642=VERTEX_POINT('',#2180);
#643=VERTEX_POINT('',#2190);
#644=VERTEX_POINT('',#2191);
#645=VERTEX_POINT('',#2193);
#646=EDGE_CURVE('',#538,#538,#494,.T.);
#647=EDGE_CURVE('',#538,#539,#242,.T.);
#648=EDGE_CURVE('',#539,#539,#495,.T.);
#649=EDGE_CURVE('',#540,#540,#496,.T.);
#650=EDGE_CURVE('',#540,#541,#243,.T.);
#651=EDGE_CURVE('',#541,#541,#497,.T.);
#652=EDGE_CURVE('',#542,#542,#498,.T.);
#653=EDGE_CURVE('',#542,#543,#244,.T.);
#654=EDGE_CURVE('',#543,#543,#499,.T.);
#655=EDGE_CURVE('',#544,#544,#500,.T.);
#656=EDGE_CURVE('',#544,#545,#245,.T.);
#657=EDGE_CURVE('',#545,#545,#501,.T.);
#658=EDGE_CURVE('',#546,#546,#502,.T.);
#659=EDGE_CURVE('',#546,#547,#246,.T.);
#660=EDGE_CURVE('',#547,#547,#503,.T.);
#661=EDGE_CURVE('',#548,#548,#504,.T.);
#662=EDGE_CURVE('',#548,#549,#247,.T.);
#663=EDGE_CURVE('',#549,#549,#505,.T.);
#664=EDGE_CURVE('',#550,#550,#506,.T.);
#665=EDGE_CURVE('',#550,#551,#248,.T.);
#666=EDGE_CURVE('',#551,#551,#507,.T.);
#667=EDGE_CURVE('',#552,#552,#508,.T.);
#668=EDGE_CURVE('',#552,#553,#249,.T.);
#669=EDGE_CURVE('',#553,#553,#509,.T.);
#670=EDGE_CURVE('',#554,#554,#510,.T.);
#671=EDGE_CURVE('',#554,#555,#250,.T.);
#672=EDGE_CURVE('',#555,#555,#511,.T.);
#673=EDGE_CURVE('',#556,#556,#512,.T.);
#674=EDGE_CURVE('',#556,#557,#251,.T.);
#675=EDGE_CURVE('',#557,#557,#513,.T.);
#676=EDGE_CURVE('',#558,#559,#514,.T.);
#677=EDGE_CURVE('',#558,#560,#252,.T.);
#678=EDGE_CURVE('',#561,#560,#515,.T.);
#679=EDGE_CURVE('',#559,#561,#253,.T.);
#680=EDGE_CURVE('',#562,#558,#254,.T.);
#681=EDGE_CURVE('',#562,#563,#255,.T.);
#682=EDGE_CURVE('',#560,#563,#256,.T.);
#683=EDGE_CURVE('',#564,#562,#516,.T.);
#684=EDGE_CURVE('',#564,#565,#257,.T.);
#685=EDGE_CURVE('',#563,#565,#517,.T.);
#686=EDGE_CURVE('',#566,#564,#258,.T.);
#687=EDGE_CURVE('',#566,#567,#259,.T.);
#688=EDGE_CURVE('',#565,#567,#260,.T.);
#689=EDGE_CURVE('',#568,#566,#518,.T.);
#690=EDGE_CURVE('',#568,#569,#261,.T.);
#691=EDGE_CURVE('',#567,#569,#519,.T.);
#692=EDGE_CURVE('',#570,#571,#262,.T.);
#693=EDGE_CURVE('',#570,#572,#263,.T.);
#694=EDGE_CURVE('',#573,#572,#264,.T.);
#695=EDGE_CURVE('',#571,#573,#265,.T.);
#696=EDGE_CURVE('',#574,#570,#520,.T.);
#697=EDGE_CURVE('',#574,#575,#266,.T.);
#698=EDGE_CURVE('',#572,#575,#521,.T.);
#699=EDGE_CURVE('',#576,#574,#267,.T.);
#700=EDGE_CURVE('',#576,#577,#268,.T.);
#701=EDGE_CURVE('',#575,#577,#269,.T.);
#702=EDGE_CURVE('',#578,#576,#522,.T.);
#703=EDGE_CURVE('',#578,#579,#270,.T.);
#704=EDGE_CURVE('',#577,#579,#523,.T.);
#705=EDGE_CURVE('',#580,#581,#40,.T.);
#706=EDGE_CURVE('',#580,#582,#271,.T.);
#707=EDGE_CURVE('',#583,#582,#41,.T.);
#708=EDGE_CURVE('',#581,#583,#272,.T.);
#709=EDGE_CURVE('',#571,#584,#524,.T.);
#710=EDGE_CURVE('',#585,#573,#525,.T.);
#711=EDGE_CURVE('',#584,#585,#273,.T.);
#712=EDGE_CURVE('',#586,#587,#274,.T.);
#713=EDGE_CURVE('',#586,#588,#275,.T.);
#714=EDGE_CURVE('',#589,#588,#276,.T.);
#715=EDGE_CURVE('',#587,#589,#277,.T.);
#716=EDGE_CURVE('',#590,#586,#526,.T.);
#717=EDGE_CURVE('',#590,#591,#278,.T.);
#718=EDGE_CURVE('',#588,#591,#527,.T.);
#719=EDGE_CURVE('',#592,#593,#42,.T.);
#720=EDGE_CURVE('',#592,#594,#279,.T.);
#721=EDGE_CURVE('',#595,#594,#43,.T.);
#722=EDGE_CURVE('',#593,#595,#280,.T.);
#723=EDGE_CURVE('',#596,#597,#528,.T.);
#724=EDGE_CURVE('',#596,#598,#281,.T.);
#725=EDGE_CURVE('',#599,#598,#529,.T.);
#726=EDGE_CURVE('',#597,#599,#282,.T.);
#727=EDGE_CURVE('',#600,#596,#283,.T.);
#728=EDGE_CURVE('',#600,#601,#284,.T.);
#729=EDGE_CURVE('',#598,#601,#285,.T.);
#730=EDGE_CURVE('',#587,#600,#530,.T.);
#731=EDGE_CURVE('',#601,#589,#531,.T.);
#732=EDGE_CURVE('',#602,#603,#286,.T.);
#733=EDGE_CURVE('',#602,#604,#287,.T.);
#734=EDGE_CURVE('',#605,#604,#288,.T.);
#735=EDGE_CURVE('',#603,#605,#289,.T.);
#736=EDGE_CURVE('',#606,#602,#532,.T.);
#737=EDGE_CURVE('',#606,#607,#290,.T.);
#738=EDGE_CURVE('',#604,#607,#533,.T.);
#739=EDGE_CURVE('',#608,#606,#291,.T.);
#740=EDGE_CURVE('',#608,#609,#292,.T.);
#741=EDGE_CURVE('',#607,#609,#293,.T.);
#742=EDGE_CURVE('',#610,#608,#534,.T.);
#743=EDGE_CURVE('',#610,#611,#294,.T.);
#744=EDGE_CURVE('',#609,#611,#535,.T.);
#745=EDGE_CURVE('',#603,#612,#536,.T.);
#746=EDGE_CURVE('',#613,#605,#537,.T.);
#747=EDGE_CURVE('',#612,#613,#295,.T.);
#748=EDGE_CURVE('',#592,#593,#296,.T.);
#749=EDGE_CURVE('',#580,#581,#297,.T.);
#750=EDGE_CURVE('',#614,#559,#298,.T.);
#751=EDGE_CURVE('',#590,#614,#299,.T.);
#752=EDGE_CURVE('',#615,#597,#300,.T.);
#753=EDGE_CURVE('',#610,#615,#301,.T.);
#754=EDGE_CURVE('',#616,#612,#302,.T.);
#755=EDGE_CURVE('',#578,#616,#303,.T.);
#756=EDGE_CURVE('',#617,#584,#304,.T.);
#757=EDGE_CURVE('',#568,#617,#305,.T.);
#758=EDGE_CURVE('',#618,#619,#306,.T.);
#759=EDGE_CURVE('',#618,#614,#307,.T.);
#760=EDGE_CURVE('',#569,#561,#308,.T.);
#761=EDGE_CURVE('',#619,#617,#309,.T.);
#762=EDGE_CURVE('',#620,#618,#310,.T.);
#763=EDGE_CURVE('',#620,#615,#311,.T.);
#764=EDGE_CURVE('',#594,#599,#312,.T.);
#765=EDGE_CURVE('',#591,#595,#313,.T.);
#766=EDGE_CURVE('',#621,#620,#314,.T.);
#767=EDGE_CURVE('',#621,#616,#315,.T.);
#768=EDGE_CURVE('',#611,#613,#316,.T.);
#769=EDGE_CURVE('',#619,#621,#317,.T.);
#770=EDGE_CURVE('',#582,#585,#318,.T.);
#771=EDGE_CURVE('',#579,#583,#319,.T.);
#772=EDGE_CURVE('',#622,#623,#320,.T.);
#773=EDGE_CURVE('',#624,#622,#321,.T.);
#774=EDGE_CURVE('',#623,#624,#322,.T.);
#775=EDGE_CURVE('',#625,#626,#323,.T.);
#776=EDGE_CURVE('',#627,#625,#324,.T.);
#777=EDGE_CURVE('',#626,#627,#325,.T.);
#778=EDGE_CURVE('',#628,#629,#326,.T.);
#779=EDGE_CURVE('',#630,#628,#327,.T.);
#780=EDGE_CURVE('',#629,#630,#328,.T.);
#781=EDGE_CURVE('',#631,#632,#329,.T.);
#782=EDGE_CURVE('',#633,#631,#330,.T.);
#783=EDGE_CURVE('',#632,#633,#331,.T.);
#784=EDGE_CURVE('',#631,#622,#332,.T.);
#785=EDGE_CURVE('',#623,#633,#333,.T.);
#786=EDGE_CURVE('',#634,#635,#334,.T.);
#787=EDGE_CURVE('',#636,#634,#335,.T.);
#788=EDGE_CURVE('',#635,#636,#336,.T.);
#789=EDGE_CURVE('',#634,#627,#337,.T.);
#790=EDGE_CURVE('',#625,#636,#338,.T.);
#791=EDGE_CURVE('',#628,#635,#339,.T.);
#792=EDGE_CURVE('',#636,#630,#340,.T.);
#793=EDGE_CURVE('',#637,#638,#341,.T.);
#794=EDGE_CURVE('',#639,#637,#342,.T.);
#795=EDGE_CURVE('',#638,#639,#343,.T.);
#796=EDGE_CURVE('',#637,#626,#344,.T.);
#797=EDGE_CURVE('',#627,#639,#345,.T.);
#798=EDGE_CURVE('',#640,#641,#346,.T.);
#799=EDGE_CURVE('',#642,#640,#347,.T.);
#800=EDGE_CURVE('',#641,#642,#348,.T.);
#801=EDGE_CURVE('',#640,#628,#349,.T.);
#802=EDGE_CURVE('',#629,#642,#350,.T.);
#803=EDGE_CURVE('',#632,#641,#351,.T.);
#804=EDGE_CURVE('',#642,#631,#352,.T.);
#805=EDGE_CURVE('',#643,#644,#353,.T.);
#806=EDGE_CURVE('',#645,#643,#354,.T.);
#807=EDGE_CURVE('',#644,#645,#355,.T.);
#808=EDGE_CURVE('',#643,#634,#356,.T.);
#809=EDGE_CURVE('',#635,#645,#357,.T.);
#810=EDGE_CURVE('',#641,#644,#358,.T.);
#811=EDGE_CURVE('',#645,#640,#359,.T.);
#812=EDGE_CURVE('',#644,#638,#360,.T.);
#813=EDGE_CURVE('',#639,#643,#361,.T.);
#814=EDGE_CURVE('',#638,#632,#362,.T.);
#815=EDGE_CURVE('',#633,#637,#363,.T.);
#816=EDGE_CURVE('',#622,#629,#364,.T.);
#817=EDGE_CURVE('',#630,#624,#365,.T.);
#818=EDGE_CURVE('',#626,#623,#366,.T.);
#819=EDGE_CURVE('',#624,#625,#367,.T.);
#820=ORIENTED_EDGE('',*,*,#646,.F.);
#821=ORIENTED_EDGE('',*,*,#647,.T.);
#822=ORIENTED_EDGE('',*,*,#648,.F.);
#823=ORIENTED_EDGE('',*,*,#647,.F.);
#824=ORIENTED_EDGE('',*,*,#649,.F.);
#825=ORIENTED_EDGE('',*,*,#650,.T.);
#826=ORIENTED_EDGE('',*,*,#651,.F.);
#827=ORIENTED_EDGE('',*,*,#650,.F.);
#828=ORIENTED_EDGE('',*,*,#652,.F.);
#829=ORIENTED_EDGE('',*,*,#653,.T.);
#830=ORIENTED_EDGE('',*,*,#654,.F.);
#831=ORIENTED_EDGE('',*,*,#653,.F.);
#832=ORIENTED_EDGE('',*,*,#655,.F.);
#833=ORIENTED_EDGE('',*,*,#656,.T.);
#834=ORIENTED_EDGE('',*,*,#657,.F.);
#835=ORIENTED_EDGE('',*,*,#656,.F.);
#836=ORIENTED_EDGE('',*,*,#658,.F.);
#837=ORIENTED_EDGE('',*,*,#659,.T.);
#838=ORIENTED_EDGE('',*,*,#660,.F.);
#839=ORIENTED_EDGE('',*,*,#659,.F.);
#840=ORIENTED_EDGE('',*,*,#661,.F.);
#841=ORIENTED_EDGE('',*,*,#662,.T.);
#842=ORIENTED_EDGE('',*,*,#663,.F.);
#843=ORIENTED_EDGE('',*,*,#662,.F.);
#844=ORIENTED_EDGE('',*,*,#664,.F.);
#845=ORIENTED_EDGE('',*,*,#665,.T.);
#846=ORIENTED_EDGE('',*,*,#666,.F.);
#847=ORIENTED_EDGE('',*,*,#665,.F.);
#848=ORIENTED_EDGE('',*,*,#667,.F.);
#849=ORIENTED_EDGE('',*,*,#668,.T.);
#850=ORIENTED_EDGE('',*,*,#669,.F.);
#851=ORIENTED_EDGE('',*,*,#668,.F.);
#852=ORIENTED_EDGE('',*,*,#670,.F.);
#853=ORIENTED_EDGE('',*,*,#671,.T.);
#854=ORIENTED_EDGE('',*,*,#672,.F.);
#855=ORIENTED_EDGE('',*,*,#671,.F.);
#856=ORIENTED_EDGE('',*,*,#673,.F.);
#857=ORIENTED_EDGE('',*,*,#674,.T.);
#858=ORIENTED_EDGE('',*,*,#675,.F.);
#859=ORIENTED_EDGE('',*,*,#674,.F.);
#860=ORIENTED_EDGE('',*,*,#676,.F.);
#861=ORIENTED_EDGE('',*,*,#677,.T.);
#862=ORIENTED_EDGE('',*,*,#678,.F.);
#863=ORIENTED_EDGE('',*,*,#679,.F.);
#864=ORIENTED_EDGE('',*,*,#680,.F.);
#865=ORIENTED_EDGE('',*,*,#681,.T.);
#866=ORIENTED_EDGE('',*,*,#682,.F.);
#867=ORIENTED_EDGE('',*,*,#677,.F.);
#868=ORIENTED_EDGE('',*,*,#683,.F.);
#869=ORIENTED_EDGE('',*,*,#684,.T.);
#870=ORIENTED_EDGE('',*,*,#685,.F.);
#871=ORIENTED_EDGE('',*,*,#681,.F.);
#872=ORIENTED_EDGE('',*,*,#686,.F.);
#873=ORIENTED_EDGE('',*,*,#687,.T.);
#874=ORIENTED_EDGE('',*,*,#688,.F.);
#875=ORIENTED_EDGE('',*,*,#684,.F.);
#876=ORIENTED_EDGE('',*,*,#689,.F.);
#877=ORIENTED_EDGE('',*,*,#690,.T.);
#878=ORIENTED_EDGE('',*,*,#691,.F.);
#879=ORIENTED_EDGE('',*,*,#687,.F.);
#880=ORIENTED_EDGE('',*,*,#692,.F.);
#881=ORIENTED_EDGE('',*,*,#693,.T.);
#882=ORIENTED_EDGE('',*,*,#694,.F.);
#883=ORIENTED_EDGE('',*,*,#695,.F.);
#884=ORIENTED_EDGE('',*,*,#696,.F.);
#885=ORIENTED_EDGE('',*,*,#697,.T.);
#886=ORIENTED_EDGE('',*,*,#698,.F.);
#887=ORIENTED_EDGE('',*,*,#693,.F.);
#888=ORIENTED_EDGE('',*,*,#699,.F.);
#889=ORIENTED_EDGE('',*,*,#700,.T.);
#890=ORIENTED_EDGE('',*,*,#701,.F.);
#891=ORIENTED_EDGE('',*,*,#697,.F.);
#892=ORIENTED_EDGE('',*,*,#702,.F.);
#893=ORIENTED_EDGE('',*,*,#703,.T.);
#894=ORIENTED_EDGE('',*,*,#704,.F.);
#895=ORIENTED_EDGE('',*,*,#700,.F.);
#896=ORIENTED_EDGE('',*,*,#705,.F.);
#897=ORIENTED_EDGE('',*,*,#706,.T.);
#898=ORIENTED_EDGE('',*,*,#707,.F.);
#899=ORIENTED_EDGE('',*,*,#708,.F.);
#900=ORIENTED_EDGE('',*,*,#709,.F.);
#901=ORIENTED_EDGE('',*,*,#695,.T.);
#902=ORIENTED_EDGE('',*,*,#710,.F.);
#903=ORIENTED_EDGE('',*,*,#711,.F.);
#904=ORIENTED_EDGE('',*,*,#712,.F.);
#905=ORIENTED_EDGE('',*,*,#713,.T.);
#906=ORIENTED_EDGE('',*,*,#714,.F.);
#907=ORIENTED_EDGE('',*,*,#715,.F.);
#908=ORIENTED_EDGE('',*,*,#716,.F.);
#909=ORIENTED_EDGE('',*,*,#717,.T.);
#910=ORIENTED_EDGE('',*,*,#718,.F.);
#911=ORIENTED_EDGE('',*,*,#713,.F.);
#912=ORIENTED_EDGE('',*,*,#719,.F.);
#913=ORIENTED_EDGE('',*,*,#720,.T.);
#914=ORIENTED_EDGE('',*,*,#721,.F.);
#915=ORIENTED_EDGE('',*,*,#722,.F.);
#916=ORIENTED_EDGE('',*,*,#723,.F.);
#917=ORIENTED_EDGE('',*,*,#724,.T.);
#918=ORIENTED_EDGE('',*,*,#725,.F.);
#919=ORIENTED_EDGE('',*,*,#726,.F.);
#920=ORIENTED_EDGE('',*,*,#727,.F.);
#921=ORIENTED_EDGE('',*,*,#728,.T.);
#922=ORIENTED_EDGE('',*,*,#729,.F.);
#923=ORIENTED_EDGE('',*,*,#724,.F.);
#924=ORIENTED_EDGE('',*,*,#730,.F.);
#925=ORIENTED_EDGE('',*,*,#715,.T.);
#926=ORIENTED_EDGE('',*,*,#731,.F.);
#927=ORIENTED_EDGE('',*,*,#728,.F.);
#928=ORIENTED_EDGE('',*,*,#732,.F.);
#929=ORIENTED_EDGE('',*,*,#733,.T.);
#930=ORIENTED_EDGE('',*,*,#734,.F.);
#931=ORIENTED_EDGE('',*,*,#735,.F.);
#932=ORIENTED_EDGE('',*,*,#736,.F.);
#933=ORIENTED_EDGE('',*,*,#737,.T.);
#934=ORIENTED_EDGE('',*,*,#738,.F.);
#935=ORIENTED_EDGE('',*,*,#733,.F.);
#936=ORIENTED_EDGE('',*,*,#739,.F.);
#937=ORIENTED_EDGE('',*,*,#740,.T.);
#938=ORIENTED_EDGE('',*,*,#741,.F.);
#939=ORIENTED_EDGE('',*,*,#737,.F.);
#940=ORIENTED_EDGE('',*,*,#742,.F.);
#941=ORIENTED_EDGE('',*,*,#743,.T.);
#942=ORIENTED_EDGE('',*,*,#744,.F.);
#943=ORIENTED_EDGE('',*,*,#740,.F.);
#944=ORIENTED_EDGE('',*,*,#745,.F.);
#945=ORIENTED_EDGE('',*,*,#735,.T.);
#946=ORIENTED_EDGE('',*,*,#746,.F.);
#947=ORIENTED_EDGE('',*,*,#747,.F.);
#948=ORIENTED_EDGE('',*,*,#719,.T.);
#949=ORIENTED_EDGE('',*,*,#748,.F.);
#950=ORIENTED_EDGE('',*,*,#705,.T.);
#951=ORIENTED_EDGE('',*,*,#749,.F.);
#952=ORIENTED_EDGE('',*,*,#689,.T.);
#953=ORIENTED_EDGE('',*,*,#686,.T.);
#954=ORIENTED_EDGE('',*,*,#683,.T.);
#955=ORIENTED_EDGE('',*,*,#680,.T.);
#956=ORIENTED_EDGE('',*,*,#676,.T.);
#957=ORIENTED_EDGE('',*,*,#750,.F.);
#958=ORIENTED_EDGE('',*,*,#751,.F.);
#959=ORIENTED_EDGE('',*,*,#716,.T.);
#960=ORIENTED_EDGE('',*,*,#712,.T.);
#961=ORIENTED_EDGE('',*,*,#730,.T.);
#962=ORIENTED_EDGE('',*,*,#727,.T.);
#963=ORIENTED_EDGE('',*,*,#723,.T.);
#964=ORIENTED_EDGE('',*,*,#752,.F.);
#965=ORIENTED_EDGE('',*,*,#753,.F.);
#966=ORIENTED_EDGE('',*,*,#742,.T.);
#967=ORIENTED_EDGE('',*,*,#739,.T.);
#968=ORIENTED_EDGE('',*,*,#736,.T.);
#969=ORIENTED_EDGE('',*,*,#732,.T.);
#970=ORIENTED_EDGE('',*,*,#745,.T.);
#971=ORIENTED_EDGE('',*,*,#754,.F.);
#972=ORIENTED_EDGE('',*,*,#755,.F.);
#973=ORIENTED_EDGE('',*,*,#702,.T.);
#974=ORIENTED_EDGE('',*,*,#699,.T.);
#975=ORIENTED_EDGE('',*,*,#696,.T.);
#976=ORIENTED_EDGE('',*,*,#692,.T.);
#977=ORIENTED_EDGE('',*,*,#709,.T.);
#978=ORIENTED_EDGE('',*,*,#756,.F.);
#979=ORIENTED_EDGE('',*,*,#757,.F.);
#980=ORIENTED_EDGE('',*,*,#658,.T.);
#981=ORIENTED_EDGE('',*,*,#661,.T.);
#982=ORIENTED_EDGE('',*,*,#664,.T.);
#983=ORIENTED_EDGE('',*,*,#667,.T.);
#984=ORIENTED_EDGE('',*,*,#758,.F.);
#985=ORIENTED_EDGE('',*,*,#759,.T.);
#986=ORIENTED_EDGE('',*,*,#750,.T.);
#987=ORIENTED_EDGE('',*,*,#679,.T.);
#988=ORIENTED_EDGE('',*,*,#760,.F.);
#989=ORIENTED_EDGE('',*,*,#690,.F.);
#990=ORIENTED_EDGE('',*,*,#757,.T.);
#991=ORIENTED_EDGE('',*,*,#761,.F.);
#992=ORIENTED_EDGE('',*,*,#762,.F.);
#993=ORIENTED_EDGE('',*,*,#763,.T.);
#994=ORIENTED_EDGE('',*,*,#752,.T.);
#995=ORIENTED_EDGE('',*,*,#726,.T.);
#996=ORIENTED_EDGE('',*,*,#764,.F.);
#997=ORIENTED_EDGE('',*,*,#720,.F.);
#998=ORIENTED_EDGE('',*,*,#748,.T.);
#999=ORIENTED_EDGE('',*,*,#722,.T.);
#1000=ORIENTED_EDGE('',*,*,#765,.F.);
#1001=ORIENTED_EDGE('',*,*,#717,.F.);
#1002=ORIENTED_EDGE('',*,*,#751,.T.);
#1003=ORIENTED_EDGE('',*,*,#759,.F.);
#1004=ORIENTED_EDGE('',*,*,#766,.F.);
#1005=ORIENTED_EDGE('',*,*,#767,.T.);
#1006=ORIENTED_EDGE('',*,*,#754,.T.);
#1007=ORIENTED_EDGE('',*,*,#747,.T.);
#1008=ORIENTED_EDGE('',*,*,#768,.F.);
#1009=ORIENTED_EDGE('',*,*,#743,.F.);
#1010=ORIENTED_EDGE('',*,*,#753,.T.);
#1011=ORIENTED_EDGE('',*,*,#763,.F.);
#1012=ORIENTED_EDGE('',*,*,#769,.F.);
#1013=ORIENTED_EDGE('',*,*,#761,.T.);
#1014=ORIENTED_EDGE('',*,*,#756,.T.);
#1015=ORIENTED_EDGE('',*,*,#711,.T.);
#1016=ORIENTED_EDGE('',*,*,#770,.F.);
#1017=ORIENTED_EDGE('',*,*,#706,.F.);
#1018=ORIENTED_EDGE('',*,*,#749,.T.);
#1019=ORIENTED_EDGE('',*,*,#708,.T.);
#1020=ORIENTED_EDGE('',*,*,#771,.F.);
#1021=ORIENTED_EDGE('',*,*,#703,.F.);
#1022=ORIENTED_EDGE('',*,*,#755,.T.);
#1023=ORIENTED_EDGE('',*,*,#767,.F.);
#1024=ORIENTED_EDGE('',*,*,#772,.F.);
#1025=ORIENTED_EDGE('',*,*,#773,.F.);
#1026=ORIENTED_EDGE('',*,*,#774,.F.);
#1027=ORIENTED_EDGE('',*,*,#775,.F.);
#1028=ORIENTED_EDGE('',*,*,#776,.F.);
#1029=ORIENTED_EDGE('',*,*,#777,.F.);
#1030=ORIENTED_EDGE('',*,*,#778,.F.);
#1031=ORIENTED_EDGE('',*,*,#779,.F.);
#1032=ORIENTED_EDGE('',*,*,#780,.F.);
#1033=ORIENTED_EDGE('',*,*,#781,.F.);
#1034=ORIENTED_EDGE('',*,*,#782,.F.);
#1035=ORIENTED_EDGE('',*,*,#783,.F.);
#1036=ORIENTED_EDGE('',*,*,#782,.T.);
#1037=ORIENTED_EDGE('',*,*,#784,.T.);
#1038=ORIENTED_EDGE('',*,*,#772,.T.);
#1039=ORIENTED_EDGE('',*,*,#785,.T.);
#1040=ORIENTED_EDGE('',*,*,#786,.F.);
#1041=ORIENTED_EDGE('',*,*,#787,.F.);
#1042=ORIENTED_EDGE('',*,*,#788,.F.);
#1043=ORIENTED_EDGE('',*,*,#787,.T.);
#1044=ORIENTED_EDGE('',*,*,#789,.T.);
#1045=ORIENTED_EDGE('',*,*,#776,.T.);
#1046=ORIENTED_EDGE('',*,*,#790,.T.);
#1047=ORIENTED_EDGE('',*,*,#779,.T.);
#1048=ORIENTED_EDGE('',*,*,#791,.T.);
#1049=ORIENTED_EDGE('',*,*,#788,.T.);
#1050=ORIENTED_EDGE('',*,*,#792,.T.);
#1051=ORIENTED_EDGE('',*,*,#793,.F.);
#1052=ORIENTED_EDGE('',*,*,#794,.F.);
#1053=ORIENTED_EDGE('',*,*,#795,.F.);
#1054=ORIENTED_EDGE('',*,*,#794,.T.);
#1055=ORIENTED_EDGE('',*,*,#796,.T.);
#1056=ORIENTED_EDGE('',*,*,#777,.T.);
#1057=ORIENTED_EDGE('',*,*,#797,.T.);
#1058=ORIENTED_EDGE('',*,*,#798,.F.);
#1059=ORIENTED_EDGE('',*,*,#799,.F.);
#1060=ORIENTED_EDGE('',*,*,#800,.F.);
#1061=ORIENTED_EDGE('',*,*,#799,.T.);
#1062=ORIENTED_EDGE('',*,*,#801,.T.);
#1063=ORIENTED_EDGE('',*,*,#778,.T.);
#1064=ORIENTED_EDGE('',*,*,#802,.T.);
#1065=ORIENTED_EDGE('',*,*,#781,.T.);
#1066=ORIENTED_EDGE('',*,*,#803,.T.);
#1067=ORIENTED_EDGE('',*,*,#800,.T.);
#1068=ORIENTED_EDGE('',*,*,#804,.T.);
#1069=ORIENTED_EDGE('',*,*,#805,.F.);
#1070=ORIENTED_EDGE('',*,*,#806,.F.);
#1071=ORIENTED_EDGE('',*,*,#807,.F.);
#1072=ORIENTED_EDGE('',*,*,#806,.T.);
#1073=ORIENTED_EDGE('',*,*,#808,.T.);
#1074=ORIENTED_EDGE('',*,*,#786,.T.);
#1075=ORIENTED_EDGE('',*,*,#809,.T.);
#1076=ORIENTED_EDGE('',*,*,#798,.T.);
#1077=ORIENTED_EDGE('',*,*,#810,.T.);
#1078=ORIENTED_EDGE('',*,*,#807,.T.);
#1079=ORIENTED_EDGE('',*,*,#811,.T.);
#1080=ORIENTED_EDGE('',*,*,#805,.T.);
#1081=ORIENTED_EDGE('',*,*,#812,.T.);
#1082=ORIENTED_EDGE('',*,*,#795,.T.);
#1083=ORIENTED_EDGE('',*,*,#813,.T.);
#1084=ORIENTED_EDGE('',*,*,#793,.T.);
#1085=ORIENTED_EDGE('',*,*,#814,.T.);
#1086=ORIENTED_EDGE('',*,*,#783,.T.);
#1087=ORIENTED_EDGE('',*,*,#815,.T.);
#1088=ORIENTED_EDGE('',*,*,#773,.T.);
#1089=ORIENTED_EDGE('',*,*,#816,.T.);
#1090=ORIENTED_EDGE('',*,*,#780,.T.);
#1091=ORIENTED_EDGE('',*,*,#817,.T.);
#1092=ORIENTED_EDGE('',*,*,#775,.T.);
#1093=ORIENTED_EDGE('',*,*,#818,.T.);
#1094=ORIENTED_EDGE('',*,*,#774,.T.);
#1095=ORIENTED_EDGE('',*,*,#819,.T.);
#1096=ORIENTED_EDGE('',*,*,#789,.F.);
#1097=ORIENTED_EDGE('',*,*,#808,.F.);
#1098=ORIENTED_EDGE('',*,*,#813,.F.);
#1099=ORIENTED_EDGE('',*,*,#797,.F.);
#1100=ORIENTED_EDGE('',*,*,#790,.F.);
#1101=ORIENTED_EDGE('',*,*,#819,.F.);
#1102=ORIENTED_EDGE('',*,*,#817,.F.);
#1103=ORIENTED_EDGE('',*,*,#792,.F.);
#1104=ORIENTED_EDGE('',*,*,#648,.T.);
#1105=ORIENTED_EDGE('',*,*,#651,.T.);
#1106=ORIENTED_EDGE('',*,*,#654,.T.);
#1107=ORIENTED_EDGE('',*,*,#657,.T.);
#1108=ORIENTED_EDGE('',*,*,#660,.T.);
#1109=ORIENTED_EDGE('',*,*,#663,.T.);
#1110=ORIENTED_EDGE('',*,*,#666,.T.);
#1111=ORIENTED_EDGE('',*,*,#669,.T.);
#1112=ORIENTED_EDGE('',*,*,#672,.T.);
#1113=ORIENTED_EDGE('',*,*,#675,.T.);
#1114=ORIENTED_EDGE('',*,*,#760,.T.);
#1115=ORIENTED_EDGE('',*,*,#678,.T.);
#1116=ORIENTED_EDGE('',*,*,#682,.T.);
#1117=ORIENTED_EDGE('',*,*,#685,.T.);
#1118=ORIENTED_EDGE('',*,*,#688,.T.);
#1119=ORIENTED_EDGE('',*,*,#691,.T.);
#1120=ORIENTED_EDGE('',*,*,#694,.T.);
#1121=ORIENTED_EDGE('',*,*,#698,.T.);
#1122=ORIENTED_EDGE('',*,*,#701,.T.);
#1123=ORIENTED_EDGE('',*,*,#704,.T.);
#1124=ORIENTED_EDGE('',*,*,#771,.T.);
#1125=ORIENTED_EDGE('',*,*,#707,.T.);
#1126=ORIENTED_EDGE('',*,*,#770,.T.);
#1127=ORIENTED_EDGE('',*,*,#710,.T.);
#1128=ORIENTED_EDGE('',*,*,#714,.T.);
#1129=ORIENTED_EDGE('',*,*,#718,.T.);
#1130=ORIENTED_EDGE('',*,*,#765,.T.);
#1131=ORIENTED_EDGE('',*,*,#721,.T.);
#1132=ORIENTED_EDGE('',*,*,#764,.T.);
#1133=ORIENTED_EDGE('',*,*,#725,.T.);
#1134=ORIENTED_EDGE('',*,*,#729,.T.);
#1135=ORIENTED_EDGE('',*,*,#731,.T.);
#1136=ORIENTED_EDGE('',*,*,#734,.T.);
#1137=ORIENTED_EDGE('',*,*,#738,.T.);
#1138=ORIENTED_EDGE('',*,*,#741,.T.);
#1139=ORIENTED_EDGE('',*,*,#744,.T.);
#1140=ORIENTED_EDGE('',*,*,#768,.T.);
#1141=ORIENTED_EDGE('',*,*,#746,.T.);
#1142=ORIENTED_EDGE('',*,*,#791,.F.);
#1143=ORIENTED_EDGE('',*,*,#801,.F.);
#1144=ORIENTED_EDGE('',*,*,#811,.F.);
#1145=ORIENTED_EDGE('',*,*,#809,.F.);
#1146=ORIENTED_EDGE('',*,*,#796,.F.);
#1147=ORIENTED_EDGE('',*,*,#815,.F.);
#1148=ORIENTED_EDGE('',*,*,#785,.F.);
#1149=ORIENTED_EDGE('',*,*,#818,.F.);
#1150=ORIENTED_EDGE('',*,*,#802,.F.);
#1151=ORIENTED_EDGE('',*,*,#816,.F.);
#1152=ORIENTED_EDGE('',*,*,#784,.F.);
#1153=ORIENTED_EDGE('',*,*,#804,.F.);
#1154=ORIENTED_EDGE('',*,*,#803,.F.);
#1155=ORIENTED_EDGE('',*,*,#814,.F.);
#1156=ORIENTED_EDGE('',*,*,#812,.F.);
#1157=ORIENTED_EDGE('',*,*,#810,.F.);
#1158=ORIENTED_EDGE('',*,*,#646,.T.);
#1159=ORIENTED_EDGE('',*,*,#649,.T.);
#1160=ORIENTED_EDGE('',*,*,#652,.T.);
#1161=ORIENTED_EDGE('',*,*,#655,.T.);
#1162=ORIENTED_EDGE('',*,*,#670,.T.);
#1163=ORIENTED_EDGE('',*,*,#673,.T.);
#1164=ORIENTED_EDGE('',*,*,#758,.T.);
#1165=ORIENTED_EDGE('',*,*,#769,.T.);
#1166=ORIENTED_EDGE('',*,*,#766,.T.);
#1167=ORIENTED_EDGE('',*,*,#762,.T.);
#1168=CYLINDRICAL_SURFACE('',#1269,0.999999999999996);
#1169=CYLINDRICAL_SURFACE('',#1272,0.999999999999996);
#1170=CYLINDRICAL_SURFACE('',#1275,0.999999999999996);
#1171=CYLINDRICAL_SURFACE('',#1278,0.999999999999996);
#1172=CYLINDRICAL_SURFACE('',#1281,1.);
#1173=CYLINDRICAL_SURFACE('',#1284,1.);
#1174=CYLINDRICAL_SURFACE('',#1287,0.999999999999996);
#1175=CYLINDRICAL_SURFACE('',#1290,0.999999999999996);
#1176=CYLINDRICAL_SURFACE('',#1293,2.5);
#1177=CYLINDRICAL_SURFACE('',#1296,2.5);
#1178=CYLINDRICAL_SURFACE('',#1299,7.);
#1179=CYLINDRICAL_SURFACE('',#1303,12.);
#1180=CYLINDRICAL_SURFACE('',#1307,7.00000000000001);
#1181=CYLINDRICAL_SURFACE('',#1311,12.);
#1182=CYLINDRICAL_SURFACE('',#1315,6.99999999999999);
#1183=CYLINDRICAL_SURFACE('',#1318,6.99999999999999);
#1184=CYLINDRICAL_SURFACE('',#1322,6.99999999999999);
#1185=CYLINDRICAL_SURFACE('',#1325,6.99999999999999);
#1186=CYLINDRICAL_SURFACE('',#1329,12.);
#1187=CYLINDRICAL_SURFACE('',#1333,12.);
#1188=CYLINDRICAL_SURFACE('',#1337,7.00000000000001);
#1189=CYLINDRICAL_SURFACE('',#1340,6.99999999999999);
#1190=ADVANCED_FACE('',(#87),#1168,.F.);
#1191=ADVANCED_FACE('',(#88),#1169,.F.);
#1192=ADVANCED_FACE('',(#89),#1170,.F.);
#1193=ADVANCED_FACE('',(#90),#1171,.F.);
#1194=ADVANCED_FACE('',(#91),#1172,.F.);
#1195=ADVANCED_FACE('',(#92),#1173,.F.);
#1196=ADVANCED_FACE('',(#93),#1174,.F.);
#1197=ADVANCED_FACE('',(#94),#1175,.F.);
#1198=ADVANCED_FACE('',(#95),#1176,.F.);
#1199=ADVANCED_FACE('',(#96),#1177,.F.);
#1200=ADVANCED_FACE('',(#97),#1178,.F.);
#1201=ADVANCED_FACE('',(#98),#46,.F.);
#1202=ADVANCED_FACE('',(#99),#1179,.F.);
#1203=ADVANCED_FACE('',(#100),#47,.F.);
#1204=ADVANCED_FACE('',(#101),#1180,.F.);
#1205=ADVANCED_FACE('',(#102),#48,.F.);
#1206=ADVANCED_FACE('',(#103),#1181,.F.);
#1207=ADVANCED_FACE('',(#104),#49,.F.);
#1208=ADVANCED_FACE('',(#105),#1182,.F.);
#1209=ADVANCED_FACE('',(#106),#44,.F.);
#1210=ADVANCED_FACE('',(#107),#1183,.F.);
#1211=ADVANCED_FACE('',(#108),#50,.F.);
#1212=ADVANCED_FACE('',(#109),#1184,.F.);
#1213=ADVANCED_FACE('',(#110),#45,.F.);
#1214=ADVANCED_FACE('',(#111),#1185,.F.);
#1215=ADVANCED_FACE('',(#112),#51,.F.);
#1216=ADVANCED_FACE('',(#113),#1186,.F.);
#1217=ADVANCED_FACE('',(#114),#52,.F.);
#1218=ADVANCED_FACE('',(#115),#1187,.F.);
#1219=ADVANCED_FACE('',(#116),#53,.F.);
#1220=ADVANCED_FACE('',(#117),#1188,.F.);
#1221=ADVANCED_FACE('',(#118),#1189,.F.);
#1222=ADVANCED_FACE('',(#119),#54,.F.);
#1223=ADVANCED_FACE('',(#120),#55,.F.);
#1224=ADVANCED_FACE('',(#121,#15,#16,#17,#18),#56,.F.);
#1225=ADVANCED_FACE('',(#122),#57,.F.);
#1226=ADVANCED_FACE('',(#123),#58,.F.);
#1227=ADVANCED_FACE('',(#124),#59,.F.);
#1228=ADVANCED_FACE('',(#125),#60,.F.);
#1229=ADVANCED_FACE('',(#126),#61,.T.);
#1230=ADVANCED_FACE('',(#127),#62,.T.);
#1231=ADVANCED_FACE('',(#128),#63,.T.);
#1232=ADVANCED_FACE('',(#129),#64,.T.);
#1233=ADVANCED_FACE('',(#130),#65,.T.);
#1234=ADVANCED_FACE('',(#131),#66,.T.);
#1235=ADVANCED_FACE('',(#132),#67,.T.);
#1236=ADVANCED_FACE('',(#133),#68,.T.);
#1237=ADVANCED_FACE('',(#134),#69,.T.);
#1238=ADVANCED_FACE('',(#135),#70,.T.);
#1239=ADVANCED_FACE('',(#136),#71,.T.);
#1240=ADVANCED_FACE('',(#137),#72,.T.);
#1241=ADVANCED_FACE('',(#138),#73,.T.);
#1242=ADVANCED_FACE('',(#139),#74,.T.);
#1243=ADVANCED_FACE('',(#140),#75,.T.);
#1244=ADVANCED_FACE('',(#141),#76,.T.);
#1245=ADVANCED_FACE('',(#142),#77,.T.);
#1246=ADVANCED_FACE('',(#143),#78,.T.);
#1247=ADVANCED_FACE('',(#144),#79,.T.);
#1248=ADVANCED_FACE('',(#145),#80,.T.);
#1249=ADVANCED_FACE('',(#146),#81,.T.);
#1250=ADVANCED_FACE('',(#147,#19,#20,#21,#22,#23,#24,#25,#26,#27,#28,#29,
#30,#31,#32),#82,.F.);
#1251=ADVANCED_FACE('',(#148),#83,.T.);
#1252=ADVANCED_FACE('',(#149),#84,.T.);
#1253=ADVANCED_FACE('',(#150),#85,.T.);
#1254=ADVANCED_FACE('',(#151,#33,#34,#35,#36,#37,#38,#39),#86,.T.);
#1255=CLOSED_SHELL('',(#1190,#1191,#1192,#1193,#1194,#1195,#1196,#1197,
#1198,#1199,#1200,#1201,#1202,#1203,#1204,#1205,#1206,#1207,#1208,#1209,
#1210,#1211,#1212,#1213,#1214,#1215,#1216,#1217,#1218,#1219,#1220,#1221,
#1222,#1223,#1224,#1225,#1226,#1227,#1228,#1229,#1230,#1231,#1232,#1233,
#1234,#1235,#1236,#1237,#1238,#1239,#1240,#1241,#1242,#1243,#1244,#1245,
#1246,#1247,#1248,#1249,#1250,#1251,#1252,#1253,#1254));
#1256=DERIVED_UNIT_ELEMENT(#1258,1.);
#1257=DERIVED_UNIT_ELEMENT(#2225,-3.);
#1258=(
MASS_UNIT()
NAMED_UNIT(*)
SI_UNIT(.KILO.,.GRAM.)
);
#1259=DERIVED_UNIT((#1256,#1257));
#1260=MEASURE_REPRESENTATION_ITEM('density measure',
POSITIVE_RATIO_MEASURE(7850.),#1259);
#1261=PROPERTY_DEFINITION_REPRESENTATION(#1266,#1263);
#1262=PROPERTY_DEFINITION_REPRESENTATION(#1267,#1264);
#1263=REPRESENTATION('material name',(#1265),#2222);
#1264=REPRESENTATION('density',(#1260),#2222);
#1265=DESCRIPTIVE_REPRESENTATION_ITEM('Stahl','Stahl');
#1266=PROPERTY_DEFINITION('material property','material name',#2232);
#1267=PROPERTY_DEFINITION('material property','density of part',#2232);
#1268=AXIS2_PLACEMENT_3D('',#1718,#1376,#1377);
#1269=AXIS2_PLACEMENT_3D('',#1719,#1378,#1379);
#1270=AXIS2_PLACEMENT_3D('',#1721,#1380,#1381);
#1271=AXIS2_PLACEMENT_3D('',#1724,#1383,#1384);
#1272=AXIS2_PLACEMENT_3D('',#1725,#1385,#1386);
#1273=AXIS2_PLACEMENT_3D('',#1727,#1387,#1388);
#1274=AXIS2_PLACEMENT_3D('',#1730,#1390,#1391);
#1275=AXIS2_PLACEMENT_3D('',#1731,#1392,#1393);
#1276=AXIS2_PLACEMENT_3D('',#1733,#1394,#1395);
#1277=AXIS2_PLACEMENT_3D('',#1736,#1397,#1398);
#1278=AXIS2_PLACEMENT_3D('',#1737,#1399,#1400);
#1279=AXIS2_PLACEMENT_3D('',#1739,#1401,#1402);
#1280=AXIS2_PLACEMENT_3D('',#1742,#1404,#1405);
#1281=AXIS2_PLACEMENT_3D('',#1743,#1406,#1407);
#1282=AXIS2_PLACEMENT_3D('',#1745,#1408,#1409);
#1283=AXIS2_PLACEMENT_3D('',#1748,#1411,#1412);
#1284=AXIS2_PLACEMENT_3D('',#1749,#1413,#1414);
#1285=AXIS2_PLACEMENT_3D('',#1751,#1415,#1416);
#1286=AXIS2_PLACEMENT_3D('',#1754,#1418,#1419);
#1287=AXIS2_PLACEMENT_3D('',#1755,#1420,#1421);
#1288=AXIS2_PLACEMENT_3D('',#1757,#1422,#1423);
#1289=AXIS2_PLACEMENT_3D('',#1760,#1425,#1426);
#1290=AXIS2_PLACEMENT_3D('',#1761,#1427,#1428);
#1291=AXIS2_PLACEMENT_3D('',#1763,#1429,#1430);
#1292=AXIS2_PLACEMENT_3D('',#1766,#1432,#1433);
#1293=AXIS2_PLACEMENT_3D('',#1767,#1434,#1435);
#1294=AXIS2_PLACEMENT_3D('',#1769,#1436,#1437);
#1295=AXIS2_PLACEMENT_3D('',#1772,#1439,#1440);
#1296=AXIS2_PLACEMENT_3D('',#1773,#1441,#1442);
#1297=AXIS2_PLACEMENT_3D('',#1775,#1443,#1444);
#1298=AXIS2_PLACEMENT_3D('',#1778,#1446,#1447);
#1299=AXIS2_PLACEMENT_3D('',#1779,#1448,#1449);
#1300=AXIS2_PLACEMENT_3D('',#1782,#1450,#1451);
#1301=AXIS2_PLACEMENT_3D('',#1786,#1453,#1454);
#1302=AXIS2_PLACEMENT_3D('',#1788,#1456,#1457);
#1303=AXIS2_PLACEMENT_3D('',#1794,#1461,#1462);
#1304=AXIS2_PLACEMENT_3D('',#1796,#1463,#1464);
#1305=AXIS2_PLACEMENT_3D('',#1799,#1466,#1467);
#1306=AXIS2_PLACEMENT_3D('',#1800,#1468,#1469);
#1307=AXIS2_PLACEMENT_3D('',#1806,#1473,#1474);
#1308=AXIS2_PLACEMENT_3D('',#1808,#1475,#1476);
#1309=AXIS2_PLACEMENT_3D('',#1811,#1478,#1479);
#1310=AXIS2_PLACEMENT_3D('',#1812,#1480,#1481);
#1311=AXIS2_PLACEMENT_3D('',#1821,#1486,#1487);
#1312=AXIS2_PLACEMENT_3D('',#1823,#1488,#1489);
#1313=AXIS2_PLACEMENT_3D('',#1826,#1491,#1492);
#1314=AXIS2_PLACEMENT_3D('',#1827,#1493,#1494);
#1315=AXIS2_PLACEMENT_3D('',#1833,#1498,#1499);
#1316=AXIS2_PLACEMENT_3D('',#1835,#1500,#1501);
#1317=AXIS2_PLACEMENT_3D('',#1838,#1503,#1504);
#1318=AXIS2_PLACEMENT_3D('',#1925,#1507,#1508);
#1319=AXIS2_PLACEMENT_3D('',#1927,#1509,#1510);
#1320=AXIS2_PLACEMENT_3D('',#1929,#1511,#1512);
#1321=AXIS2_PLACEMENT_3D('',#1931,#1514,#1515);
#1322=AXIS2_PLACEMENT_3D('',#1940,#1520,#1521);
#1323=AXIS2_PLACEMENT_3D('',#1942,#1522,#1523);
#1324=AXIS2_PLACEMENT_3D('',#1945,#1525,#1526);
#1325=AXIS2_PLACEMENT_3D('',#2032,#1529,#1530);
#1326=AXIS2_PLACEMENT_3D('',#2035,#1531,#1532);
#1327=AXIS2_PLACEMENT_3D('',#2039,#1534,#1535);
#1328=AXIS2_PLACEMENT_3D('',#2041,#1537,#1538);
#1329=AXIS2_PLACEMENT_3D('',#2047,#1542,#1543);
#1330=AXIS2_PLACEMENT_3D('',#2048,#1544,#1545);
#1331=AXIS2_PLACEMENT_3D('',#2049,#1546,#1547);
#1332=AXIS2_PLACEMENT_3D('',#2050,#1548,#1549);
#1333=AXIS2_PLACEMENT_3D('',#2059,#1554,#1555);
#1334=AXIS2_PLACEMENT_3D('',#2061,#1556,#1557);
#1335=AXIS2_PLACEMENT_3D('',#2064,#1559,#1560);
#1336=AXIS2_PLACEMENT_3D('',#2065,#1561,#1562);
#1337=AXIS2_PLACEMENT_3D('',#2071,#1566,#1567);
#1338=AXIS2_PLACEMENT_3D('',#2073,#1568,#1569);
#1339=AXIS2_PLACEMENT_3D('',#2076,#1571,#1572);
#1340=AXIS2_PLACEMENT_3D('',#2077,#1573,#1574);
#1341=AXIS2_PLACEMENT_3D('',#2079,#1575,#1576);
#1342=AXIS2_PLACEMENT_3D('',#2081,#1577,#1578);
#1343=AXIS2_PLACEMENT_3D('',#2083,#1580,#1581);
#1344=AXIS2_PLACEMENT_3D('',#2085,#1583,#1584);
#1345=AXIS2_PLACEMENT_3D('',#2087,#1586,#1587);
#1346=AXIS2_PLACEMENT_3D('',#2100,#1596,#1597);
#1347=AXIS2_PLACEMENT_3D('',#2107,#1602,#1603);
#1348=AXIS2_PLACEMENT_3D('',#2113,#1608,#1609);
#1349=AXIS2_PLACEMENT_3D('',#2118,#1613,#1614);
#1350=AXIS2_PLACEMENT_3D('',#2122,#1618,#1619);
#1351=AXIS2_PLACEMENT_3D('',#2129,#1623,#1624);
#1352=AXIS2_PLACEMENT_3D('',#2136,#1628,#1629);
#1353=AXIS2_PLACEMENT_3D('',#2143,#1633,#1634);
#1354=AXIS2_PLACEMENT_3D('',#2150,#1638,#1639);
#1355=AXIS2_PLACEMENT_3D('',#2153,#1642,#1643);
#1356=AXIS2_PLACEMENT_3D('',#2160,#1647,#1648);
#1357=AXIS2_PLACEMENT_3D('',#2163,#1651,#1652);
#1358=AXIS2_PLACEMENT_3D('',#2166,#1655,#1656);
#1359=AXIS2_PLACEMENT_3D('',#2173,#1660,#1661);
#1360=AXIS2_PLACEMENT_3D('',#2176,#1664,#1665);
#1361=AXIS2_PLACEMENT_3D('',#2183,#1669,#1670);
#1362=AXIS2_PLACEMENT_3D('',#2186,#1673,#1674);
#1363=AXIS2_PLACEMENT_3D('',#2189,#1677,#1678);
#1364=AXIS2_PLACEMENT_3D('',#2196,#1682,#1683);
#1365=AXIS2_PLACEMENT_3D('',#2199,#1686,#1687);
#1366=AXIS2_PLACEMENT_3D('',#2202,#1690,#1691);
#1367=AXIS2_PLACEMENT_3D('',#2205,#1694,#1695);
#1368=AXIS2_PLACEMENT_3D('',#2208,#1698,#1699);
#1369=AXIS2_PLACEMENT_3D('',#2211,#1702,#1703);
#1370=AXIS2_PLACEMENT_3D('',#2214,#1706,#1707);
#1371=AXIS2_PLACEMENT_3D('',#2215,#1708,#1709);
#1372=AXIS2_PLACEMENT_3D('',#2216,#1710,#1711);
#1373=AXIS2_PLACEMENT_3D('',#2217,#1712,#1713);
#1374=AXIS2_PLACEMENT_3D('',#2218,#1714,#1715);
#1375=AXIS2_PLACEMENT_3D('',#2219,#1716,#1717);
#1376=DIRECTION('axis',(0.,0.,1.));
#1377=DIRECTION('refdir',(1.,0.,0.));
#1378=DIRECTION('center_axis',(0.,0.,-1.));
#1379=DIRECTION('ref_axis',(-1.,0.,0.));
#1380=DIRECTION('center_axis',(0.,0.,-1.));
#1381=DIRECTION('ref_axis',(-1.,0.,0.));
#1382=DIRECTION('',(0.,0.,-1.));
#1383=DIRECTION('center_axis',(0.,0.,1.));
#1384=DIRECTION('ref_axis',(-1.,0.,0.));
#1385=DIRECTION('center_axis',(0.,0.,-1.));
#1386=DIRECTION('ref_axis',(-1.,0.,0.));
#1387=DIRECTION('center_axis',(0.,0.,-1.));
#1388=DIRECTION('ref_axis',(-1.,0.,0.));
#1389=DIRECTION('',(0.,0.,-1.));
#1390=DIRECTION('center_axis',(0.,0.,1.));
#1391=DIRECTION('ref_axis',(-1.,0.,0.));
#1392=DIRECTION('center_axis',(0.,0.,-1.));
#1393=DIRECTION('ref_axis',(-1.,0.,0.));
#1394=DIRECTION('center_axis',(0.,0.,-1.));
#1395=DIRECTION('ref_axis',(-1.,0.,0.));
#1396=DIRECTION('',(0.,0.,-1.));
#1397=DIRECTION('center_axis',(0.,0.,1.));
#1398=DIRECTION('ref_axis',(-1.,0.,0.));
#1399=DIRECTION('center_axis',(0.,0.,-1.));
#1400=DIRECTION('ref_axis',(-1.,0.,0.));
#1401=DIRECTION('center_axis',(0.,0.,-1.));
#1402=DIRECTION('ref_axis',(-1.,0.,0.));
#1403=DIRECTION('',(0.,0.,-1.));
#1404=DIRECTION('center_axis',(0.,0.,1.));
#1405=DIRECTION('ref_axis',(-1.,0.,0.));
#1406=DIRECTION('center_axis',(0.,0.,-1.));
#1407=DIRECTION('ref_axis',(-1.,0.,0.));
#1408=DIRECTION('center_axis',(0.,0.,-1.));
#1409=DIRECTION('ref_axis',(-1.,0.,0.));
#1410=DIRECTION('',(0.,0.,-1.));
#1411=DIRECTION('center_axis',(0.,0.,1.));
#1412=DIRECTION('ref_axis',(-1.,0.,0.));
#1413=DIRECTION('center_axis',(0.,0.,-1.));
#1414=DIRECTION('ref_axis',(-1.,0.,0.));
#1415=DIRECTION('center_axis',(0.,0.,-1.));
#1416=DIRECTION('ref_axis',(-1.,0.,0.));
#1417=DIRECTION('',(0.,0.,-1.));
#1418=DIRECTION('center_axis',(0.,0.,1.));
#1419=DIRECTION('ref_axis',(-1.,0.,0.));
#1420=DIRECTION('center_axis',(0.,0.,-1.));
#1421=DIRECTION('ref_axis',(-1.,0.,0.));
#1422=DIRECTION('center_axis',(0.,0.,-1.));
#1423=DIRECTION('ref_axis',(-1.,0.,0.));
#1424=DIRECTION('',(0.,0.,-1.));
#1425=DIRECTION('center_axis',(0.,0.,1.));
#1426=DIRECTION('ref_axis',(-1.,0.,0.));
#1427=DIRECTION('center_axis',(0.,0.,-1.));
#1428=DIRECTION('ref_axis',(-1.,0.,0.));
#1429=DIRECTION('center_axis',(0.,0.,-1.));
#1430=DIRECTION('ref_axis',(-1.,0.,0.));
#1431=DIRECTION('',(0.,0.,-1.));
#1432=DIRECTION('center_axis',(0.,0.,1.));
#1433=DIRECTION('ref_axis',(-1.,0.,0.));
#1434=DIRECTION('center_axis',(0.,0.,-1.));
#1435=DIRECTION('ref_axis',(-1.,0.,0.));
#1436=DIRECTION('center_axis',(0.,0.,-1.));
#1437=DIRECTION('ref_axis',(-1.,0.,0.));
#1438=DIRECTION('',(0.,0.,-1.));
#1439=DIRECTION('center_axis',(0.,0.,1.));
#1440=DIRECTION('ref_axis',(-1.,0.,0.));
#1441=DIRECTION('center_axis',(0.,0.,-1.));
#1442=DIRECTION('ref_axis',(-1.,0.,0.));
#1443=DIRECTION('center_axis',(0.,0.,-1.));
#1444=DIRECTION('ref_axis',(-1.,0.,0.));
#1445=DIRECTION('',(0.,0.,-1.));
#1446=DIRECTION('center_axis',(0.,0.,1.));
#1447=DIRECTION('ref_axis',(-1.,0.,0.));
#1448=DIRECTION('center_axis',(0.,0.,-1.));
#1449=DIRECTION('ref_axis',(2.53765262771464E-15,-1.,0.));
#1450=DIRECTION('center_axis',(0.,0.,-1.));
#1451=DIRECTION('ref_axis',(2.53765262771464E-15,-1.,0.));
#1452=DIRECTION('',(0.,0.,-1.));
#1453=DIRECTION('center_axis',(0.,0.,1.));
#1454=DIRECTION('ref_axis',(2.53765262771464E-15,-1.,0.));
#1455=DIRECTION('',(0.,0.,-1.));
#1456=DIRECTION('center_axis',(0.754081595886306,0.656780744804202,0.));
#1457=DIRECTION('ref_axis',(0.656780744804202,-0.754081595886306,0.));
#1458=DIRECTION('',(0.656780744804202,-0.754081595886306,0.));
#1459=DIRECTION('',(0.,0.,-1.));
#1460=DIRECTION('',(-0.656780744804202,0.754081595886306,0.));
#1461=DIRECTION('center_axis',(0.,0.,-1.));
#1462=DIRECTION('ref_axis',(0.754081595886307,0.656780744804201,0.));
#1463=DIRECTION('center_axis',(0.,0.,-1.));
#1464=DIRECTION('ref_axis',(0.754081595886307,0.656780744804201,0.));
#1465=DIRECTION('',(0.,0.,-1.));
#1466=DIRECTION('center_axis',(0.,0.,1.));
#1467=DIRECTION('ref_axis',(0.754081595886307,0.656780744804201,0.));
#1468=DIRECTION('center_axis',(-0.754081595886306,0.656780744804202,0.));
#1469=DIRECTION('ref_axis',(0.656780744804202,0.754081595886306,0.));
#1470=DIRECTION('',(0.656780744804202,0.754081595886306,0.));
#1471=DIRECTION('',(0.,0.,-1.));
#1472=DIRECTION('',(-0.656780744804202,-0.754081595886306,0.));
#1473=DIRECTION('center_axis',(0.,0.,-1.));
#1474=DIRECTION('ref_axis',(-0.754081595886306,0.656780744804202,0.));
#1475=DIRECTION('center_axis',(0.,0.,-1.));
#1476=DIRECTION('ref_axis',(-0.754081595886306,0.656780744804202,0.));
#1477=DIRECTION('',(0.,0.,-1.));
#1478=DIRECTION('center_axis',(0.,0.,1.));
#1479=DIRECTION('ref_axis',(-0.754081595886306,0.656780744804202,0.));
#1480=DIRECTION('center_axis',(0.754081595886306,-0.656780744804202,0.));
#1481=DIRECTION('ref_axis',(-0.656780744804202,-0.754081595886306,0.));
#1482=DIRECTION('',(-0.656780744804202,-0.754081595886306,0.));
#1483=DIRECTION('',(0.,0.,-1.));
#1484=DIRECTION('',(0.656780744804202,0.754081595886306,0.));
#1485=DIRECTION('',(0.,0.,-1.));
#1486=DIRECTION('center_axis',(0.,0.,-1.));
#1487=DIRECTION('ref_axis',(0.754081595886306,-0.656780744804201,0.));
#1488=DIRECTION('center_axis',(0.,0.,-1.));
#1489=DIRECTION('ref_axis',(0.754081595886306,-0.656780744804201,0.));
#1490=DIRECTION('',(0.,0.,-1.));
#1491=DIRECTION('center_axis',(0.,0.,1.));
#1492=DIRECTION('ref_axis',(0.754081595886306,-0.656780744804201,0.));
#1493=DIRECTION('center_axis',(0.754081595886306,0.656780744804202,0.));
#1494=DIRECTION('ref_axis',(0.656780744804202,-0.754081595886306,0.));
#1495=DIRECTION('',(0.656780744804202,-0.754081595886306,0.));
#1496=DIRECTION('',(0.,0.,-1.));
#1497=DIRECTION('',(-0.656780744804202,0.754081595886306,0.));
#1498=DIRECTION('center_axis',(0.,0.,-1.));
#1499=DIRECTION('ref_axis',(0.754081595886307,0.656780744804201,0.));
#1500=DIRECTION('center_axis',(0.,0.,-1.));
#1501=DIRECTION('ref_axis',(0.754081595886307,0.656780744804201,0.));
#1502=DIRECTION('',(0.,0.,-1.));
#1503=DIRECTION('center_axis',(0.,0.,1.));
#1504=DIRECTION('ref_axis',(0.754081595886307,0.656780744804201,0.));
#1505=DIRECTION('',(0.,0.,-1.));
#1506=DIRECTION('',(0.,0.,-1.));
#1507=DIRECTION('center_axis',(0.,0.,-1.));
#1508=DIRECTION('ref_axis',(-1.,6.34413156928661E-16,0.));
#1509=DIRECTION('center_axis',(0.,0.,-1.));
#1510=DIRECTION('ref_axis',(-1.,6.34413156928661E-16,0.));
#1511=DIRECTION('center_axis',(0.,0.,1.));
#1512=DIRECTION('ref_axis',(-1.,6.34413156928661E-16,0.));
#1513=DIRECTION('',(0.,0.,-1.));
#1514=DIRECTION('center_axis',(-0.754081595886306,-0.656780744804202,0.));
#1515=DIRECTION('ref_axis',(-0.656780744804202,0.754081595886306,0.));
#1516=DIRECTION('',(-0.656780744804202,0.754081595886306,0.));
#1517=DIRECTION('',(0.,0.,-1.));
#1518=DIRECTION('',(0.656780744804202,-0.754081595886306,0.));
#1519=DIRECTION('',(0.,0.,-1.));
#1520=DIRECTION('center_axis',(0.,0.,-1.));
#1521=DIRECTION('ref_axis',(-0.754081595886307,-0.656780744804201,0.));
#1522=DIRECTION('center_axis',(0.,0.,-1.));
#1523=DIRECTION('ref_axis',(-0.754081595886307,-0.656780744804201,0.));
#1524=DIRECTION('',(0.,0.,-1.));
#1525=DIRECTION('center_axis',(0.,0.,1.));
#1526=DIRECTION('ref_axis',(-0.754081595886307,-0.656780744804201,0.));
#1527=DIRECTION('',(0.,0.,-1.));
#1528=DIRECTION('',(0.,0.,-1.));
#1529=DIRECTION('center_axis',(0.,0.,-1.));
#1530=DIRECTION('ref_axis',(1.,0.,0.));
#1531=DIRECTION('center_axis',(0.,0.,-1.));
#1532=DIRECTION('ref_axis',(1.,0.,0.));
#1533=DIRECTION('',(0.,0.,-1.));
#1534=DIRECTION('center_axis',(0.,0.,1.));
#1535=DIRECTION('ref_axis',(1.,0.,0.));
#1536=DIRECTION('',(0.,0.,-1.));
#1537=DIRECTION('center_axis',(-0.754081595886306,0.656780744804202,0.));
#1538=DIRECTION('ref_axis',(0.656780744804202,0.754081595886306,0.));
#1539=DIRECTION('',(0.656780744804202,0.754081595886306,0.));
#1540=DIRECTION('',(0.,0.,-1.));
#1541=DIRECTION('',(-0.656780744804202,-0.754081595886306,0.));
#1542=DIRECTION('center_axis',(0.,0.,-1.));
#1543=DIRECTION('ref_axis',(-0.754081595886306,0.656780744804202,0.));
#1544=DIRECTION('center_axis',(0.,0.,-1.));
#1545=DIRECTION('ref_axis',(-0.754081595886306,0.656780744804202,0.));
#1546=DIRECTION('center_axis',(0.,0.,1.));
#1547=DIRECTION('ref_axis',(-0.754081595886306,0.656780744804202,0.));
#1548=DIRECTION('center_axis',(-0.754081595886306,-0.656780744804202,0.));
#1549=DIRECTION('ref_axis',(-0.656780744804202,0.754081595886306,0.));
#1550=DIRECTION('',(-0.656780744804202,0.754081595886306,0.));
#1551=DIRECTION('',(0.,0.,-1.));
#1552=DIRECTION('',(0.656780744804202,-0.754081595886306,0.));
#1553=DIRECTION('',(0.,0.,-1.));
#1554=DIRECTION('center_axis',(0.,0.,-1.));
#1555=DIRECTION('ref_axis',(-0.754081595886309,-0.656780744804198,0.));
#1556=DIRECTION('center_axis',(0.,0.,-1.));
#1557=DIRECTION('ref_axis',(-0.754081595886309,-0.656780744804198,0.));
#1558=DIRECTION('',(0.,0.,-1.));
#1559=DIRECTION('center_axis',(0.,0.,1.));
#1560=DIRECTION('ref_axis',(-0.754081595886309,-0.656780744804198,0.));
#1561=DIRECTION('center_axis',(0.754081595886306,-0.656780744804202,0.));
#1562=DIRECTION('ref_axis',(-0.656780744804202,-0.754081595886306,0.));
#1563=DIRECTION('',(-0.656780744804202,-0.754081595886306,0.));
#1564=DIRECTION('',(0.,0.,-1.));
#1565=DIRECTION('',(0.656780744804202,0.754081595886306,0.));
#1566=DIRECTION('center_axis',(0.,0.,-1.));
#1567=DIRECTION('ref_axis',(0.754081595886309,-0.656780744804199,0.));
#1568=DIRECTION('center_axis',(0.,0.,-1.));
#1569=DIRECTION('ref_axis',(0.754081595886309,-0.656780744804199,0.));
#1570=DIRECTION('',(0.,0.,-1.));
#1571=DIRECTION('center_axis',(0.,0.,1.));
#1572=DIRECTION('ref_axis',(0.754081595886309,-0.656780744804199,0.));
#1573=DIRECTION('center_axis',(0.,0.,-1.));
#1574=DIRECTION('ref_axis',(1.26882631385732E-15,1.,0.));
#1575=DIRECTION('center_axis',(0.,0.,-1.));
#1576=DIRECTION('ref_axis',(1.26882631385732E-15,1.,0.));
#1577=DIRECTION('center_axis',(0.,0.,1.));
#1578=DIRECTION('ref_axis',(1.26882631385732E-15,1.,0.));
#1579=DIRECTION('',(0.,0.,-1.));
#1580=DIRECTION('center_axis',(0.,0.,-1.));
#1581=DIRECTION('ref_axis',(-1.,0.,0.));
#1582=DIRECTION('',(0.,-1.,0.));
#1583=DIRECTION('center_axis',(0.,0.,-1.));
#1584=DIRECTION('ref_axis',(-1.,0.,0.));
#1585=DIRECTION('',(0.,1.,0.));
#1586=DIRECTION('center_axis',(0.,0.,-1.));
#1587=DIRECTION('ref_axis',(-1.,0.,0.));
#1588=DIRECTION('',(-1.,0.,0.));
#1589=DIRECTION('',(0.,-1.,0.));
#1590=DIRECTION('',(0.,-1.,0.));
#1591=DIRECTION('',(1.,0.,0.));
#1592=DIRECTION('',(1.,0.,0.));
#1593=DIRECTION('',(0.,1.,0.));
#1594=DIRECTION('',(0.,1.,0.));
#1595=DIRECTION('',(-1.,0.,0.));
#1596=DIRECTION('center_axis',(0.,-1.,0.));
#1597=DIRECTION('ref_axis',(-1.,0.,0.));
#1598=DIRECTION('',(-1.,0.,0.));
#1599=DIRECTION('',(0.,0.,-1.));
#1600=DIRECTION('',(1.,0.,0.));
#1601=DIRECTION('',(0.,0.,-1.));
#1602=DIRECTION('center_axis',(1.,0.,0.));
#1603=DIRECTION('ref_axis',(0.,-1.,0.));
#1604=DIRECTION('',(0.,-1.,0.));
#1605=DIRECTION('',(0.,0.,-1.));
#1606=DIRECTION('',(1.78817858680929E-16,1.,0.));
#1607=DIRECTION('',(1.78817858680929E-16,1.,0.));
#1608=DIRECTION('center_axis',(0.,1.,0.));
#1609=DIRECTION('ref_axis',(1.,0.,0.));
#1610=DIRECTION('',(1.,0.,0.));
#1611=DIRECTION('',(0.,0.,-1.));
#1612=DIRECTION('',(-1.,0.,0.));
#1613=DIRECTION('center_axis',(-1.,0.,0.));
#1614=DIRECTION('ref_axis',(0.,1.,0.));
#1615=DIRECTION('',(0.,1.,0.));
#1616=DIRECTION('',(0.,-1.,0.));
#1617=DIRECTION('',(0.,-1.,0.));
#1618=DIRECTION('center_axis',(0.577350269189626,0.577350269189626,-0.577350269189626));
#1619=DIRECTION('ref_axis',(-0.707106781186547,0.,-0.707106781186547));
#1620=DIRECTION('',(-0.707106781186547,0.707106781186547,0.));
#1621=DIRECTION('',(0.707106781186548,0.,0.707106781186548));
#1622=DIRECTION('',(1.25607396694701E-14,-0.707106781186554,-0.707106781186541));
#1623=DIRECTION('center_axis',(-0.577350269189598,0.577350269189639,-0.577350269189639));
#1624=DIRECTION('ref_axis',(-0.707106781186573,0.,0.707106781186522));
#1625=DIRECTION('',(0.,0.707106781186554,0.707106781186541));
#1626=DIRECTION('',(0.707106781186548,-5.0242958677881E-14,-0.707106781186548));
#1627=DIRECTION('',(-0.707106781186573,-0.707106781186522,0.));
#1628=DIRECTION('center_axis',(0.577350269189622,-0.577350269189622,-0.577350269189633));
#1629=DIRECTION('ref_axis',(-0.707106781186554,0.,-0.707106781186541));
#1630=DIRECTION('',(0.707106781186552,0.707106781186542,0.));
#1631=DIRECTION('',(0.,-0.707106781186554,0.707106781186541));
#1632=DIRECTION('',(-0.707106781186548,1.25607396694702E-14,-0.707106781186548));
#1633=DIRECTION('center_axis',(0.577350269189629,0.577350269189629,0.577350269189619));
#1634=DIRECTION('ref_axis',(0.707106781186541,0.,-0.707106781186554));
#1635=DIRECTION('',(-0.707106781186541,0.,0.707106781186554));
#1636=DIRECTION('',(0.707106781186547,-0.707106781186547,0.));
#1637=DIRECTION('',(-1.256073966947E-14,0.707106781186547,-0.707106781186547));
#1638=DIRECTION('center_axis',(0.707106781186548,0.707106781186548,0.));
#1639=DIRECTION('ref_axis',(0.,0.,-1.));
#1640=DIRECTION('',(0.,0.,-1.));
#1641=DIRECTION('',(0.,0.,1.));
#1642=DIRECTION('center_axis',(-0.577350269189626,-0.577350269189626,-0.577350269189626));
#1643=DIRECTION('ref_axis',(-0.707106781186547,0.,0.707106781186547));
#1644=DIRECTION('',(0.707106781186547,-0.707106781186547,0.));
#1645=DIRECTION('',(-0.707106781186548,0.,0.707106781186548));
#1646=DIRECTION('',(-1.25607396694701E-14,0.707106781186554,-0.707106781186541));
#1647=DIRECTION('center_axis',(-0.707106781186548,0.,-0.707106781186548));
#1648=DIRECTION('ref_axis',(-0.707106781186548,0.,0.707106781186548));
#1649=DIRECTION('',(0.,1.,0.));
#1650=DIRECTION('',(0.,-1.,0.));
#1651=DIRECTION('center_axis',(0.,-0.707106781186541,-0.707106781186554));
#1652=DIRECTION('ref_axis',(-1.,0.,0.));
#1653=DIRECTION('',(-1.,0.,0.));
#1654=DIRECTION('',(1.,0.,0.));
#1655=DIRECTION('center_axis',(-0.577350269189602,0.577350269189643,0.577350269189633));
#1656=DIRECTION('ref_axis',(0.707106781186566,0.,0.707106781186529));
#1657=DIRECTION('',(0.,-0.707106781186547,0.707106781186547));
#1658=DIRECTION('',(0.707106781186573,0.707106781186522,0.));
#1659=DIRECTION('',(-0.707106781186541,5.02429586778805E-14,-0.707106781186554));
#1660=DIRECTION('center_axis',(-0.707106781186522,0.707106781186573,0.));
#1661=DIRECTION('ref_axis',(0.,0.,1.));
#1662=DIRECTION('',(0.,0.,-1.));
#1663=DIRECTION('',(0.,0.,1.));
#1664=DIRECTION('center_axis',(0.577350269189627,-0.577350269189635,0.577350269189616));
#1665=DIRECTION('ref_axis',(0.707106781186541,0.,-0.707106781186554));
#1666=DIRECTION('',(0.,0.707106781186541,0.707106781186554));
#1667=DIRECTION('',(-0.707106781186552,-0.707106781186542,0.));
#1668=DIRECTION('',(0.707106781186541,0.,-0.707106781186554));
#1669=DIRECTION('center_axis',(0.707106781186543,-0.707106781186553,0.));
#1670=DIRECTION('ref_axis',(0.,0.,-1.));
#1671=DIRECTION('',(0.,0.,-1.));
#1672=DIRECTION('',(0.,0.,1.));
#1673=DIRECTION('center_axis',(0.707106781186554,0.,0.707106781186541));
#1674=DIRECTION('ref_axis',(0.707106781186541,0.,-0.707106781186554));
#1675=DIRECTION('',(0.,-1.,0.));
#1676=DIRECTION('',(0.,1.,0.));
#1677=DIRECTION('center_axis',(-0.577350269189633,-0.577350269189633,0.577350269189612));
#1678=DIRECTION('ref_axis',(0.707106781186535,0.,0.70710678118656));
#1679=DIRECTION('',(0.707106781186541,0.,0.707106781186554));
#1680=DIRECTION('',(-0.707106781186547,0.707106781186547,0.));
#1681=DIRECTION('',(1.25607396694701E-14,-0.707106781186541,-0.707106781186554));
#1682=DIRECTION('center_axis',(-0.707106781186548,-0.707106781186548,0.));
#1683=DIRECTION('ref_axis',(0.,0.,1.));
#1684=DIRECTION('',(0.,0.,-1.));
#1685=DIRECTION('',(0.,0.,1.));
#1686=DIRECTION('center_axis',(0.,-0.707106781186554,0.707106781186541));
#1687=DIRECTION('ref_axis',(1.,0.,0.));
#1688=DIRECTION('',(-1.,0.,0.));
#1689=DIRECTION('',(1.,0.,0.));
#1690=DIRECTION('center_axis',(-0.707106781186554,0.,0.707106781186541));
#1691=DIRECTION('ref_axis',(0.707106781186541,0.,0.707106781186554));
#1692=DIRECTION('',(0.,1.,0.));
#1693=DIRECTION('',(0.,-1.,0.));
#1694=DIRECTION('center_axis',(0.,0.707106781186548,0.707106781186548));
#1695=DIRECTION('ref_axis',(1.,0.,0.));
#1696=DIRECTION('',(1.,0.,0.));
#1697=DIRECTION('',(-1.,0.,0.));
#1698=DIRECTION('center_axis',(0.707106781186548,0.,-0.707106781186548));
#1699=DIRECTION('ref_axis',(-0.707106781186548,0.,-0.707106781186548));
#1700=DIRECTION('',(0.,-1.,0.));
#1701=DIRECTION('',(0.,1.,0.));
#1702=DIRECTION('center_axis',(0.,0.707106781186541,-0.707106781186554));
#1703=DIRECTION('ref_axis',(-1.,0.,0.));
#1704=DIRECTION('',(1.,0.,0.));
#1705=DIRECTION('',(-1.,0.,0.));
#1706=DIRECTION('center_axis',(-1.,0.,0.));
#1707=DIRECTION('ref_axis',(0.,-1.,0.));
#1708=DIRECTION('center_axis',(0.,0.,1.));
#1709=DIRECTION('ref_axis',(-1.,0.,0.));
#1710=DIRECTION('center_axis',(0.,-1.,0.));
#1711=DIRECTION('ref_axis',(1.,0.,0.));
#1712=DIRECTION('center_axis',(0.,1.,0.));
#1713=DIRECTION('ref_axis',(-1.,0.,0.));
#1714=DIRECTION('center_axis',(1.,0.,0.));
#1715=DIRECTION('ref_axis',(0.,1.,0.));
#1716=DIRECTION('center_axis',(0.,0.,1.));
#1717=DIRECTION('ref_axis',(1.,0.,0.));
#1718=CARTESIAN_POINT('',(0.,0.,0.));
#1719=CARTESIAN_POINT('Origin',(-76.5,87.,55.));
#1720=CARTESIAN_POINT('',(-75.5,87.,55.));
#1721=CARTESIAN_POINT('Origin',(-76.5,87.,55.));
#1722=CARTESIAN_POINT('',(-75.5,87.,50.));
#1723=CARTESIAN_POINT('',(-75.5,87.,55.));
#1724=CARTESIAN_POINT('Origin',(-76.5,87.,50.));
#1725=CARTESIAN_POINT('Origin',(76.5,135.,55.));
#1726=CARTESIAN_POINT('',(77.5,135.,55.));
#1727=CARTESIAN_POINT('Origin',(76.5,135.,55.));
#1728=CARTESIAN_POINT('',(77.5,135.,50.));
#1729=CARTESIAN_POINT('',(77.5,135.,55.));
#1730=CARTESIAN_POINT('Origin',(76.5,135.,50.));
#1731=CARTESIAN_POINT('Origin',(-76.5,135.,55.));
#1732=CARTESIAN_POINT('',(-75.5,135.,55.));
#1733=CARTESIAN_POINT('Origin',(-76.5,135.,55.));
#1734=CARTESIAN_POINT('',(-75.5,135.,50.));
#1735=CARTESIAN_POINT('',(-75.5,135.,55.));
#1736=CARTESIAN_POINT('Origin',(-76.5,135.,50.));
#1737=CARTESIAN_POINT('Origin',(76.5,87.,55.));
#1738=CARTESIAN_POINT('',(77.5,87.,55.));
#1739=CARTESIAN_POINT('Origin',(76.5,87.,55.));
#1740=CARTESIAN_POINT('',(77.5,87.,50.));
#1741=CARTESIAN_POINT('',(77.5,87.,55.));
#1742=CARTESIAN_POINT('Origin',(76.5,87.,50.));
#1743=CARTESIAN_POINT('Origin',(29.5,50.5,53.));
#1744=CARTESIAN_POINT('',(30.5,50.5,53.));
#1745=CARTESIAN_POINT('Origin',(29.5,50.5,53.));
#1746=CARTESIAN_POINT('',(30.5,50.5,50.));
#1747=CARTESIAN_POINT('',(30.5,50.5,53.));
#1748=CARTESIAN_POINT('Origin',(29.5,50.5,50.));
#1749=CARTESIAN_POINT('Origin',(-29.5,50.5,53.));
#1750=CARTESIAN_POINT('',(-28.5,50.5,53.));
#1751=CARTESIAN_POINT('Origin',(-29.5,50.5,53.));
#1752=CARTESIAN_POINT('',(-28.5,50.5,50.));
#1753=CARTESIAN_POINT('',(-28.5,50.5,53.));
#1754=CARTESIAN_POINT('Origin',(-29.5,50.5,50.));
#1755=CARTESIAN_POINT('Origin',(59.5,15.5,53.));
#1756=CARTESIAN_POINT('',(60.5,15.5,53.));
#1757=CARTESIAN_POINT('Origin',(59.5,15.5,53.));
#1758=CARTESIAN_POINT('',(60.5,15.5,50.));
#1759=CARTESIAN_POINT('',(60.5,15.5,53.));
#1760=CARTESIAN_POINT('Origin',(59.5,15.5,50.));
#1761=CARTESIAN_POINT('Origin',(-59.5,15.5,53.));
#1762=CARTESIAN_POINT('',(-58.5,15.5,53.));
#1763=CARTESIAN_POINT('Origin',(-59.5,15.5,53.));
#1764=CARTESIAN_POINT('',(-58.5,15.5,50.));
#1765=CARTESIAN_POINT('',(-58.5,15.5,53.));
#1766=CARTESIAN_POINT('Origin',(-59.5,15.5,50.));
#1767=CARTESIAN_POINT('Origin',(72.5,62.5,55.));
#1768=CARTESIAN_POINT('',(75.,62.5,55.));
#1769=CARTESIAN_POINT('Origin',(72.5,62.5,55.));
#1770=CARTESIAN_POINT('',(75.,62.5,50.));
#1771=CARTESIAN_POINT('',(75.,62.5,55.));
#1772=CARTESIAN_POINT('Origin',(72.5,62.5,50.));
#1773=CARTESIAN_POINT('Origin',(-72.5,62.5,55.));
#1774=CARTESIAN_POINT('',(-70.,62.5,55.));
#1775=CARTESIAN_POINT('Origin',(-72.5,62.5,55.));
#1776=CARTESIAN_POINT('',(-70.,62.5,50.));
#1777=CARTESIAN_POINT('',(-70.,62.5,55.));
#1778=CARTESIAN_POINT('Origin',(-72.5,62.5,50.));
#1779=CARTESIAN_POINT('Origin',(44.163712110695,14.5,53.));
#1780=CARTESIAN_POINT('',(49.4422832818991,19.0974652136294,53.));
#1781=CARTESIAN_POINT('',(44.163712110695,7.50000000000002,53.));
#1782=CARTESIAN_POINT('Origin',(44.163712110695,14.5,53.));
#1783=CARTESIAN_POINT('',(49.4422832818991,19.0974652136294,50.));
#1784=CARTESIAN_POINT('',(49.4422832818991,19.0974652136294,53.));
#1785=CARTESIAN_POINT('',(44.163712110695,7.50000000000002,50.));
#1786=CARTESIAN_POINT('Origin',(44.163712110695,14.5,50.));
#1787=CARTESIAN_POINT('',(44.163712110695,7.50000000000002,53.));
#1788=CARTESIAN_POINT('Origin',(9.04897915063568,65.4749625495245,53.));
#1789=CARTESIAN_POINT('',(9.04897915063568,65.4749625495245,53.));
#1790=CARTESIAN_POINT('',(2.26224478765893,73.2671390403496,53.));
#1791=CARTESIAN_POINT('',(9.04897915063568,65.4749625495245,50.));
#1792=CARTESIAN_POINT('',(9.04897915063568,65.4749625495245,53.));
#1793=CARTESIAN_POINT('',(2.26224478765893,73.2671390403496,50.));
#1794=CARTESIAN_POINT('Origin',(5.55111512312578E-15,57.5935936118741,53.));
#1795=CARTESIAN_POINT('',(-9.04897915063565,65.4749625495245,53.));
#1796=CARTESIAN_POINT('Origin',(5.55111512312578E-15,57.5935936118741,53.));
#1797=CARTESIAN_POINT('',(-9.04897915063565,65.4749625495245,50.));
#1798=CARTESIAN_POINT('',(-9.04897915063565,65.4749625495245,53.));
#1799=CARTESIAN_POINT('Origin',(5.55111512312578E-15,57.5935936118741,50.));
#1800=CARTESIAN_POINT('Origin',(-49.4422832818991,19.0974652136294,53.));
#1801=CARTESIAN_POINT('',(-49.4422832818991,19.0974652136294,53.));
#1802=CARTESIAN_POINT('',(-22.4588968532906,50.0783903724021,53.));
#1803=CARTESIAN_POINT('',(-49.4422832818991,19.0974652136294,50.));
#1804=CARTESIAN_POINT('',(-49.4422832818991,19.0974652136294,53.));
#1805=CARTESIAN_POINT('',(-22.4588968532906,50.0783903724021,50.));
#1806=CARTESIAN_POINT('Origin',(-44.163712110695,14.5,53.));
#1807=CARTESIAN_POINT('',(-44.163712110695,7.50000000000002,53.));
#1808=CARTESIAN_POINT('Origin',(-44.163712110695,14.5,53.));
#1809=CARTESIAN_POINT('',(-44.163712110695,7.50000000000002,50.));
#1810=CARTESIAN_POINT('',(-44.163712110695,7.50000000000002,53.));
#1811=CARTESIAN_POINT('Origin',(-44.163712110695,14.5,50.));
#1812=CARTESIAN_POINT('Origin',(-14.8211167357966,77.1186310623496,53.));
#1813=CARTESIAN_POINT('',(-14.8211167357966,77.1186310623496,53.));
#1814=CARTESIAN_POINT('',(-55.2214288287959,30.7330875481653,53.));
#1815=CARTESIAN_POINT('',(-9.67280315555722,83.0296577655874,53.));
#1816=CARTESIAN_POINT('',(-14.8211167357966,77.1186310623496,50.));
#1817=CARTESIAN_POINT('',(-14.8211167357966,77.1186310623496,53.));
#1818=CARTESIAN_POINT('',(-55.2214288287959,30.7330875481653,50.));
#1819=CARTESIAN_POINT('',(-9.67280315555722,83.0296577655874,50.));
#1820=CARTESIAN_POINT('',(-55.2214288287959,30.7330875481653,53.));
#1821=CARTESIAN_POINT('Origin',(-23.8700958864323,85.,53.));
#1822=CARTESIAN_POINT('',(-14.8211167357966,92.8813689376504,53.));
#1823=CARTESIAN_POINT('Origin',(-23.8700958864323,85.,53.));
#1824=CARTESIAN_POINT('',(-14.8211167357966,92.8813689376504,50.));
#1825=CARTESIAN_POINT('',(-14.8211167357966,92.8813689376504,53.));
#1826=CARTESIAN_POINT('Origin',(-23.8700958864323,85.,50.));
#1827=CARTESIAN_POINT('Origin',(-55.2214288287959,139.266912451835,53.));
#1828=CARTESIAN_POINT('',(-55.2214288287959,139.266912451835,53.));
#1829=CARTESIAN_POINT('',(-29.8729592020568,110.163113991505,53.));
#1830=CARTESIAN_POINT('',(-55.2214288287959,139.266912451835,50.));
#1831=CARTESIAN_POINT('',(-55.2214288287959,139.266912451835,53.));
#1832=CARTESIAN_POINT('',(-29.8729592020569,110.163113991505,50.));
#1833=CARTESIAN_POINT('Origin',(-60.5,134.669447238205,53.));
#1834=CARTESIAN_POINT('',(-67.5,134.669447238205,53.));
#1835=CARTESIAN_POINT('Origin',(-60.5,134.669447238205,53.));
#1836=CARTESIAN_POINT('',(-67.5,134.669447238205,50.));
#1837=CARTESIAN_POINT('',(-67.5,134.669447238205,53.));
#1838=CARTESIAN_POINT('Origin',(-60.5,134.669447238205,50.));
#1839=CARTESIAN_POINT('Ctrl Pts',(-67.5,45.,53.));
#1840=CARTESIAN_POINT('Ctrl Pts',(-67.5,45.,50.));
#1841=CARTESIAN_POINT('Ctrl Pts',(-66.7585043386065,45.9826534695531,53.));
#1842=CARTESIAN_POINT('Ctrl Pts',(-66.7585043386065,45.9826534695531,50.));
#1843=CARTESIAN_POINT('Ctrl Pts',(-65.3191849277892,47.8941116502568,53.));
#1844=CARTESIAN_POINT('Ctrl Pts',(-65.3191849277892,47.8941116502568,50.));
#1845=CARTESIAN_POINT('Ctrl Pts',(-63.2912208220092,50.5997531185832,53.));
#1846=CARTESIAN_POINT('Ctrl Pts',(-63.2912208220092,50.5997531185832,50.));
#1847=CARTESIAN_POINT('Ctrl Pts',(-60.8512095240174,53.8818303344566,53.));
#1848=CARTESIAN_POINT('Ctrl Pts',(-60.8512095240174,53.8818303344566,50.));
#1849=CARTESIAN_POINT('Ctrl Pts',(-58.2546015247297,57.4350482620918,53.));
#1850=CARTESIAN_POINT('Ctrl Pts',(-58.2546015247297,57.4350482620918,50.));
#1851=CARTESIAN_POINT('Ctrl Pts',(-56.1319044771336,60.4429222680746,53.));
#1852=CARTESIAN_POINT('Ctrl Pts',(-56.1319044771336,60.4429222680746,50.));
#1853=CARTESIAN_POINT('Ctrl Pts',(-54.5079487070019,62.9339555173052,53.));
#1854=CARTESIAN_POINT('Ctrl Pts',(-54.5079487070019,62.9339555173052,50.));
#1855=CARTESIAN_POINT('Ctrl Pts',(-53.4080619526681,64.9769745315337,53.));
#1856=CARTESIAN_POINT('Ctrl Pts',(-53.4080619526681,64.9769745315337,50.));
#1857=CARTESIAN_POINT('Ctrl Pts',(-52.8531970011114,66.6978943697506,53.));
#1858=CARTESIAN_POINT('Ctrl Pts',(-52.8531970011114,66.6978943697506,50.));
#1859=CARTESIAN_POINT('Ctrl Pts',(-52.8531970011107,68.3021061968141,53.));
#1860=CARTESIAN_POINT('Ctrl Pts',(-52.8531970011107,68.3021061968141,50.));
#1861=CARTESIAN_POINT('Ctrl Pts',(-53.4080619526674,70.0230260135485,53.));
#1862=CARTESIAN_POINT('Ctrl Pts',(-53.4080619526674,70.0230260135485,50.));
#1863=CARTESIAN_POINT('Ctrl Pts',(-54.5079487070043,72.0660449851975,53.));
#1864=CARTESIAN_POINT('Ctrl Pts',(-54.5079487070043,72.0660449851975,50.));
#1865=CARTESIAN_POINT('Ctrl Pts',(-56.1319044771428,74.5570781715719,53.));
#1866=CARTESIAN_POINT('Ctrl Pts',(-56.1319044771428,74.5570781715719,50.));
#1867=CARTESIAN_POINT('Ctrl Pts',(-58.2546015247469,77.5649520954148,53.));
#1868=CARTESIAN_POINT('Ctrl Pts',(-58.2546015247469,77.5649520954148,50.));
#1869=CARTESIAN_POINT('Ctrl Pts',(-60.8512095240404,81.1181699226015,53.));
#1870=CARTESIAN_POINT('Ctrl Pts',(-60.8512095240404,81.1181699226015,50.));
#1871=CARTESIAN_POINT('Ctrl Pts',(-63.2912208220307,84.400247044116,53.));
#1872=CARTESIAN_POINT('Ctrl Pts',(-63.2912208220307,84.400247044116,50.));
#1873=CARTESIAN_POINT('Ctrl Pts',(-65.3191849278033,87.105888434039,53.));
#1874=CARTESIAN_POINT('Ctrl Pts',(-65.3191849278033,87.105888434039,50.));
#1875=CARTESIAN_POINT('Ctrl Pts',(-66.7585043386118,89.0173465591068,53.));
#1876=CARTESIAN_POINT('Ctrl Pts',(-66.7585043386118,89.0173465591068,50.));
#1877=CARTESIAN_POINT('Ctrl Pts',(-67.5,90.,53.));
#1878=CARTESIAN_POINT('Ctrl Pts',(-67.5,90.,50.));
#1879=CARTESIAN_POINT('',(-67.5,45.,53.));
#1880=CARTESIAN_POINT('',(-67.5,90.,53.));
#1881=CARTESIAN_POINT('Ctrl Pts',(-67.5,45.,53.));
#1882=CARTESIAN_POINT('Ctrl Pts',(-66.7585043386065,45.9826534695531,53.));
#1883=CARTESIAN_POINT('Ctrl Pts',(-65.3191849277892,47.8941116502568,53.));
#1884=CARTESIAN_POINT('Ctrl Pts',(-63.2912208220092,50.5997531185832,53.));
#1885=CARTESIAN_POINT('Ctrl Pts',(-60.8512095240174,53.8818303344566,53.));
#1886=CARTESIAN_POINT('Ctrl Pts',(-58.2546015247297,57.4350482620918,53.));
#1887=CARTESIAN_POINT('Ctrl Pts',(-56.1319044771336,60.4429222680746,53.));
#1888=CARTESIAN_POINT('Ctrl Pts',(-54.5079487070019,62.9339555173052,53.));
#1889=CARTESIAN_POINT('Ctrl Pts',(-53.4080619526681,64.9769745315337,53.));
#1890=CARTESIAN_POINT('Ctrl Pts',(-52.8531970011114,66.6978943697506,53.));
#1891=CARTESIAN_POINT('Ctrl Pts',(-52.8531970011107,68.3021061968141,53.));
#1892=CARTESIAN_POINT('Ctrl Pts',(-53.4080619526674,70.0230260135485,53.));
#1893=CARTESIAN_POINT('Ctrl Pts',(-54.5079487070043,72.0660449851975,53.));
#1894=CARTESIAN_POINT('Ctrl Pts',(-56.1319044771428,74.5570781715719,53.));
#1895=CARTESIAN_POINT('Ctrl Pts',(-58.2546015247469,77.5649520954148,53.));
#1896=CARTESIAN_POINT('Ctrl Pts',(-60.8512095240404,81.1181699226015,53.));
#1897=CARTESIAN_POINT('Ctrl Pts',(-63.2912208220307,84.400247044116,53.));
#1898=CARTESIAN_POINT('Ctrl Pts',(-65.3191849278033,87.105888434039,53.));
#1899=CARTESIAN_POINT('Ctrl Pts',(-66.7585043386118,89.0173465591068,53.));
#1900=CARTESIAN_POINT('Ctrl Pts',(-67.5,90.,53.));
#1901=CARTESIAN_POINT('',(-67.5,45.,50.));
#1902=CARTESIAN_POINT('',(-67.5,45.,53.));
#1903=CARTESIAN_POINT('',(-67.5,90.,50.));
#1904=CARTESIAN_POINT('Ctrl Pts',(-67.5,90.,50.));
#1905=CARTESIAN_POINT('Ctrl Pts',(-66.7585043386118,89.0173465591068,50.));
#1906=CARTESIAN_POINT('Ctrl Pts',(-65.3191849278033,87.105888434039,50.));
#1907=CARTESIAN_POINT('Ctrl Pts',(-63.2912208220307,84.400247044116,50.));
#1908=CARTESIAN_POINT('Ctrl Pts',(-60.8512095240404,81.1181699226015,50.));
#1909=CARTESIAN_POINT('Ctrl Pts',(-58.2546015247469,77.5649520954148,50.));
#1910=CARTESIAN_POINT('Ctrl Pts',(-56.1319044771428,74.5570781715719,50.));
#1911=CARTESIAN_POINT('Ctrl Pts',(-54.5079487070043,72.0660449851975,50.));
#1912=CARTESIAN_POINT('Ctrl Pts',(-53.4080619526674,70.0230260135485,50.));
#1913=CARTESIAN_POINT('Ctrl Pts',(-52.8531970011107,68.3021061968141,50.));
#1914=CARTESIAN_POINT('Ctrl Pts',(-52.8531970011114,66.6978943697506,50.));
#1915=CARTESIAN_POINT('Ctrl Pts',(-53.4080619526681,64.9769745315337,50.));
#1916=CARTESIAN_POINT('Ctrl Pts',(-54.5079487070019,62.9339555173052,50.));
#1917=CARTESIAN_POINT('Ctrl Pts',(-56.1319044771336,60.4429222680746,50.));
#1918=CARTESIAN_POINT('Ctrl Pts',(-58.2546015247297,57.4350482620918,50.));
#1919=CARTESIAN_POINT('Ctrl Pts',(-60.8512095240174,53.8818303344566,50.));
#1920=CARTESIAN_POINT('Ctrl Pts',(-63.2912208220092,50.5997531185832,50.));
#1921=CARTESIAN_POINT('Ctrl Pts',(-65.3191849277892,47.8941116502568,50.));
#1922=CARTESIAN_POINT('Ctrl Pts',(-66.7585043386065,45.9826534695531,50.));
#1923=CARTESIAN_POINT('Ctrl Pts',(-67.5,45.,50.));
#1924=CARTESIAN_POINT('',(-67.5,90.,53.));
#1925=CARTESIAN_POINT('Origin',(-60.5,35.3305527617947,53.));
#1926=CARTESIAN_POINT('',(-67.5,35.3305527617947,53.));
#1927=CARTESIAN_POINT('Origin',(-60.5,35.3305527617947,53.));
#1928=CARTESIAN_POINT('',(-67.5,35.3305527617947,50.));
#1929=CARTESIAN_POINT('Origin',(-60.5,35.3305527617947,50.));
#1930=CARTESIAN_POINT('',(-67.5,35.3305527617947,53.));
#1931=CARTESIAN_POINT('Origin',(55.2214288287959,30.7330875481653,53.));
#1932=CARTESIAN_POINT('',(55.2214288287959,30.7330875481653,53.));
#1933=CARTESIAN_POINT('',(14.8211167357966,77.1186310623496,53.));
#1934=CARTESIAN_POINT('',(29.8729592020569,59.8368860084952,53.));
#1935=CARTESIAN_POINT('',(55.2214288287959,30.7330875481653,50.));
#1936=CARTESIAN_POINT('',(55.2214288287959,30.7330875481653,53.));
#1937=CARTESIAN_POINT('',(14.8211167357966,77.1186310623496,50.));
#1938=CARTESIAN_POINT('',(29.8729592020569,59.8368860084952,50.));
#1939=CARTESIAN_POINT('',(14.8211167357966,77.1186310623496,53.));
#1940=CARTESIAN_POINT('Origin',(60.5,35.3305527617947,53.));
#1941=CARTESIAN_POINT('',(67.5,35.3305527617947,53.));
#1942=CARTESIAN_POINT('Origin',(60.5,35.3305527617947,53.));
#1943=CARTESIAN_POINT('',(67.5,35.3305527617947,50.));
#1944=CARTESIAN_POINT('',(67.5,35.3305527617947,53.));
#1945=CARTESIAN_POINT('Origin',(60.5,35.3305527617947,50.));
#1946=CARTESIAN_POINT('Ctrl Pts',(67.5,90.,53.));
#1947=CARTESIAN_POINT('Ctrl Pts',(67.5,90.,50.));
#1948=CARTESIAN_POINT('Ctrl Pts',(66.7585043386118,89.0173465591068,53.));
#1949=CARTESIAN_POINT('Ctrl Pts',(66.7585043386118,89.0173465591068,50.));
#1950=CARTESIAN_POINT('Ctrl Pts',(65.3191849278033,87.105888434039,53.));
#1951=CARTESIAN_POINT('Ctrl Pts',(65.3191849278033,87.105888434039,50.));
#1952=CARTESIAN_POINT('Ctrl Pts',(63.2912208220307,84.400247044116,53.));
#1953=CARTESIAN_POINT('Ctrl Pts',(63.2912208220307,84.400247044116,50.));
#1954=CARTESIAN_POINT('Ctrl Pts',(60.8512095240404,81.1181699226015,53.));
#1955=CARTESIAN_POINT('Ctrl Pts',(60.8512095240404,81.1181699226015,50.));
#1956=CARTESIAN_POINT('Ctrl Pts',(58.2546015247469,77.5649520954148,53.));
#1957=CARTESIAN_POINT('Ctrl Pts',(58.2546015247469,77.5649520954148,50.));
#1958=CARTESIAN_POINT('Ctrl Pts',(56.1319044771428,74.5570781715719,53.));
#1959=CARTESIAN_POINT('Ctrl Pts',(56.1319044771428,74.5570781715719,50.));
#1960=CARTESIAN_POINT('Ctrl Pts',(54.5079487070044,72.0660449851975,53.));
#1961=CARTESIAN_POINT('Ctrl Pts',(54.5079487070044,72.0660449851975,50.));
#1962=CARTESIAN_POINT('Ctrl Pts',(53.4080619526674,70.0230260135485,53.));
#1963=CARTESIAN_POINT('Ctrl Pts',(53.4080619526674,70.0230260135485,50.));
#1964=CARTESIAN_POINT('Ctrl Pts',(52.8531970011108,68.3021061968141,53.));
#1965=CARTESIAN_POINT('Ctrl Pts',(52.8531970011108,68.3021061968141,50.));
#1966=CARTESIAN_POINT('Ctrl Pts',(52.8531970011115,66.6978943697506,53.));
#1967=CARTESIAN_POINT('Ctrl Pts',(52.8531970011115,66.6978943697506,50.));
#1968=CARTESIAN_POINT('Ctrl Pts',(53.4080619526681,64.9769745315337,53.));
#1969=CARTESIAN_POINT('Ctrl Pts',(53.4080619526681,64.9769745315337,50.));
#1970=CARTESIAN_POINT('Ctrl Pts',(54.5079487070019,62.9339555173052,53.));
#1971=CARTESIAN_POINT('Ctrl Pts',(54.5079487070019,62.9339555173052,50.));
#1972=CARTESIAN_POINT('Ctrl Pts',(56.1319044771336,60.4429222680746,53.));
#1973=CARTESIAN_POINT('Ctrl Pts',(56.1319044771336,60.4429222680746,50.));
#1974=CARTESIAN_POINT('Ctrl Pts',(58.2546015247297,57.4350482620918,53.));
#1975=CARTESIAN_POINT('Ctrl Pts',(58.2546015247297,57.4350482620918,50.));
#1976=CARTESIAN_POINT('Ctrl Pts',(60.8512095240174,53.8818303344566,53.));
#1977=CARTESIAN_POINT('Ctrl Pts',(60.8512095240174,53.8818303344566,50.));
#1978=CARTESIAN_POINT('Ctrl Pts',(63.2912208220092,50.5997531185832,53.));
#1979=CARTESIAN_POINT('Ctrl Pts',(63.2912208220092,50.5997531185832,50.));
#1980=CARTESIAN_POINT('Ctrl Pts',(65.3191849277893,47.8941116502568,53.));
#1981=CARTESIAN_POINT('Ctrl Pts',(65.3191849277893,47.8941116502568,50.));
#1982=CARTESIAN_POINT('Ctrl Pts',(66.7585043386065,45.9826534695531,53.));
#1983=CARTESIAN_POINT('Ctrl Pts',(66.7585043386065,45.9826534695531,50.));
#1984=CARTESIAN_POINT('Ctrl Pts',(67.5,45.,53.));
#1985=CARTESIAN_POINT('Ctrl Pts',(67.5,45.,50.));
#1986=CARTESIAN_POINT('',(67.5,90.,53.));
#1987=CARTESIAN_POINT('',(67.5,45.,53.));
#1988=CARTESIAN_POINT('Ctrl Pts',(67.5,90.,53.));
#1989=CARTESIAN_POINT('Ctrl Pts',(66.7585043386118,89.0173465591068,53.));
#1990=CARTESIAN_POINT('Ctrl Pts',(65.3191849278033,87.105888434039,53.));
#1991=CARTESIAN_POINT('Ctrl Pts',(63.2912208220307,84.400247044116,53.));
#1992=CARTESIAN_POINT('Ctrl Pts',(60.8512095240404,81.1181699226015,53.));
#1993=CARTESIAN_POINT('Ctrl Pts',(58.2546015247469,77.5649520954148,53.));
#1994=CARTESIAN_POINT('Ctrl Pts',(56.1319044771428,74.5570781715719,53.));
#1995=CARTESIAN_POINT('Ctrl Pts',(54.5079487070044,72.0660449851975,53.));
#1996=CARTESIAN_POINT('Ctrl Pts',(53.4080619526674,70.0230260135485,53.));
#1997=CARTESIAN_POINT('Ctrl Pts',(52.8531970011108,68.3021061968141,53.));
#1998=CARTESIAN_POINT('Ctrl Pts',(52.8531970011115,66.6978943697506,53.));
#1999=CARTESIAN_POINT('Ctrl Pts',(53.4080619526681,64.9769745315337,53.));
#2000=CARTESIAN_POINT('Ctrl Pts',(54.5079487070019,62.9339555173052,53.));
#2001=CARTESIAN_POINT('Ctrl Pts',(56.1319044771336,60.4429222680746,53.));
#2002=CARTESIAN_POINT('Ctrl Pts',(58.2546015247297,57.4350482620918,53.));
#2003=CARTESIAN_POINT('Ctrl Pts',(60.8512095240174,53.8818303344566,53.));
#2004=CARTESIAN_POINT('Ctrl Pts',(63.2912208220092,50.5997531185832,53.));
#2005=CARTESIAN_POINT('Ctrl Pts',(65.3191849277893,47.8941116502568,53.));
#2006=CARTESIAN_POINT('Ctrl Pts',(66.7585043386065,45.9826534695531,53.));
#2007=CARTESIAN_POINT('Ctrl Pts',(67.5,45.,53.));
#2008=CARTESIAN_POINT('',(67.5,90.,50.));
#2009=CARTESIAN_POINT('',(67.5,90.,53.));
#2010=CARTESIAN_POINT('',(67.5,45.,50.));
#2011=CARTESIAN_POINT('Ctrl Pts',(67.5,45.,50.));
#2012=CARTESIAN_POINT('Ctrl Pts',(66.7585043386065,45.9826534695531,50.));
#2013=CARTESIAN_POINT('Ctrl Pts',(65.3191849277893,47.8941116502568,50.));
#2014=CARTESIAN_POINT('Ctrl Pts',(63.2912208220092,50.5997531185832,50.));
#2015=CARTESIAN_POINT('Ctrl Pts',(60.8512095240174,53.8818303344566,50.));
#2016=CARTESIAN_POINT('Ctrl Pts',(58.2546015247297,57.4350482620918,50.));
#2017=CARTESIAN_POINT('Ctrl Pts',(56.1319044771336,60.4429222680746,50.));
#2018=CARTESIAN_POINT('Ctrl Pts',(54.5079487070019,62.9339555173052,50.));
#2019=CARTESIAN_POINT('Ctrl Pts',(53.4080619526681,64.9769745315337,50.));
#2020=CARTESIAN_POINT('Ctrl Pts',(52.8531970011115,66.6978943697506,50.));
#2021=CARTESIAN_POINT('Ctrl Pts',(52.8531970011108,68.3021061968141,50.));
#2022=CARTESIAN_POINT('Ctrl Pts',(53.4080619526674,70.0230260135485,50.));
#2023=CARTESIAN_POINT('Ctrl Pts',(54.5079487070044,72.0660449851975,50.));
#2024=CARTESIAN_POINT('Ctrl Pts',(56.1319044771428,74.5570781715719,50.));
#2025=CARTESIAN_POINT('Ctrl Pts',(58.2546015247469,77.5649520954148,50.));
#2026=CARTESIAN_POINT('Ctrl Pts',(60.8512095240404,81.1181699226015,50.));
#2027=CARTESIAN_POINT('Ctrl Pts',(63.2912208220307,84.400247044116,50.));
#2028=CARTESIAN_POINT('Ctrl Pts',(65.3191849278033,87.105888434039,50.));
#2029=CARTESIAN_POINT('Ctrl Pts',(66.7585043386118,89.0173465591068,50.));
#2030=CARTESIAN_POINT('Ctrl Pts',(67.5,90.,50.));
#2031=CARTESIAN_POINT('',(67.5,45.,53.));
#2032=CARTESIAN_POINT('Origin',(60.5,134.669447238205,53.));
#2033=CARTESIAN_POINT('',(55.2214288287959,139.266912451835,53.));
#2034=CARTESIAN_POINT('',(67.5,134.669447238205,53.));
#2035=CARTESIAN_POINT('Origin',(60.5,134.669447238205,53.));
#2036=CARTESIAN_POINT('',(55.2214288287959,139.266912451835,50.));
#2037=CARTESIAN_POINT('',(55.2214288287959,139.266912451835,53.));
#2038=CARTESIAN_POINT('',(67.5,134.669447238205,50.));
#2039=CARTESIAN_POINT('Origin',(60.5,134.669447238205,50.));
#2040=CARTESIAN_POINT('',(67.5,134.669447238205,53.));
#2041=CARTESIAN_POINT('Origin',(14.8211167357966,92.8813689376504,53.));
#2042=CARTESIAN_POINT('',(14.8211167357966,92.8813689376504,53.));
#2043=CARTESIAN_POINT('',(9.67280315555725,86.9703422344126,53.));
#2044=CARTESIAN_POINT('',(14.8211167357966,92.8813689376504,50.));
#2045=CARTESIAN_POINT('',(14.8211167357966,92.8813689376504,53.));
#2046=CARTESIAN_POINT('',(9.67280315555725,86.9703422344126,50.));
#2047=CARTESIAN_POINT('Origin',(23.8700958864323,85.,53.));
#2048=CARTESIAN_POINT('Origin',(23.8700958864323,85.,53.));
#2049=CARTESIAN_POINT('Origin',(23.8700958864323,85.,50.));
#2050=CARTESIAN_POINT('Origin',(-9.04897915063566,104.525037450476,53.));
#2051=CARTESIAN_POINT('',(-9.04897915063566,104.525037450476,53.));
#2052=CARTESIAN_POINT('',(-49.4422832818991,150.902534786371,53.));
#2053=CARTESIAN_POINT('',(-2.26224478765891,96.7328609596504,53.));
#2054=CARTESIAN_POINT('',(-9.04897915063566,104.525037450476,50.));
#2055=CARTESIAN_POINT('',(-9.04897915063566,104.525037450476,53.));
#2056=CARTESIAN_POINT('',(-49.4422832818991,150.902534786371,50.));
#2057=CARTESIAN_POINT('',(-2.26224478765891,96.7328609596504,50.));
#2058=CARTESIAN_POINT('',(-49.4422832818991,150.902534786371,53.));
#2059=CARTESIAN_POINT('Origin',(1.55431223447522E-14,112.406406388126,53.));
#2060=CARTESIAN_POINT('',(9.04897915063567,104.525037450476,53.));
#2061=CARTESIAN_POINT('Origin',(1.55431223447522E-14,112.406406388126,53.));
#2062=CARTESIAN_POINT('',(9.04897915063566,104.525037450476,50.));
#2063=CARTESIAN_POINT('',(9.04897915063567,104.525037450476,53.));
#2064=CARTESIAN_POINT('Origin',(1.55431223447522E-14,112.406406388126,50.));
#2065=CARTESIAN_POINT('Origin',(49.4422832818991,150.902534786371,53.));
#2066=CARTESIAN_POINT('',(49.4422832818991,150.902534786371,53.));
#2067=CARTESIAN_POINT('',(22.4588968532906,119.921609627598,53.));
#2068=CARTESIAN_POINT('',(49.4422832818991,150.902534786371,50.));
#2069=CARTESIAN_POINT('',(49.4422832818991,150.902534786371,53.));
#2070=CARTESIAN_POINT('',(22.4588968532906,119.921609627598,50.));
#2071=CARTESIAN_POINT('Origin',(44.163712110695,155.5,53.));
#2072=CARTESIAN_POINT('',(44.163712110695,162.5,53.));
#2073=CARTESIAN_POINT('Origin',(44.163712110695,155.5,53.));
#2074=CARTESIAN_POINT('',(44.163712110695,162.5,50.));
#2075=CARTESIAN_POINT('',(44.163712110695,162.5,53.));
#2076=CARTESIAN_POINT('Origin',(44.163712110695,155.5,50.));
#2077=CARTESIAN_POINT('Origin',(-44.163712110695,155.5,53.));
#2078=CARTESIAN_POINT('',(-44.163712110695,162.5,53.));
#2079=CARTESIAN_POINT('Origin',(-44.163712110695,155.5,53.));
#2080=CARTESIAN_POINT('',(-44.163712110695,162.5,50.));
#2081=CARTESIAN_POINT('Origin',(-44.163712110695,155.5,50.));
#2082=CARTESIAN_POINT('',(-44.163712110695,162.5,53.));
#2083=CARTESIAN_POINT('Origin',(8.88178419700125E-15,85.,53.));
#2084=CARTESIAN_POINT('',(67.5,7.50000000000002,53.));
#2085=CARTESIAN_POINT('Origin',(8.88178419700125E-15,85.,53.));
#2086=CARTESIAN_POINT('',(-67.5,162.5,53.));
#2087=CARTESIAN_POINT('Origin',(8.88178419700125E-15,85.,53.));
#2088=CARTESIAN_POINT('',(67.5,7.50000000000002,53.));
#2089=CARTESIAN_POINT('',(-67.5,7.50000000000002,53.));
#2090=CARTESIAN_POINT('',(67.5,7.50000000000002,53.));
#2091=CARTESIAN_POINT('',(67.5,162.5,53.));
#2092=CARTESIAN_POINT('',(67.5,7.50000000000002,53.));
#2093=CARTESIAN_POINT('',(67.5,162.5,53.));
#2094=CARTESIAN_POINT('',(-67.5,162.5,53.));
#2095=CARTESIAN_POINT('',(67.5,162.5,53.));
#2096=CARTESIAN_POINT('',(-67.5,162.5,53.));
#2097=CARTESIAN_POINT('',(-67.5,7.50000000000002,53.));
#2098=CARTESIAN_POINT('',(-67.5,162.5,53.));
#2099=CARTESIAN_POINT('',(-67.5,7.50000000000002,53.));
#2100=CARTESIAN_POINT('Origin',(67.5,7.50000000000002,55.));
#2101=CARTESIAN_POINT('',(67.5,7.50000000000002,55.));
#2102=CARTESIAN_POINT('',(-67.5,7.50000000000002,55.));
#2103=CARTESIAN_POINT('',(33.75,7.50000000000002,55.));
#2104=CARTESIAN_POINT('',(67.5,7.50000000000002,55.));
#2105=CARTESIAN_POINT('',(22.0818560553475,7.50000000000002,50.));
#2106=CARTESIAN_POINT('',(-67.5,7.50000000000002,55.));
#2107=CARTESIAN_POINT('Origin',(67.5,162.5,55.));
#2108=CARTESIAN_POINT('',(67.5,162.5,55.));
#2109=CARTESIAN_POINT('',(67.5,123.75,55.));
#2110=CARTESIAN_POINT('',(67.5,162.5,55.));
#2111=CARTESIAN_POINT('',(67.5,109.834723619103,50.));
#2112=CARTESIAN_POINT('',(67.5,65.,50.));
#2113=CARTESIAN_POINT('Origin',(-67.5,162.5,55.));
#2114=CARTESIAN_POINT('',(-67.5,162.5,55.));
#2115=CARTESIAN_POINT('',(-33.75,162.5,55.));
#2116=CARTESIAN_POINT('',(-67.5,162.5,55.));
#2117=CARTESIAN_POINT('',(-22.0818560553475,162.5,50.));
#2118=CARTESIAN_POINT('Origin',(-67.5,7.50000000000002,55.));
#2119=CARTESIAN_POINT('',(-67.5,46.25,55.));
#2120=CARTESIAN_POINT('',(-67.5,60.1652763808973,50.));
#2121=CARTESIAN_POINT('',(-67.5,87.5,50.));
#2122=CARTESIAN_POINT('Origin',(79.5,169.5,50.));
#2123=CARTESIAN_POINT('',(80.,169.5,50.5));
#2124=CARTESIAN_POINT('',(79.5,170.,50.5));
#2125=CARTESIAN_POINT('',(80.,169.5,50.5));
#2126=CARTESIAN_POINT('',(79.5,169.5,50.));
#2127=CARTESIAN_POINT('',(79.5,169.5,50.));
#2128=CARTESIAN_POINT('',(79.5,170.,50.5));
#2129=CARTESIAN_POINT('Origin',(-80.,169.5,50.5));
#2130=CARTESIAN_POINT('',(-79.5,169.5,50.));
#2131=CARTESIAN_POINT('',(-79.5,170.,50.5));
#2132=CARTESIAN_POINT('',(-79.5,169.5,50.));
#2133=CARTESIAN_POINT('',(-80.,169.5,50.5));
#2134=CARTESIAN_POINT('',(-80.,169.5,50.5));
#2135=CARTESIAN_POINT('',(-79.5,170.,50.5));
#2136=CARTESIAN_POINT('Origin',(79.5,0.500000000000007,50.));
#2137=CARTESIAN_POINT('',(79.5,0.,50.5));
#2138=CARTESIAN_POINT('',(80.,0.5,50.5));
#2139=CARTESIAN_POINT('',(79.5,0.,50.5));
#2140=CARTESIAN_POINT('',(79.5,0.500000000000007,50.));
#2141=CARTESIAN_POINT('',(79.5,0.500000000000007,50.));
#2142=CARTESIAN_POINT('',(80.,0.499999999999998,50.5));
#2143=CARTESIAN_POINT('Origin',(79.5,170.,54.5));
#2144=CARTESIAN_POINT('',(80.,169.5,54.5));
#2145=CARTESIAN_POINT('',(79.5,169.5,55.));
#2146=CARTESIAN_POINT('',(80.,169.5,54.5));
#2147=CARTESIAN_POINT('',(79.5,170.,54.5));
#2148=CARTESIAN_POINT('',(79.5,170.,54.5));
#2149=CARTESIAN_POINT('',(79.5,169.5,55.));
#2150=CARTESIAN_POINT('Origin',(79.75,169.75,50.));
#2151=CARTESIAN_POINT('',(80.,169.5,50.));
#2152=CARTESIAN_POINT('',(79.5,170.,50.));
#2153=CARTESIAN_POINT('Origin',(-79.5,0.500000000000007,50.));
#2154=CARTESIAN_POINT('',(-80.,0.500000000000007,50.5));
#2155=CARTESIAN_POINT('',(-79.5,0.,50.5));
#2156=CARTESIAN_POINT('',(-80.,0.500000000000007,50.5));
#2157=CARTESIAN_POINT('',(-79.5,0.500000000000007,50.));
#2158=CARTESIAN_POINT('',(-79.5,0.500000000000007,50.));
#2159=CARTESIAN_POINT('',(-79.5,0.,50.5));
#2160=CARTESIAN_POINT('Origin',(-79.75,127.5,50.25));
#2161=CARTESIAN_POINT('',(-80.,127.5,50.5));
#2162=CARTESIAN_POINT('',(-79.5,127.5,50.));
#2163=CARTESIAN_POINT('Origin',(-40.,0.250000000000004,50.25));
#2164=CARTESIAN_POINT('',(-40.,0.,50.5));
#2165=CARTESIAN_POINT('',(-40.,0.500000000000007,50.));
#2166=CARTESIAN_POINT('Origin',(-80.,169.5,54.5));
#2167=CARTESIAN_POINT('',(-79.5,170.,54.5));
#2168=CARTESIAN_POINT('',(-79.5,169.5,55.));
#2169=CARTESIAN_POINT('',(-79.5,170.,54.5));
#2170=CARTESIAN_POINT('',(-80.,169.5,54.5));
#2171=CARTESIAN_POINT('',(-80.,169.5,54.5));
#2172=CARTESIAN_POINT('',(-79.5,169.5,55.));
#2173=CARTESIAN_POINT('Origin',(-79.75,169.75,50.));
#2174=CARTESIAN_POINT('',(-79.5,170.,50.));
#2175=CARTESIAN_POINT('',(-80.,169.5,50.));
#2176=CARTESIAN_POINT('Origin',(80.,0.5,54.5));
#2177=CARTESIAN_POINT('',(79.5,0.,54.5));
#2178=CARTESIAN_POINT('',(79.5,0.499999999999998,55.));
#2179=CARTESIAN_POINT('',(79.5,0.,54.5));
#2180=CARTESIAN_POINT('',(80.,0.499999999999998,54.5));
#2181=CARTESIAN_POINT('',(80.,0.5,54.5));
#2182=CARTESIAN_POINT('',(79.5,0.499999999999998,55.));
#2183=CARTESIAN_POINT('Origin',(79.75,0.25,50.));
#2184=CARTESIAN_POINT('',(79.5,0.,50.));
#2185=CARTESIAN_POINT('',(80.,0.5,50.));
#2186=CARTESIAN_POINT('Origin',(79.75,42.5,54.75));
#2187=CARTESIAN_POINT('',(79.5,42.5,55.));
#2188=CARTESIAN_POINT('',(80.,42.5,54.5));
#2189=CARTESIAN_POINT('Origin',(-79.5,0.,54.5));
#2190=CARTESIAN_POINT('',(-80.,0.500000000000007,54.5));
#2191=CARTESIAN_POINT('',(-79.5,0.500000000000007,55.));
#2192=CARTESIAN_POINT('',(-80.,0.500000000000007,54.5));
#2193=CARTESIAN_POINT('',(-79.5,0.,54.5));
#2194=CARTESIAN_POINT('',(-79.5,0.,54.5));
#2195=CARTESIAN_POINT('',(-79.5,0.499999999999998,55.));
#2196=CARTESIAN_POINT('Origin',(-79.75,0.250000000000004,50.));
#2197=CARTESIAN_POINT('',(-80.,0.500000000000007,50.));
#2198=CARTESIAN_POINT('',(-79.5,0.,50.));
#2199=CARTESIAN_POINT('Origin',(-40.,0.249999999999999,54.75));
#2200=CARTESIAN_POINT('',(-40.,0.499999999999998,55.));
#2201=CARTESIAN_POINT('',(-40.,0.,54.5));
#2202=CARTESIAN_POINT('Origin',(-79.75,127.5,54.75));
#2203=CARTESIAN_POINT('',(-79.5,127.5,55.));
#2204=CARTESIAN_POINT('',(-80.,127.5,54.5));
#2205=CARTESIAN_POINT('Origin',(40.,169.75,54.75));
#2206=CARTESIAN_POINT('',(40.,169.5,55.));
#2207=CARTESIAN_POINT('',(40.,170.,54.5));
#2208=CARTESIAN_POINT('Origin',(79.75,42.5,50.25));
#2209=CARTESIAN_POINT('',(80.,42.5,50.5));
#2210=CARTESIAN_POINT('',(79.5,42.5,50.));
#2211=CARTESIAN_POINT('Origin',(40.,169.75,50.25));
#2212=CARTESIAN_POINT('',(40.,170.,50.5));
#2213=CARTESIAN_POINT('',(40.,169.5,50.));
#2214=CARTESIAN_POINT('Origin',(-80.,170.,50.));
#2215=CARTESIAN_POINT('Origin',(0.,85.,50.));
#2216=CARTESIAN_POINT('Origin',(-80.,0.,50.));
#2217=CARTESIAN_POINT('Origin',(80.,170.,50.));
#2218=CARTESIAN_POINT('Origin',(80.,0.,50.));
#2219=CARTESIAN_POINT('Origin',(0.,85.,55.));
#2220=UNCERTAINTY_MEASURE_WITH_UNIT(LENGTH_MEASURE(0.01),#2224,
'DISTANCE_ACCURACY_VALUE',
'Maximum model space distance between geometric entities at asserted c
onnectivities');
#2221=UNCERTAINTY_MEASURE_WITH_UNIT(LENGTH_MEASURE(0.01),#2224,
'DISTANCE_ACCURACY_VALUE',
'Maximum model space distance between geometric entities at asserted c
onnectivities');
#2222=(
GEOMETRIC_REPRESENTATION_CONTEXT(3)
GLOBAL_UNCERTAINTY_ASSIGNED_CONTEXT((#2220))
GLOBAL_UNIT_ASSIGNED_CONTEXT((#2224,#2226,#2227))
REPRESENTATION_CONTEXT('','3D')
);
#2223=(
GEOMETRIC_REPRESENTATION_CONTEXT(3)
GLOBAL_UNCERTAINTY_ASSIGNED_CONTEXT((#2221))
GLOBAL_UNIT_ASSIGNED_CONTEXT((#2224,#2226,#2227))
REPRESENTATION_CONTEXT('','3D')
);
#2224=(
LENGTH_UNIT()
NAMED_UNIT(*)
SI_UNIT(.MILLI.,.METRE.)
);
#2225=(
LENGTH_UNIT()
NAMED_UNIT(*)
SI_UNIT($,.METRE.)
);
#2226=(
NAMED_UNIT(*)
PLANE_ANGLE_UNIT()
SI_UNIT($,.RADIAN.)
);
#2227=(
NAMED_UNIT(*)
SI_UNIT($,.STERADIAN.)
SOLID_ANGLE_UNIT()
);
#2228=SHAPE_DEFINITION_REPRESENTATION(#2229,#2230);
#2229=PRODUCT_DEFINITION_SHAPE('',$,#2232);
#2230=SHAPE_REPRESENTATION('',(#1268),#2222);
#2231=PRODUCT_DEFINITION_CONTEXT('part definition',#2236,'design');
#2232=PRODUCT_DEFINITION('Solarplatte2','Solarplatte2',#2233,#2231);
#2233=PRODUCT_DEFINITION_FORMATION('',$,#2238);
#2234=PRODUCT_RELATED_PRODUCT_CATEGORY('Solarplatte2','Solarplatte2',(#2238));
#2235=APPLICATION_PROTOCOL_DEFINITION('international standard',
'automotive_design',2009,#2236);
#2236=APPLICATION_CONTEXT(
'Core Data for Automotive Mechanical Design Process');
#2237=PRODUCT_CONTEXT('part definition',#2236,'mechanical');
#2238=PRODUCT('Solarplatte2','Solarplatte2',$,(#2237));
#2239=PRESENTATION_STYLE_ASSIGNMENT((#2241));
#2240=PRESENTATION_STYLE_ASSIGNMENT((#2242));
#2241=SURFACE_STYLE_USAGE(.BOTH.,#2243);
#2242=SURFACE_STYLE_USAGE(.BOTH.,#2244);
#2243=SURFACE_SIDE_STYLE('',(#2245));
#2244=SURFACE_SIDE_STYLE('',(#2246));
#2245=SURFACE_STYLE_FILL_AREA(#2247);
#2246=SURFACE_STYLE_FILL_AREA(#2248);
#2247=FILL_AREA_STYLE('Stahl - satiniert',(#2249));
#2248=FILL_AREA_STYLE(
'EPX 150 - Hei\X\DFluftofen (mit Carbon-3D-Druckern M2, M3, L1)',(#2250));
#2249=FILL_AREA_STYLE_COLOUR('Stahl - satiniert',#2251);
#2250=FILL_AREA_STYLE_COLOUR(
'EPX 150 - Hei\X\DFluftofen (mit Carbon-3D-Druckern M2, M3, L1)',#2252);
#2251=COLOUR_RGB('Stahl - satiniert',0.627450980392157,0.627450980392157,
0.627450980392157);
#2252=COLOUR_RGB(
'EPX 150 - Hei\X\DFluftofen (mit Carbon-3D-Druckern M2, M3, L1)',0.247058823529412,
0.247058823529412,0.247058823529412);
ENDSEC;
END-ISO-10303-21;
