ISO-10303-21;
HEADER;
/* Generated by software containing ST-Developer
 * from STEP Tools, Inc. (www.steptools.com) 
 */

FILE_DESCRIPTION(
/* description */ (''),
/* implementation_level */ '2;1');

FILE_NAME(
/* name */ 'Unterteil.step',
/* time_stamp */ '2025-07-04T09:25:53+02:00',
/* author */ (''),
/* organization */ (''),
/* preprocessor_version */ 'ST-DEVELOPER v20.1',
/* originating_system */ 'Autodesk Translation Framework v14.10.0.0',
/* authorisation */ '');

FILE_SCHEMA (('AUTOMOTIVE_DESIGN { 1 0 10303 214 3 1 1 }'));
ENDSEC;

DATA;
#10=MECHANICAL_DESIGN_GEOMETRIC_PRESENTATION_REPRESENTATION('',(#13),#8370);
#11=SHAPE_REPRESENTATION_RELATIONSHIP('SRR','None',#8377,#12);
#12=ADVANCED_BREP_SHAPE_REPRESENTATION('',(#14),#8369);
#13=STYLED_ITEM('',(#8387),#14);
#14=MANIFOLD_SOLID_BREP('K\X\F6rper1',#4434);
#15=CONICAL_SURFACE('',#4566,2.,0.0872664625997165);
#16=CONICAL_SURFACE('',#4568,1.07187962747952,0.829031394697304);
#17=CONICAL_SURFACE('',#4571,2.,0.0872664625997165);
#18=CONICAL_SURFACE('',#4573,1.07187962747952,0.829031394697312);
#19=CONICAL_SURFACE('',#4576,2.,0.0872664625997165);
#20=CONICAL_SURFACE('',#4578,1.07187962747952,0.829031394697312);
#21=CONICAL_SURFACE('',#4581,2.,0.0872664625997165);
#22=CONICAL_SURFACE('',#4583,1.07187962747952,0.829031394697306);
#23=B_SPLINE_SURFACE_WITH_KNOTS('',3,1,((#6183,#6184),(#6185,#6186),(#6187,
#6188),(#6189,#6190),(#6191,#6192)),.UNSPECIFIED.,.F.,.F.,.F.,(4,1,4),(2,
2),(0.,0.103535661499399,0.187266479713226),(0.,0.2),.UNSPECIFIED.);
#24=B_SPLINE_SURFACE_WITH_KNOTS('',3,1,((#6194,#6195),(#6196,#6197),(#6198,
#6199),(#6200,#6201),(#6202,#6203)),.UNSPECIFIED.,.F.,.F.,.F.,(4,1,4),(2,
2),(0.,0.0727753945106476,0.144876376103525),(0.,0.2),.UNSPECIFIED.);
#25=B_SPLINE_SURFACE_WITH_KNOTS('',3,1,((#6205,#6206),(#6207,#6208),(#6209,
#6210),(#6211,#6212),(#6213,#6214)),.UNSPECIFIED.,.F.,.F.,.F.,(4,1,4),(2,
2),(0.,0.0709336507623513,0.139088159009093),(0.,0.2),.UNSPECIFIED.);
#26=B_SPLINE_SURFACE_WITH_KNOTS('',3,1,((#6216,#6217),(#6218,#6219),(#6220,
#6221),(#6222,#6223),(#6224,#6225)),.UNSPECIFIED.,.F.,.F.,.F.,(4,1,4),(2,
2),(0.,0.0628488340012242,0.1268966933996),(0.,0.2),.UNSPECIFIED.);
#27=B_SPLINE_SURFACE_WITH_KNOTS('',3,1,((#6227,#6228),(#6229,#6230),(#6231,
#6232),(#6233,#6234),(#6235,#6236)),.UNSPECIFIED.,.F.,.F.,.F.,(4,1,4),(2,
2),(0.,0.0672546174743478,0.140661942004745),(0.,0.2),.UNSPECIFIED.);
#28=B_SPLINE_SURFACE_WITH_KNOTS('',3,1,((#6238,#6239),(#6240,#6241),(#6242,
#6243),(#6244,#6245),(#6246,#6247)),.UNSPECIFIED.,.F.,.F.,.F.,(4,1,4),(2,
2),(0.,0.0879341605591503,0.168608124476617),(0.,0.2),.UNSPECIFIED.);
#29=B_SPLINE_SURFACE_WITH_KNOTS('',3,1,((#6249,#6250),(#6251,#6252),(#6253,
#6254),(#6255,#6256),(#6257,#6258)),.UNSPECIFIED.,.F.,.F.,.F.,(4,1,4),(2,
2),(0.,0.0789086902441637,0.161329954756038),(0.,0.2),.UNSPECIFIED.);
#30=B_SPLINE_SURFACE_WITH_KNOTS('',3,1,((#6260,#6261),(#6262,#6263),(#6264,
#6265),(#6266,#6267),(#6268,#6269)),.UNSPECIFIED.,.F.,.F.,.F.,(4,1,4),(2,
2),(0.,0.0681911470496638,0.134856429202404),(0.,0.2),.UNSPECIFIED.);
#31=B_SPLINE_SURFACE_WITH_KNOTS('',3,1,((#6271,#6272),(#6273,#6274),(#6275,
#6276),(#6277,#6278),(#6279,#6280)),.UNSPECIFIED.,.F.,.F.,.F.,(4,1,4),(2,
2),(0.,0.0629151491600191,0.119349757804905),(0.,0.2),.UNSPECIFIED.);
#32=B_SPLINE_SURFACE_WITH_KNOTS('',3,1,((#6282,#6283),(#6284,#6285),(#6286,
#6287),(#6288,#6289),(#6290,#6291)),.UNSPECIFIED.,.F.,.F.,.F.,(4,1,4),(2,
2),(0.,0.0569750533006211,0.120719590855467),(0.,0.2),.UNSPECIFIED.);
#33=B_SPLINE_SURFACE_WITH_KNOTS('',3,1,((#6293,#6294),(#6295,#6296),(#6297,
#6298),(#6299,#6300),(#6301,#6302)),.UNSPECIFIED.,.F.,.F.,.F.,(4,1,4),(2,
2),(0.,0.0743083594460864,0.162487087227409),(0.,0.2),.UNSPECIFIED.);
#34=B_SPLINE_SURFACE_WITH_KNOTS('',3,1,((#6308,#6309),(#6310,#6311),(#6312,
#6313),(#6314,#6315),(#6316,#6317)),.UNSPECIFIED.,.F.,.F.,.F.,(4,1,4),(2,
2),(0.,0.0545834894455991,0.0902343093598078),(0.,0.2),.UNSPECIFIED.);
#35=B_SPLINE_SURFACE_WITH_KNOTS('',3,1,((#6319,#6320),(#6321,#6322),(#6323,
#6324),(#6325,#6326),(#6327,#6328)),.UNSPECIFIED.,.F.,.F.,.F.,(4,1,4),(2,
2),(0.,0.0433471885566915,0.081487088824607),(0.,0.2),.UNSPECIFIED.);
#36=B_SPLINE_SURFACE_WITH_KNOTS('',3,1,((#6330,#6331),(#6332,#6333),(#6334,
#6335),(#6336,#6337),(#6338,#6339)),.UNSPECIFIED.,.F.,.F.,.F.,(4,1,4),(2,
2),(0.,0.0364963632045075,0.0757395921282512),(0.,0.2),.UNSPECIFIED.);
#37=B_SPLINE_SURFACE_WITH_KNOTS('',3,1,((#6341,#6342),(#6343,#6344),(#6345,
#6346),(#6347,#6348),(#6349,#6350)),.UNSPECIFIED.,.F.,.F.,.F.,(4,1,4),(2,
2),(0.,0.0420143202228349,0.0872208501870875),(0.,0.2),.UNSPECIFIED.);
#38=B_SPLINE_SURFACE_WITH_KNOTS('',3,1,((#6352,#6353),(#6354,#6355),(#6356,
#6357),(#6358,#6359),(#6360,#6361)),.UNSPECIFIED.,.F.,.F.,.F.,(4,1,4),(2,
2),(0.,0.0527565352945926,0.102564824176092),(0.,0.2),.UNSPECIFIED.);
#39=B_SPLINE_SURFACE_WITH_KNOTS('',3,1,((#6363,#6364),(#6365,#6366),(#6367,
#6368),(#6369,#6370),(#6371,#6372)),.UNSPECIFIED.,.F.,.F.,.F.,(4,1,4),(2,
2),(0.,0.0490219884901339,0.0997381997555373),(0.,0.2),.UNSPECIFIED.);
#40=B_SPLINE_SURFACE_WITH_KNOTS('',3,1,((#6374,#6375),(#6376,#6377),(#6378,
#6379),(#6380,#6381),(#6382,#6383)),.UNSPECIFIED.,.F.,.F.,.F.,(4,1,4),(2,
2),(0.,0.063242858948958,0.147674470967803),(0.,0.2),.UNSPECIFIED.);
#41=B_SPLINE_SURFACE_WITH_KNOTS('',3,1,((#6391,#6392),(#6393,#6394),(#6395,
#6396),(#6397,#6398),(#6399,#6400)),.UNSPECIFIED.,.F.,.F.,.F.,(4,1,4),(2,
2),(0.,0.0756013925206473,0.12699066890258),(0.,0.2),.UNSPECIFIED.);
#42=B_SPLINE_SURFACE_WITH_KNOTS('',3,1,((#6402,#6403),(#6404,#6405),(#6406,
#6407),(#6408,#6409),(#6410,#6411)),.UNSPECIFIED.,.F.,.F.,.F.,(4,1,4),(2,
2),(0.,0.0485430696242338,0.0921562550911355),(0.,0.2),.UNSPECIFIED.);
#43=B_SPLINE_SURFACE_WITH_KNOTS('',3,1,((#6413,#6414),(#6415,#6416),(#6417,
#6418),(#6419,#6420),(#6421,#6422)),.UNSPECIFIED.,.F.,.F.,.F.,(4,1,4),(2,
2),(0.,0.043663030850733,0.0921763927977131),(0.,0.2),.UNSPECIFIED.);
#44=B_SPLINE_SURFACE_WITH_KNOTS('',3,1,((#6424,#6425),(#6426,#6427),(#6428,
#6429),(#6430,#6431),(#6432,#6433)),.UNSPECIFIED.,.F.,.F.,.F.,(4,1,4),(2,
2),(0.,0.0471900760460592,0.0917852084971536),(0.,0.2),.UNSPECIFIED.);
#45=B_SPLINE_SURFACE_WITH_KNOTS('',3,1,((#6435,#6436),(#6437,#6438),(#6439,
#6440),(#6441,#6442),(#6443,#6444)),.UNSPECIFIED.,.F.,.F.,.F.,(4,1,4),(2,
2),(0.,0.0430974430914114,0.0871028510687134),(0.,0.2),.UNSPECIFIED.);
#46=B_SPLINE_SURFACE_WITH_KNOTS('',3,1,((#6446,#6447),(#6448,#6449),(#6450,
#6451),(#6452,#6453),(#6454,#6455)),.UNSPECIFIED.,.F.,.F.,.F.,(4,1,4),(2,
2),(0.,0.0611045833117592,0.153087840356604),(0.,0.2),.UNSPECIFIED.);
#47=B_SPLINE_SURFACE_WITH_KNOTS('',3,1,((#6583,#6584),(#6585,#6586),(#6587,
#6588),(#6589,#6590),(#6591,#6592)),.UNSPECIFIED.,.F.,.F.,.F.,(4,1,4),(2,
2),(0.,0.102564755059821,0.220156438759595),(0.,0.2),.UNSPECIFIED.);
#48=B_SPLINE_SURFACE_WITH_KNOTS('',3,1,((#6597,#6598),(#6599,#6600),(#6601,
#6602),(#6603,#6604),(#6605,#6606)),.UNSPECIFIED.,.F.,.F.,.F.,(4,1,4),(2,
2),(0.,0.155027411886312,0.294266812921693),(0.,0.2),.UNSPECIFIED.);
#49=B_SPLINE_SURFACE_WITH_KNOTS('',3,1,((#6608,#6609),(#6610,#6611),(#6612,
#6613),(#6614,#6615),(#6616,#6617)),.UNSPECIFIED.,.F.,.F.,.F.,(4,1,4),(2,
2),(0.,0.136220041180182,0.281984712846112),(0.,0.2),.UNSPECIFIED.);
#50=B_SPLINE_SURFACE_WITH_KNOTS('',3,1,((#6619,#6620),(#6621,#6622),(#6623,
#6624),(#6625,#6626),(#6627,#6628)),.UNSPECIFIED.,.F.,.F.,.F.,(4,1,4),(2,
2),(0.,0.147493156566568,0.273919108066323),(0.,0.2),.UNSPECIFIED.);
#51=B_SPLINE_SURFACE_WITH_KNOTS('',3,1,((#6630,#6631),(#6632,#6633),(#6634,
#6635),(#6636,#6637),(#6638,#6639)),.UNSPECIFIED.,.F.,.F.,.F.,(4,1,4),(2,
2),(0.,0.120196080150374,0.248019001077724),(0.,0.2),.UNSPECIFIED.);
#52=B_SPLINE_SURFACE_WITH_KNOTS('',3,1,((#6641,#6642),(#6643,#6644),(#6645,
#6646),(#6647,#6648),(#6649,#6650)),.UNSPECIFIED.,.F.,.F.,.F.,(4,1,4),(2,
2),(0.,0.13537033266801,0.274641444227619),(0.,0.2),.UNSPECIFIED.);
#53=B_SPLINE_SURFACE_WITH_KNOTS('',3,1,((#6652,#6653),(#6654,#6655),(#6656,
#6657),(#6658,#6659),(#6660,#6661)),.UNSPECIFIED.,.F.,.F.,.F.,(4,1,4),(2,
2),(0.,0.146990565524469,0.280969137540277),(0.,0.2),.UNSPECIFIED.);
#54=B_SPLINE_SURFACE_WITH_KNOTS('',3,1,((#6663,#6664),(#6665,#6666),(#6667,
#6668),(#6669,#6670),(#6671,#6672)),.UNSPECIFIED.,.F.,.F.,.F.,(4,1,4),(2,
2),(0.,0.1252889945456,0.247939360354627),(0.,0.2),.UNSPECIFIED.);
#55=B_SPLINE_SURFACE_WITH_KNOTS('',3,1,((#6674,#6675),(#6676,#6677),(#6678,
#6679),(#6680,#6681),(#6682,#6683)),.UNSPECIFIED.,.F.,.F.,.F.,(4,1,4),(2,
2),(0.,0.124249084058598,0.251934665001339),(0.,0.2),.UNSPECIFIED.);
#56=B_SPLINE_SURFACE_WITH_KNOTS('',3,1,((#6685,#6686),(#6687,#6688),(#6689,
#6690),(#6691,#6692),(#6693,#6694)),.UNSPECIFIED.,.F.,.F.,.F.,(4,1,4),(2,
2),(0.,0.139445117842049,0.26726409673874),(0.,0.2),.UNSPECIFIED.);
#57=B_SPLINE_SURFACE_WITH_KNOTS('',3,1,((#6696,#6697),(#6698,#6699),(#6700,
#6701),(#6702,#6703),(#6704,#6705)),.UNSPECIFIED.,.F.,.F.,.F.,(4,1,4),(2,
2),(0.,0.126424285595051,0.261432453619677),(0.,0.2),.UNSPECIFIED.);
#58=B_SPLINE_SURFACE_WITH_KNOTS('',3,1,((#6709,#6710),(#6711,#6712),(#6713,
#6714),(#6715,#6716),(#6717,#6718)),.UNSPECIFIED.,.F.,.F.,.F.,(4,1,4),(2,
2),(0.,0.103493264827419,0.190549091427238),(0.,0.2),.UNSPECIFIED.);
#59=B_SPLINE_SURFACE_WITH_KNOTS('',3,1,((#6720,#6721),(#6722,#6723),(#6724,
#6725),(#6726,#6727),(#6728,#6729)),.UNSPECIFIED.,.F.,.F.,.F.,(4,1,4),(2,
2),(0.,0.0835093797157234,0.17609631746254),(0.,0.2),.UNSPECIFIED.);
#60=B_SPLINE_SURFACE_WITH_KNOTS('',3,1,((#6731,#6732),(#6733,#6734),(#6735,
#6736),(#6737,#6738),(#6739,#6740)),.UNSPECIFIED.,.F.,.F.,.F.,(4,1,4),(2,
2),(0.,0.106712826767759,0.202975066468458),(0.,0.2),.UNSPECIFIED.);
#61=B_SPLINE_SURFACE_WITH_KNOTS('',3,1,((#6742,#6743),(#6744,#6745),(#6746,
#6747),(#6748,#6749),(#6750,#6751)),.UNSPECIFIED.,.F.,.F.,.F.,(4,1,4),(2,
2),(0.,0.0923714355268745,0.186371990012814),(0.,0.2),.UNSPECIFIED.);
#62=B_SPLINE_SURFACE_WITH_KNOTS('',3,1,((#6753,#6754),(#6755,#6756),(#6757,
#6758),(#6759,#6760),(#6761,#6762)),.UNSPECIFIED.,.F.,.F.,.F.,(4,1,4),(2,
2),(0.,0.0974444592200192,0.195218725866695),(0.,0.2),.UNSPECIFIED.);
#63=B_SPLINE_SURFACE_WITH_KNOTS('',3,1,((#6764,#6765),(#6766,#6767),(#6768,
#6769),(#6770,#6771),(#6772,#6773)),.UNSPECIFIED.,.F.,.F.,.F.,(4,1,4),(2,
2),(0.,0.119818722771265,0.226774086705423),(0.,0.2),.UNSPECIFIED.);
#64=B_SPLINE_SURFACE_WITH_KNOTS('',3,1,((#6775,#6776),(#6777,#6778),(#6779,
#6780),(#6781,#6782),(#6783,#6784)),.UNSPECIFIED.,.F.,.F.,.F.,(4,1,4),(2,
2),(0.,0.0957440162712559,0.185926707721848),(0.,0.2),.UNSPECIFIED.);
#65=B_SPLINE_SURFACE_WITH_KNOTS('',3,1,((#6786,#6787),(#6788,#6789),(#6790,
#6791),(#6792,#6793),(#6794,#6795)),.UNSPECIFIED.,.F.,.F.,.F.,(4,1,4),(2,
2),(0.,0.0889861233165954,0.1779329034437),(0.,0.2),.UNSPECIFIED.);
#66=B_SPLINE_SURFACE_WITH_KNOTS('',3,1,((#6797,#6798),(#6799,#6800),(#6801,
#6802),(#6803,#6804),(#6805,#6806)),.UNSPECIFIED.,.F.,.F.,.F.,(4,1,4),(2,
2),(0.,0.10390428336934,0.202093965141552),(0.,0.2),.UNSPECIFIED.);
#67=B_SPLINE_SURFACE_WITH_KNOTS('',3,1,((#6897,#6898),(#6899,#6900),(#6901,
#6902),(#6903,#6904),(#6905,#6906)),.UNSPECIFIED.,.F.,.F.,.F.,(4,1,4),(2,
2),(0.,0.0878564917797334,0.152544806698347),(0.,0.2),.UNSPECIFIED.);
#68=B_SPLINE_SURFACE_WITH_KNOTS('',3,1,((#6908,#6909),(#6910,#6911),(#6912,
#6913),(#6914,#6915),(#6916,#6917)),.UNSPECIFIED.,.F.,.F.,.F.,(4,1,4),(2,
2),(0.,0.070007406722783,0.132817653560704),(0.,0.2),.UNSPECIFIED.);
#69=B_SPLINE_SURFACE_WITH_KNOTS('',3,1,((#6919,#6920),(#6921,#6922),(#6923,
#6924),(#6925,#6926),(#6927,#6928)),.UNSPECIFIED.,.F.,.F.,.F.,(4,1,4),(2,
2),(0.,0.0610681999608767,0.126516696638015),(0.,0.2),.UNSPECIFIED.);
#70=B_SPLINE_SURFACE_WITH_KNOTS('',3,1,((#6930,#6931),(#6932,#6933),(#6934,
#6935),(#6936,#6937),(#6938,#6939)),.UNSPECIFIED.,.F.,.F.,.F.,(4,1,4),(2,
2),(0.,0.0690067430419712,0.140691935364772),(0.,0.2),.UNSPECIFIED.);
#71=B_SPLINE_SURFACE_WITH_KNOTS('',3,1,((#6941,#6942),(#6943,#6944),(#6945,
#6946),(#6947,#6948),(#6949,#6950)),.UNSPECIFIED.,.F.,.F.,.F.,(4,1,4),(2,
2),(0.,0.119488297641643,0.234978823812081),(0.,0.2),.UNSPECIFIED.);
#72=B_SPLINE_SURFACE_WITH_KNOTS('',3,1,((#6952,#6953),(#6954,#6955),(#6956,
#6957),(#6958,#6959),(#6960,#6961)),.UNSPECIFIED.,.F.,.F.,.F.,(4,1,4),(2,
2),(0.,0.13178012665402,0.312534052644662),(0.,0.2),.UNSPECIFIED.);
#73=B_SPLINE_SURFACE_WITH_KNOTS('',3,1,((#6971,#6972),(#6973,#6974),(#6975,
#6976),(#6977,#6978),(#6979,#6980)),.UNSPECIFIED.,.F.,.F.,.F.,(4,1,4),(2,
2),(0.,0.110299985383715,0.191141038310535),(0.,0.2),.UNSPECIFIED.);
#74=B_SPLINE_SURFACE_WITH_KNOTS('',3,1,((#6982,#6983),(#6984,#6985),(#6986,
#6987),(#6988,#6989),(#6990,#6991)),.UNSPECIFIED.,.F.,.F.,.F.,(4,1,4),(2,
2),(0.,0.0702579494647724,0.148338925302492),(0.,0.2),.UNSPECIFIED.);
#75=B_SPLINE_SURFACE_WITH_KNOTS('',3,1,((#6993,#6994),(#6995,#6996),(#6997,
#6998),(#6999,#7000),(#7001,#7002)),.UNSPECIFIED.,.F.,.F.,.F.,(4,1,4),(2,
2),(0.,0.0587740737159357,0.113422225014834),(0.,0.2),.UNSPECIFIED.);
#76=B_SPLINE_SURFACE_WITH_KNOTS('',3,1,((#7004,#7005),(#7006,#7007),(#7008,
#7009),(#7010,#7011),(#7012,#7013)),.UNSPECIFIED.,.F.,.F.,.F.,(4,1,4),(2,
2),(0.,0.0522136321216352,0.10389983117165),(0.,0.2),.UNSPECIFIED.);
#77=B_SPLINE_SURFACE_WITH_KNOTS('',3,1,((#7015,#7016),(#7017,#7018),(#7019,
#7020),(#7021,#7022),(#7023,#7024)),.UNSPECIFIED.,.F.,.F.,.F.,(4,1,4),(2,
2),(0.,0.0480410419050046,0.123960233231618),(0.,0.2),.UNSPECIFIED.);
#78=B_SPLINE_SURFACE_WITH_KNOTS('',3,1,((#7448,#7449),(#7450,#7451),(#7452,
#7453),(#7454,#7455),(#7456,#7457)),.UNSPECIFIED.,.F.,.F.,.F.,(4,1,4),(2,
2),(0.,0.0878565513623664,0.152544807042811),(0.,0.2),.UNSPECIFIED.);
#79=B_SPLINE_SURFACE_WITH_KNOTS('',3,1,((#7459,#7460),(#7461,#7462),(#7463,
#7464),(#7465,#7466),(#7467,#7468)),.UNSPECIFIED.,.F.,.F.,.F.,(4,1,4),(2,
2),(0.,0.070007464363982,0.132817711201903),(0.,0.2),.UNSPECIFIED.);
#80=B_SPLINE_SURFACE_WITH_KNOTS('',3,1,((#7470,#7471),(#7472,#7473),(#7474,
#7475),(#7476,#7477),(#7478,#7479)),.UNSPECIFIED.,.F.,.F.,.F.,(4,1,4),(2,
2),(0.,0.0610682438191445,0.126516740496283),(0.,0.2),.UNSPECIFIED.);
#81=B_SPLINE_SURFACE_WITH_KNOTS('',3,1,((#7481,#7482),(#7483,#7484),(#7485,
#7486),(#7487,#7488),(#7489,#7490)),.UNSPECIFIED.,.F.,.F.,.F.,(4,1,4),(2,
2),(0.,0.0690066250578933,0.140691836310382),(0.,0.2),.UNSPECIFIED.);
#82=B_SPLINE_SURFACE_WITH_KNOTS('',3,1,((#7492,#7493),(#7494,#7495),(#7496,
#7497),(#7498,#7499),(#7500,#7501)),.UNSPECIFIED.,.F.,.F.,.F.,(4,1,4),(2,
2),(0.,0.119488287518702,0.234978813689141),(0.,0.2),.UNSPECIFIED.);
#83=B_SPLINE_SURFACE_WITH_KNOTS('',3,1,((#7503,#7504),(#7505,#7506),(#7507,
#7508),(#7509,#7510),(#7511,#7512)),.UNSPECIFIED.,.F.,.F.,.F.,(4,1,4),(2,
2),(0.,0.131780178178378,0.31253404501091),(0.,0.2),.UNSPECIFIED.);
#84=B_SPLINE_SURFACE_WITH_KNOTS('',3,1,((#7522,#7523),(#7524,#7525),(#7526,
#7527),(#7528,#7529),(#7530,#7531)),.UNSPECIFIED.,.F.,.F.,.F.,(4,1,4),(2,
2),(0.,0.110299896501885,0.191140949428706),(0.,0.2),.UNSPECIFIED.);
#85=B_SPLINE_SURFACE_WITH_KNOTS('',3,1,((#7533,#7534),(#7535,#7536),(#7537,
#7538),(#7539,#7540),(#7541,#7542)),.UNSPECIFIED.,.F.,.F.,.F.,(4,1,4),(2,
2),(0.,0.0702579151770677,0.148338891014787),(0.,0.2),.UNSPECIFIED.);
#86=B_SPLINE_SURFACE_WITH_KNOTS('',3,1,((#7544,#7545),(#7546,#7547),(#7548,
#7549),(#7550,#7551),(#7552,#7553)),.UNSPECIFIED.,.F.,.F.,.F.,(4,1,4),(2,
2),(0.,0.0587740897995379,0.113422189204674),(0.,0.2),.UNSPECIFIED.);
#87=B_SPLINE_SURFACE_WITH_KNOTS('',3,1,((#7555,#7556),(#7557,#7558),(#7559,
#7560),(#7561,#7562),(#7563,#7564)),.UNSPECIFIED.,.F.,.F.,.F.,(4,1,4),(2,
2),(0.,0.0522135482181733,0.103899855233285),(0.,0.2),.UNSPECIFIED.);
#88=B_SPLINE_SURFACE_WITH_KNOTS('',3,1,((#7566,#7567),(#7568,#7569),(#7570,
#7571),(#7572,#7573),(#7574,#7575)),.UNSPECIFIED.,.F.,.F.,.F.,(4,1,4),(2,
2),(0.,0.048041159966429,0.123960261924203),(0.,0.2),.UNSPECIFIED.);
#89=B_SPLINE_SURFACE_WITH_KNOTS('',3,1,((#7781,#7782),(#7783,#7784),(#7785,
#7786),(#7787,#7788),(#7789,#7790)),.UNSPECIFIED.,.F.,.F.,.F.,(4,1,4),(2,
2),(0.,0.0935651144537266,0.189827224370903),(0.,0.2),.UNSPECIFIED.);
#90=B_SPLINE_SURFACE_WITH_KNOTS('',3,1,((#7795,#7796),(#7797,#7798),(#7799,
#7800),(#7801,#7802),(#7803,#7804)),.UNSPECIFIED.,.F.,.F.,.F.,(4,1,4),(2,
2),(0.,0.0698729528995113,0.130775199189525),(0.,0.2),.UNSPECIFIED.);
#91=B_SPLINE_SURFACE_WITH_KNOTS('',3,1,((#7806,#7807),(#7808,#7809),(#7810,
#7811),(#7812,#7813),(#7814,#7815)),.UNSPECIFIED.,.F.,.F.,.F.,(4,1,4),(2,
2),(0.,0.0600096601196666,0.128468734645557),(0.,0.2),.UNSPECIFIED.);
#92=B_SPLINE_SURFACE_WITH_KNOTS('',3,1,((#7817,#7818),(#7819,#7820),(#7821,
#7822),(#7823,#7824),(#7825,#7826)),.UNSPECIFIED.,.F.,.F.,.F.,(4,1,4),(2,
2),(0.,0.0758158829845135,0.157157560034864),(0.,0.2),.UNSPECIFIED.);
#93=B_SPLINE_SURFACE_WITH_KNOTS('',3,1,((#7828,#7829),(#7830,#7831),(#7832,
#7833),(#7834,#7835),(#7836,#7837)),.UNSPECIFIED.,.F.,.F.,.F.,(4,1,4),(2,
2),(0.,0.0715042975063759,0.136161951308311),(0.,0.2),.UNSPECIFIED.);
#94=B_SPLINE_SURFACE_WITH_KNOTS('',3,1,((#7839,#7840),(#7841,#7842),(#7843,
#7844),(#7845,#7846),(#7847,#7848)),.UNSPECIFIED.,.F.,.F.,.F.,(4,1,4),(2,
2),(0.,0.0571739272925645,0.107218722195866),(0.,0.2),.UNSPECIFIED.);
#95=B_SPLINE_SURFACE_WITH_KNOTS('',3,1,((#7850,#7851),(#7852,#7853),(#7854,
#7855),(#7856,#7857),(#7858,#7859)),.UNSPECIFIED.,.F.,.F.,.F.,(4,1,4),(2,
2),(0.,0.0461825120420049,0.0913347566521019),(0.,0.2),.UNSPECIFIED.);
#96=B_SPLINE_SURFACE_WITH_KNOTS('',3,1,((#7861,#7862),(#7863,#7864),(#7865,
#7866),(#7867,#7868),(#7869,#7870)),.UNSPECIFIED.,.F.,.F.,.F.,(4,1,4),(2,
2),(0.,0.0446071582795966,0.0878673179734664),(0.,0.2),.UNSPECIFIED.);
#97=B_SPLINE_SURFACE_WITH_KNOTS('',3,1,((#7872,#7873),(#7874,#7875),(#7876,
#7877),(#7878,#7879),(#7880,#7881)),.UNSPECIFIED.,.F.,.F.,.F.,(4,1,4),(2,
2),(0.,0.048490558758718,0.108625347236074),(0.,0.2),.UNSPECIFIED.);
#98=B_SPLINE_SURFACE_WITH_KNOTS('',3,1,((#7883,#7884),(#7885,#7886),(#7887,
#7888),(#7889,#7890),(#7891,#7892)),.UNSPECIFIED.,.F.,.F.,.F.,(4,1,4),(2,
2),(0.,0.0676665308280695,0.184654136353423),(0.,0.2),.UNSPECIFIED.);
#99=B_SPLINE_SURFACE_WITH_KNOTS('',3,1,((#7894,#7895),(#7896,#7897),(#7898,
#7899),(#7900,#7901),(#7902,#7903)),.UNSPECIFIED.,.F.,.F.,.F.,(4,1,4),(2,
2),(0.,0.121485575396249,0.203186459601821),(0.,0.2),.UNSPECIFIED.);
#100=B_SPLINE_SURFACE_WITH_KNOTS('',3,1,((#7905,#7906),(#7907,#7908),(#7909,
#7910),(#7911,#7912),(#7913,#7914)),.UNSPECIFIED.,.F.,.F.,.F.,(4,1,4),(2,
2),(0.,0.0753212458063606,0.142900270683372),(0.,0.2),.UNSPECIFIED.);
#101=B_SPLINE_SURFACE_WITH_KNOTS('',3,1,((#7916,#7917),(#7918,#7919),(#7920,
#7921),(#7922,#7923),(#7924,#7925)),.UNSPECIFIED.,.F.,.F.,.F.,(4,1,4),(2,
2),(0.,0.0645415223559593,0.130696643749842),(0.,0.2),.UNSPECIFIED.);
#102=B_SPLINE_SURFACE_WITH_KNOTS('',3,1,((#7927,#7928),(#7929,#7930),(#7931,
#7932),(#7933,#7934),(#7935,#7936)),.UNSPECIFIED.,.F.,.F.,.F.,(4,1,4),(2,
2),(0.,0.0740272441962973,0.149548388528592),(0.,0.2),.UNSPECIFIED.);
#103=B_SPLINE_SURFACE_WITH_KNOTS('',3,1,((#7938,#7939),(#7940,#7941),(#7942,
#7943),(#7944,#7945),(#7946,#7947)),.UNSPECIFIED.,.F.,.F.,.F.,(4,1,4),(2,
2),(0.,0.0784003304665297,0.16233227409106),(0.,0.2),.UNSPECIFIED.);
#104=B_SPLINE_SURFACE_WITH_KNOTS('',3,1,((#7949,#7950),(#7951,#7952),(#7953,
#7954),(#7955,#7956),(#7957,#7958)),.UNSPECIFIED.,.F.,.F.,.F.,(4,1,4),(2,
2),(0.,0.0908186705609991,0.187545768143129),(0.,0.2),.UNSPECIFIED.);
#105=B_SPLINE_SURFACE_WITH_KNOTS('',3,1,((#7960,#7961),(#7962,#7963),(#7964,
#7965),(#7966,#7967),(#7968,#7969)),.UNSPECIFIED.,.F.,.F.,.F.,(4,1,4),(2,
2),(0.,0.10500378186879,0.200355281000504),(0.,0.2),.UNSPECIFIED.);
#106=B_SPLINE_SURFACE_WITH_KNOTS('',3,1,((#7971,#7972),(#7973,#7974),(#7975,
#7976),(#7977,#7978),(#7979,#7980)),.UNSPECIFIED.,.F.,.F.,.F.,(4,1,4),(2,
2),(0.,0.0871852690286734,0.169760903953229),(0.,0.2),.UNSPECIFIED.);
#107=B_SPLINE_SURFACE_WITH_KNOTS('',3,1,((#7982,#7983),(#7984,#7985),(#7986,
#7987),(#7988,#7989),(#7990,#7991)),.UNSPECIFIED.,.F.,.F.,.F.,(4,1,4),(2,
2),(0.,0.0820790008084157,0.166633516415714),(0.,0.2),.UNSPECIFIED.);
#108=B_SPLINE_SURFACE_WITH_KNOTS('',3,1,((#7995,#7996),(#7997,#7998),(#7999,
#8000),(#8001,#8002),(#8003,#8004)),.UNSPECIFIED.,.F.,.F.,.F.,(4,1,4),(2,
2),(0.,0.0861880936234744,0.162310003629989),(0.,0.2),.UNSPECIFIED.);
#109=B_SPLINE_SURFACE_WITH_KNOTS('',3,1,((#8006,#8007),(#8008,#8009),(#8010,
#8011),(#8012,#8013),(#8014,#8015)),.UNSPECIFIED.,.F.,.F.,.F.,(4,1,4),(2,
2),(0.,0.0816030182082024,0.183535498213523),(0.,0.2),.UNSPECIFIED.);
#110=B_SPLINE_SURFACE_WITH_KNOTS('',3,1,((#8017,#8018),(#8019,#8020),(#8021,
#8022),(#8023,#8024),(#8025,#8026)),.UNSPECIFIED.,.F.,.F.,.F.,(4,1,4),(2,
2),(0.,0.10435015206108,0.182822333409582),(0.,0.2),.UNSPECIFIED.);
#111=B_SPLINE_SURFACE_WITH_KNOTS('',3,1,((#8028,#8029),(#8030,#8031),(#8032,
#8033),(#8034,#8035),(#8036,#8037)),.UNSPECIFIED.,.F.,.F.,.F.,(4,1,4),(2,
2),(0.,0.0636389261173563,0.122808070220668),(0.,0.2),.UNSPECIFIED.);
#112=B_SPLINE_SURFACE_WITH_KNOTS('',3,1,((#8039,#8040),(#8041,#8042),(#8043,
#8044),(#8045,#8046),(#8047,#8048)),.UNSPECIFIED.,.F.,.F.,.F.,(4,1,4),(2,
2),(0.,0.0500658817781103,0.09921490561675),(0.,0.2),.UNSPECIFIED.);
#113=B_SPLINE_SURFACE_WITH_KNOTS('',3,1,((#8050,#8051),(#8052,#8053),(#8054,
#8055),(#8056,#8057),(#8058,#8059)),.UNSPECIFIED.,.F.,.F.,.F.,(4,1,4),(2,
2),(0.,0.0774490773667732,0.212882385963347),(0.,0.2),.UNSPECIFIED.);
#114=B_SPLINE_SURFACE_WITH_KNOTS('',3,1,((#8061,#8062),(#8063,#8064),(#8065,
#8066),(#8067,#8068),(#8069,#8070)),.UNSPECIFIED.,.F.,.F.,.F.,(4,1,4),(2,
2),(0.,0.140231557811943,0.230565597463492),(0.,0.2),.UNSPECIFIED.);
#115=B_SPLINE_SURFACE_WITH_KNOTS('',3,1,((#8072,#8073),(#8074,#8075),(#8076,
#8077),(#8078,#8079),(#8080,#8081)),.UNSPECIFIED.,.F.,.F.,.F.,(4,1,4),(2,
2),(0.,0.0885423207811168,0.165932899466623),(0.,0.2),.UNSPECIFIED.);
#116=B_SPLINE_SURFACE_WITH_KNOTS('',3,1,((#8083,#8084),(#8085,#8086),(#8087,
#8088),(#8089,#8090),(#8091,#8092)),.UNSPECIFIED.,.F.,.F.,.F.,(4,1,4),(2,
2),(0.,0.073388120979786,0.149900060759692),(0.,0.2),.UNSPECIFIED.);
#117=B_SPLINE_SURFACE_WITH_KNOTS('',3,1,((#8094,#8095),(#8096,#8097),(#8098,
#8099),(#8100,#8101),(#8102,#8103)),.UNSPECIFIED.,.F.,.F.,.F.,(4,1,4),(2,
2),(0.,0.0783445223692298,0.158903098714729),(0.,0.2),.UNSPECIFIED.);
#118=B_SPLINE_SURFACE_WITH_KNOTS('',3,1,((#8105,#8106),(#8107,#8108),(#8109,
#8110),(#8111,#8112),(#8113,#8114)),.UNSPECIFIED.,.F.,.F.,.F.,(4,1,4),(2,
2),(0.,0.0838950865371319,0.172975652152932),(0.,0.2),.UNSPECIFIED.);
#119=B_SPLINE_SURFACE_WITH_KNOTS('',3,1,((#8116,#8117),(#8118,#8119),(#8120,
#8121),(#8122,#8123),(#8124,#8125)),.UNSPECIFIED.,.F.,.F.,.F.,(4,1,4),(2,
2),(0.,0.0956163908777278,0.197810274262197),(0.,0.2),.UNSPECIFIED.);
#120=B_SPLINE_SURFACE_WITH_KNOTS('',3,1,((#8127,#8128),(#8129,#8130),(#8131,
#8132),(#8133,#8134),(#8135,#8136)),.UNSPECIFIED.,.F.,.F.,.F.,(4,1,4),(2,
2),(0.,0.125135676297765,0.232080096844355),(0.,0.2),.UNSPECIFIED.);
#121=B_SPLINE_SURFACE_WITH_KNOTS('',3,1,((#8138,#8139),(#8140,#8141),(#8142,
#8143),(#8144,#8145),(#8146,#8147)),.UNSPECIFIED.,.F.,.F.,.F.,(4,1,4),(2,
2),(0.,0.0956790352205747,0.188857703545767),(0.,0.2),.UNSPECIFIED.);
#122=B_SPLINE_CURVE_WITH_KNOTS('',3,(#5490,#5491,#5492,#5493,#5494),
 .UNSPECIFIED.,.F.,.F.,(4,1,4),(0.,0.110299985383715,0.191141038310535),
 .UNSPECIFIED.);
#123=B_SPLINE_CURVE_WITH_KNOTS('',3,(#5496,#5497,#5498,#5499,#5500),
 .UNSPECIFIED.,.F.,.F.,(4,1,4),(0.,0.0702579494647724,0.148338925302492),
 .UNSPECIFIED.);
#124=B_SPLINE_CURVE_WITH_KNOTS('',3,(#5502,#5503,#5504,#5505,#5506),
 .UNSPECIFIED.,.F.,.F.,(4,1,4),(0.,0.0587740737159357,0.113422225014834),
 .UNSPECIFIED.);
#125=B_SPLINE_CURVE_WITH_KNOTS('',3,(#5508,#5509,#5510,#5511,#5512),
 .UNSPECIFIED.,.F.,.F.,(4,1,4),(0.,0.0522136321216352,0.10389983117165),
 .UNSPECIFIED.);
#126=B_SPLINE_CURVE_WITH_KNOTS('',3,(#5513,#5514,#5515,#5516,#5517),
 .UNSPECIFIED.,.F.,.F.,(4,1,4),(0.,0.0480410419050046,0.123960233231618),
 .UNSPECIFIED.);
#127=B_SPLINE_CURVE_WITH_KNOTS('',3,(#5589,#5590,#5591,#5592,#5593),
 .UNSPECIFIED.,.F.,.F.,(4,1,4),(0.,0.0756013925206473,0.12699066890258),
 .UNSPECIFIED.);
#128=B_SPLINE_CURVE_WITH_KNOTS('',3,(#5595,#5596,#5597,#5598,#5599),
 .UNSPECIFIED.,.F.,.F.,(4,1,4),(0.,0.0485430696242338,0.0921562550911355),
 .UNSPECIFIED.);
#129=B_SPLINE_CURVE_WITH_KNOTS('',3,(#5601,#5602,#5603,#5604,#5605),
 .UNSPECIFIED.,.F.,.F.,(4,1,4),(0.,0.043663030850733,0.0921763927977131),
 .UNSPECIFIED.);
#130=B_SPLINE_CURVE_WITH_KNOTS('',3,(#5607,#5608,#5609,#5610,#5611),
 .UNSPECIFIED.,.F.,.F.,(4,1,4),(0.,0.0471900760460592,0.0917852084971536),
 .UNSPECIFIED.);
#131=B_SPLINE_CURVE_WITH_KNOTS('',3,(#5613,#5614,#5615,#5616,#5617),
 .UNSPECIFIED.,.F.,.F.,(4,1,4),(0.,0.0430974430914114,0.0871028510687134),
 .UNSPECIFIED.);
#132=B_SPLINE_CURVE_WITH_KNOTS('',3,(#5618,#5619,#5620,#5621,#5622),
 .UNSPECIFIED.,.F.,.F.,(4,1,4),(0.,0.0611045833117592,0.153087840356604),
 .UNSPECIFIED.);
#133=B_SPLINE_CURVE_WITH_KNOTS('',3,(#5632,#5633,#5634,#5635,#5636),
 .UNSPECIFIED.,.F.,.F.,(4,1,4),(0.,0.0545834894455991,0.0902343093598078),
 .UNSPECIFIED.);
#134=B_SPLINE_CURVE_WITH_KNOTS('',3,(#5638,#5639,#5640,#5641,#5642),
 .UNSPECIFIED.,.F.,.F.,(4,1,4),(0.,0.0433471885566915,0.081487088824607),
 .UNSPECIFIED.);
#135=B_SPLINE_CURVE_WITH_KNOTS('',3,(#5644,#5645,#5646,#5647,#5648),
 .UNSPECIFIED.,.F.,.F.,(4,1,4),(0.,0.0364963632045075,0.0757395921282512),
 .UNSPECIFIED.);
#136=B_SPLINE_CURVE_WITH_KNOTS('',3,(#5650,#5651,#5652,#5653,#5654),
 .UNSPECIFIED.,.F.,.F.,(4,1,4),(0.,0.0420143202228349,0.0872208501870875),
 .UNSPECIFIED.);
#137=B_SPLINE_CURVE_WITH_KNOTS('',3,(#5656,#5657,#5658,#5659,#5660),
 .UNSPECIFIED.,.F.,.F.,(4,1,4),(0.,0.0527565352945926,0.102564824176092),
 .UNSPECIFIED.);
#138=B_SPLINE_CURVE_WITH_KNOTS('',3,(#5662,#5663,#5664,#5665,#5666),
 .UNSPECIFIED.,.F.,.F.,(4,1,4),(0.,0.0490219884901339,0.0997381997555373),
 .UNSPECIFIED.);
#139=B_SPLINE_CURVE_WITH_KNOTS('',3,(#5667,#5668,#5669,#5670,#5671),
 .UNSPECIFIED.,.F.,.F.,(4,1,4),(0.,0.063242858948958,0.147674470967803),
 .UNSPECIFIED.);
#140=B_SPLINE_CURVE_WITH_KNOTS('',3,(#5695,#5696,#5697,#5698,#5699),
 .UNSPECIFIED.,.F.,.F.,(4,1,4),(0.,0.0743083594460864,0.162487087227409),
 .UNSPECIFIED.);
#141=B_SPLINE_CURVE_WITH_KNOTS('',3,(#5707,#5708,#5709,#5710,#5711),
 .UNSPECIFIED.,.F.,.F.,(4,1,4),(0.,0.103535661499399,0.187266479713226),
 .UNSPECIFIED.);
#142=B_SPLINE_CURVE_WITH_KNOTS('',3,(#5713,#5714,#5715,#5716,#5717),
 .UNSPECIFIED.,.F.,.F.,(4,1,4),(0.,0.0727753945106476,0.144876376103525),
 .UNSPECIFIED.);
#143=B_SPLINE_CURVE_WITH_KNOTS('',3,(#5719,#5720,#5721,#5722,#5723),
 .UNSPECIFIED.,.F.,.F.,(4,1,4),(0.,0.0709336507623513,0.139088159009093),
 .UNSPECIFIED.);
#144=B_SPLINE_CURVE_WITH_KNOTS('',3,(#5725,#5726,#5727,#5728,#5729),
 .UNSPECIFIED.,.F.,.F.,(4,1,4),(0.,0.0628488340012242,0.1268966933996),
 .UNSPECIFIED.);
#145=B_SPLINE_CURVE_WITH_KNOTS('',3,(#5731,#5732,#5733,#5734,#5735),
 .UNSPECIFIED.,.F.,.F.,(4,1,4),(0.,0.0672546174743478,0.140661942004745),
 .UNSPECIFIED.);
#146=B_SPLINE_CURVE_WITH_KNOTS('',3,(#5737,#5738,#5739,#5740,#5741),
 .UNSPECIFIED.,.F.,.F.,(4,1,4),(0.,0.0879341605591503,0.168608124476617),
 .UNSPECIFIED.);
#147=B_SPLINE_CURVE_WITH_KNOTS('',3,(#5743,#5744,#5745,#5746,#5747),
 .UNSPECIFIED.,.F.,.F.,(4,1,4),(0.,0.0789086902441637,0.161329954756038),
 .UNSPECIFIED.);
#148=B_SPLINE_CURVE_WITH_KNOTS('',3,(#5749,#5750,#5751,#5752,#5753),
 .UNSPECIFIED.,.F.,.F.,(4,1,4),(0.,0.0681911470496638,0.134856429202404),
 .UNSPECIFIED.);
#149=B_SPLINE_CURVE_WITH_KNOTS('',3,(#5755,#5756,#5757,#5758,#5759),
 .UNSPECIFIED.,.F.,.F.,(4,1,4),(0.,0.0629151491600191,0.119349757804905),
 .UNSPECIFIED.);
#150=B_SPLINE_CURVE_WITH_KNOTS('',3,(#5760,#5761,#5762,#5763,#5764),
 .UNSPECIFIED.,.F.,.F.,(4,1,4),(0.,0.0569750533006211,0.120719590855467),
 .UNSPECIFIED.);
#151=B_SPLINE_CURVE_WITH_KNOTS('',3,(#5767,#5768,#5769,#5770,#5771),
 .UNSPECIFIED.,.F.,.F.,(4,1,4),(0.,0.10390428336934,0.202093965141552),
 .UNSPECIFIED.);
#152=B_SPLINE_CURVE_WITH_KNOTS('',3,(#5773,#5774,#5775,#5776,#5777),
 .UNSPECIFIED.,.F.,.F.,(4,1,4),(0.,0.102564755059821,0.220156438759595),
 .UNSPECIFIED.);
#153=B_SPLINE_CURVE_WITH_KNOTS('',3,(#5781,#5782,#5783,#5784,#5785),
 .UNSPECIFIED.,.F.,.F.,(4,1,4),(0.,0.155027411886312,0.294266812921693),
 .UNSPECIFIED.);
#154=B_SPLINE_CURVE_WITH_KNOTS('',3,(#5787,#5788,#5789,#5790,#5791),
 .UNSPECIFIED.,.F.,.F.,(4,1,4),(0.,0.136220041180182,0.281984712846112),
 .UNSPECIFIED.);
#155=B_SPLINE_CURVE_WITH_KNOTS('',3,(#5793,#5794,#5795,#5796,#5797),
 .UNSPECIFIED.,.F.,.F.,(4,1,4),(0.,0.147493156566568,0.273919108066323),
 .UNSPECIFIED.);
#156=B_SPLINE_CURVE_WITH_KNOTS('',3,(#5799,#5800,#5801,#5802,#5803),
 .UNSPECIFIED.,.F.,.F.,(4,1,4),(0.,0.120196080150374,0.248019001077724),
 .UNSPECIFIED.);
#157=B_SPLINE_CURVE_WITH_KNOTS('',3,(#5805,#5806,#5807,#5808,#5809),
 .UNSPECIFIED.,.F.,.F.,(4,1,4),(0.,0.13537033266801,0.274641444227619),
 .UNSPECIFIED.);
#158=B_SPLINE_CURVE_WITH_KNOTS('',3,(#5811,#5812,#5813,#5814,#5815),
 .UNSPECIFIED.,.F.,.F.,(4,1,4),(0.,0.146990565524469,0.280969137540277),
 .UNSPECIFIED.);
#159=B_SPLINE_CURVE_WITH_KNOTS('',3,(#5817,#5818,#5819,#5820,#5821),
 .UNSPECIFIED.,.F.,.F.,(4,1,4),(0.,0.1252889945456,0.247939360354627),
 .UNSPECIFIED.);
#160=B_SPLINE_CURVE_WITH_KNOTS('',3,(#5823,#5824,#5825,#5826,#5827),
 .UNSPECIFIED.,.F.,.F.,(4,1,4),(0.,0.124249084058598,0.251934665001339),
 .UNSPECIFIED.);
#161=B_SPLINE_CURVE_WITH_KNOTS('',3,(#5829,#5830,#5831,#5832,#5833),
 .UNSPECIFIED.,.F.,.F.,(4,1,4),(0.,0.139445117842049,0.26726409673874),
 .UNSPECIFIED.);
#162=B_SPLINE_CURVE_WITH_KNOTS('',3,(#5835,#5836,#5837,#5838,#5839),
 .UNSPECIFIED.,.F.,.F.,(4,1,4),(0.,0.126424285595051,0.261432453619677),
 .UNSPECIFIED.);
#163=B_SPLINE_CURVE_WITH_KNOTS('',3,(#5843,#5844,#5845,#5846,#5847),
 .UNSPECIFIED.,.F.,.F.,(4,1,4),(0.,0.103493264827419,0.190549091427238),
 .UNSPECIFIED.);
#164=B_SPLINE_CURVE_WITH_KNOTS('',3,(#5849,#5850,#5851,#5852,#5853),
 .UNSPECIFIED.,.F.,.F.,(4,1,4),(0.,0.0835093797157234,0.17609631746254),
 .UNSPECIFIED.);
#165=B_SPLINE_CURVE_WITH_KNOTS('',3,(#5855,#5856,#5857,#5858,#5859),
 .UNSPECIFIED.,.F.,.F.,(4,1,4),(0.,0.106712826767759,0.202975066468458),
 .UNSPECIFIED.);
#166=B_SPLINE_CURVE_WITH_KNOTS('',3,(#5861,#5862,#5863,#5864,#5865),
 .UNSPECIFIED.,.F.,.F.,(4,1,4),(0.,0.0923714355268745,0.186371990012814),
 .UNSPECIFIED.);
#167=B_SPLINE_CURVE_WITH_KNOTS('',3,(#5867,#5868,#5869,#5870,#5871),
 .UNSPECIFIED.,.F.,.F.,(4,1,4),(0.,0.0974444592200192,0.195218725866695),
 .UNSPECIFIED.);
#168=B_SPLINE_CURVE_WITH_KNOTS('',3,(#5873,#5874,#5875,#5876,#5877),
 .UNSPECIFIED.,.F.,.F.,(4,1,4),(0.,0.119818722771265,0.226774086705423),
 .UNSPECIFIED.);
#169=B_SPLINE_CURVE_WITH_KNOTS('',3,(#5879,#5880,#5881,#5882,#5883),
 .UNSPECIFIED.,.F.,.F.,(4,1,4),(0.,0.0957440162712559,0.185926707721848),
 .UNSPECIFIED.);
#170=B_SPLINE_CURVE_WITH_KNOTS('',3,(#5884,#5885,#5886,#5887,#5888),
 .UNSPECIFIED.,.F.,.F.,(4,1,4),(0.,0.0889861233165954,0.1779329034437),
 .UNSPECIFIED.);
#171=B_SPLINE_CURVE_WITH_KNOTS('',3,(#5899,#5900,#5901,#5902,#5903),
 .UNSPECIFIED.,.F.,.F.,(4,1,4),(0.,0.0878564917797334,0.152544806698347),
 .UNSPECIFIED.);
#172=B_SPLINE_CURVE_WITH_KNOTS('',3,(#5905,#5906,#5907,#5908,#5909),
 .UNSPECIFIED.,.F.,.F.,(4,1,4),(0.,0.070007406722783,0.132817653560704),
 .UNSPECIFIED.);
#173=B_SPLINE_CURVE_WITH_KNOTS('',3,(#5911,#5912,#5913,#5914,#5915),
 .UNSPECIFIED.,.F.,.F.,(4,1,4),(0.,0.0610681999608767,0.126516696638015),
 .UNSPECIFIED.);
#174=B_SPLINE_CURVE_WITH_KNOTS('',3,(#5917,#5918,#5919,#5920,#5921),
 .UNSPECIFIED.,.F.,.F.,(4,1,4),(0.,0.0690067430419712,0.140691935364772),
 .UNSPECIFIED.);
#175=B_SPLINE_CURVE_WITH_KNOTS('',3,(#5923,#5924,#5925,#5926,#5927),
 .UNSPECIFIED.,.F.,.F.,(4,1,4),(0.,0.119488297641643,0.234978823812081),
 .UNSPECIFIED.);
#176=B_SPLINE_CURVE_WITH_KNOTS('',3,(#5929,#5930,#5931,#5932,#5933),
 .UNSPECIFIED.,.F.,.F.,(4,1,4),(0.,0.13178012665402,0.312534052644662),
 .UNSPECIFIED.);
#177=B_SPLINE_CURVE_WITH_KNOTS('',3,(#5944,#5945,#5946,#5947,#5948),
 .UNSPECIFIED.,.F.,.F.,(4,1,4),(0.,0.110299896501885,0.191140949428706),
 .UNSPECIFIED.);
#178=B_SPLINE_CURVE_WITH_KNOTS('',3,(#5950,#5951,#5952,#5953,#5954),
 .UNSPECIFIED.,.F.,.F.,(4,1,4),(0.,0.0702579151770677,0.148338891014787),
 .UNSPECIFIED.);
#179=B_SPLINE_CURVE_WITH_KNOTS('',3,(#5956,#5957,#5958,#5959,#5960),
 .UNSPECIFIED.,.F.,.F.,(4,1,4),(0.,0.0587740897995379,0.113422189204674),
 .UNSPECIFIED.);
#180=B_SPLINE_CURVE_WITH_KNOTS('',3,(#5962,#5963,#5964,#5965,#5966),
 .UNSPECIFIED.,.F.,.F.,(4,1,4),(0.,0.0522135482181733,0.103899855233285),
 .UNSPECIFIED.);
#181=B_SPLINE_CURVE_WITH_KNOTS('',3,(#5967,#5968,#5969,#5970,#5971),
 .UNSPECIFIED.,.F.,.F.,(4,1,4),(0.,0.048041159966429,0.123960261924203),
 .UNSPECIFIED.);
#182=B_SPLINE_CURVE_WITH_KNOTS('',3,(#6018,#6019,#6020,#6021,#6022),
 .UNSPECIFIED.,.F.,.F.,(4,1,4),(0.,0.0743083594460864,0.162487087227409),
 .UNSPECIFIED.);
#183=B_SPLINE_CURVE_WITH_KNOTS('',3,(#6024,#6025,#6026,#6027,#6028),
 .UNSPECIFIED.,.F.,.F.,(4,1,4),(0.,0.0569750533006211,0.120719590855467),
 .UNSPECIFIED.);
#184=B_SPLINE_CURVE_WITH_KNOTS('',3,(#6030,#6031,#6032,#6033,#6034),
 .UNSPECIFIED.,.F.,.F.,(4,1,4),(0.,0.0629151491600191,0.119349757804905),
 .UNSPECIFIED.);
#185=B_SPLINE_CURVE_WITH_KNOTS('',3,(#6036,#6037,#6038,#6039,#6040),
 .UNSPECIFIED.,.F.,.F.,(4,1,4),(0.,0.0681911470496638,0.134856429202404),
 .UNSPECIFIED.);
#186=B_SPLINE_CURVE_WITH_KNOTS('',3,(#6042,#6043,#6044,#6045,#6046),
 .UNSPECIFIED.,.F.,.F.,(4,1,4),(0.,0.0789086902441637,0.161329954756038),
 .UNSPECIFIED.);
#187=B_SPLINE_CURVE_WITH_KNOTS('',3,(#6048,#6049,#6050,#6051,#6052),
 .UNSPECIFIED.,.F.,.F.,(4,1,4),(0.,0.0879341605591503,0.168608124476617),
 .UNSPECIFIED.);
#188=B_SPLINE_CURVE_WITH_KNOTS('',3,(#6054,#6055,#6056,#6057,#6058),
 .UNSPECIFIED.,.F.,.F.,(4,1,4),(0.,0.0672546174743478,0.140661942004745),
 .UNSPECIFIED.);
#189=B_SPLINE_CURVE_WITH_KNOTS('',3,(#6060,#6061,#6062,#6063,#6064),
 .UNSPECIFIED.,.F.,.F.,(4,1,4),(0.,0.0628488340012242,0.1268966933996),
 .UNSPECIFIED.);
#190=B_SPLINE_CURVE_WITH_KNOTS('',3,(#6066,#6067,#6068,#6069,#6070),
 .UNSPECIFIED.,.F.,.F.,(4,1,4),(0.,0.0709336507623513,0.139088159009093),
 .UNSPECIFIED.);
#191=B_SPLINE_CURVE_WITH_KNOTS('',3,(#6072,#6073,#6074,#6075,#6076),
 .UNSPECIFIED.,.F.,.F.,(4,1,4),(0.,0.0727753945106476,0.144876376103525),
 .UNSPECIFIED.);
#192=B_SPLINE_CURVE_WITH_KNOTS('',3,(#6078,#6079,#6080,#6081,#6082),
 .UNSPECIFIED.,.F.,.F.,(4,1,4),(0.,0.103535661499399,0.187266479713226),
 .UNSPECIFIED.);
#193=B_SPLINE_CURVE_WITH_KNOTS('',3,(#6092,#6093,#6094,#6095,#6096),
 .UNSPECIFIED.,.F.,.F.,(4,1,4),(0.,0.063242858948958,0.147674470967803),
 .UNSPECIFIED.);
#194=B_SPLINE_CURVE_WITH_KNOTS('',3,(#6098,#6099,#6100,#6101,#6102),
 .UNSPECIFIED.,.F.,.F.,(4,1,4),(0.,0.0490219884901339,0.0997381997555373),
 .UNSPECIFIED.);
#195=B_SPLINE_CURVE_WITH_KNOTS('',3,(#6104,#6105,#6106,#6107,#6108),
 .UNSPECIFIED.,.F.,.F.,(4,1,4),(0.,0.0527565352945926,0.102564824176092),
 .UNSPECIFIED.);
#196=B_SPLINE_CURVE_WITH_KNOTS('',3,(#6110,#6111,#6112,#6113,#6114),
 .UNSPECIFIED.,.F.,.F.,(4,1,4),(0.,0.0420143202228349,0.0872208501870875),
 .UNSPECIFIED.);
#197=B_SPLINE_CURVE_WITH_KNOTS('',3,(#6116,#6117,#6118,#6119,#6120),
 .UNSPECIFIED.,.F.,.F.,(4,1,4),(0.,0.0364963632045075,0.0757395921282512),
 .UNSPECIFIED.);
#198=B_SPLINE_CURVE_WITH_KNOTS('',3,(#6122,#6123,#6124,#6125,#6126),
 .UNSPECIFIED.,.F.,.F.,(4,1,4),(0.,0.0433471885566915,0.081487088824607),
 .UNSPECIFIED.);
#199=B_SPLINE_CURVE_WITH_KNOTS('',3,(#6128,#6129,#6130,#6131,#6132),
 .UNSPECIFIED.,.F.,.F.,(4,1,4),(0.,0.0545834894455991,0.0902343093598078),
 .UNSPECIFIED.);
#200=B_SPLINE_CURVE_WITH_KNOTS('',3,(#6140,#6141,#6142,#6143,#6144),
 .UNSPECIFIED.,.F.,.F.,(4,1,4),(0.,0.0611045833117592,0.153087840356604),
 .UNSPECIFIED.);
#201=B_SPLINE_CURVE_WITH_KNOTS('',3,(#6146,#6147,#6148,#6149,#6150),
 .UNSPECIFIED.,.F.,.F.,(4,1,4),(0.,0.0430974430914114,0.0871028510687134),
 .UNSPECIFIED.);
#202=B_SPLINE_CURVE_WITH_KNOTS('',3,(#6152,#6153,#6154,#6155,#6156),
 .UNSPECIFIED.,.F.,.F.,(4,1,4),(0.,0.0471900760460592,0.0917852084971536),
 .UNSPECIFIED.);
#203=B_SPLINE_CURVE_WITH_KNOTS('',3,(#6158,#6159,#6160,#6161,#6162),
 .UNSPECIFIED.,.F.,.F.,(4,1,4),(0.,0.043663030850733,0.0921763927977131),
 .UNSPECIFIED.);
#204=B_SPLINE_CURVE_WITH_KNOTS('',3,(#6164,#6165,#6166,#6167,#6168),
 .UNSPECIFIED.,.F.,.F.,(4,1,4),(0.,0.0485430696242338,0.0921562550911355),
 .UNSPECIFIED.);
#205=B_SPLINE_CURVE_WITH_KNOTS('',3,(#6170,#6171,#6172,#6173,#6174),
 .UNSPECIFIED.,.F.,.F.,(4,1,4),(0.,0.0756013925206473,0.12699066890258),
 .UNSPECIFIED.);
#206=B_SPLINE_CURVE_WITH_KNOTS('',3,(#6461,#6462,#6463,#6464,#6465),
 .UNSPECIFIED.,.F.,.F.,(4,1,4),(0.,0.102564755059821,0.220156438759595),
 .UNSPECIFIED.);
#207=B_SPLINE_CURVE_WITH_KNOTS('',3,(#6467,#6468,#6469,#6470,#6471),
 .UNSPECIFIED.,.F.,.F.,(4,1,4),(0.,0.10390428336934,0.202093965141552),
 .UNSPECIFIED.);
#208=B_SPLINE_CURVE_WITH_KNOTS('',3,(#6473,#6474,#6475,#6476,#6477),
 .UNSPECIFIED.,.F.,.F.,(4,1,4),(0.,0.0889861233165954,0.1779329034437),
 .UNSPECIFIED.);
#209=B_SPLINE_CURVE_WITH_KNOTS('',3,(#6479,#6480,#6481,#6482,#6483),
 .UNSPECIFIED.,.F.,.F.,(4,1,4),(0.,0.0957440162712559,0.185926707721848),
 .UNSPECIFIED.);
#210=B_SPLINE_CURVE_WITH_KNOTS('',3,(#6485,#6486,#6487,#6488,#6489),
 .UNSPECIFIED.,.F.,.F.,(4,1,4),(0.,0.119818722771265,0.226774086705423),
 .UNSPECIFIED.);
#211=B_SPLINE_CURVE_WITH_KNOTS('',3,(#6491,#6492,#6493,#6494,#6495),
 .UNSPECIFIED.,.F.,.F.,(4,1,4),(0.,0.0974444592200192,0.195218725866695),
 .UNSPECIFIED.);
#212=B_SPLINE_CURVE_WITH_KNOTS('',3,(#6497,#6498,#6499,#6500,#6501),
 .UNSPECIFIED.,.F.,.F.,(4,1,4),(0.,0.0923714355268745,0.186371990012814),
 .UNSPECIFIED.);
#213=B_SPLINE_CURVE_WITH_KNOTS('',3,(#6503,#6504,#6505,#6506,#6507),
 .UNSPECIFIED.,.F.,.F.,(4,1,4),(0.,0.106712826767759,0.202975066468458),
 .UNSPECIFIED.);
#214=B_SPLINE_CURVE_WITH_KNOTS('',3,(#6509,#6510,#6511,#6512,#6513),
 .UNSPECIFIED.,.F.,.F.,(4,1,4),(0.,0.0835093797157234,0.17609631746254),
 .UNSPECIFIED.);
#215=B_SPLINE_CURVE_WITH_KNOTS('',3,(#6515,#6516,#6517,#6518,#6519),
 .UNSPECIFIED.,.F.,.F.,(4,1,4),(0.,0.103493264827419,0.190549091427238),
 .UNSPECIFIED.);
#216=B_SPLINE_CURVE_WITH_KNOTS('',3,(#6523,#6524,#6525,#6526,#6527),
 .UNSPECIFIED.,.F.,.F.,(4,1,4),(0.,0.126424285595051,0.261432453619677),
 .UNSPECIFIED.);
#217=B_SPLINE_CURVE_WITH_KNOTS('',3,(#6529,#6530,#6531,#6532,#6533),
 .UNSPECIFIED.,.F.,.F.,(4,1,4),(0.,0.139445117842049,0.26726409673874),
 .UNSPECIFIED.);
#218=B_SPLINE_CURVE_WITH_KNOTS('',3,(#6535,#6536,#6537,#6538,#6539),
 .UNSPECIFIED.,.F.,.F.,(4,1,4),(0.,0.124249084058598,0.251934665001339),
 .UNSPECIFIED.);
#219=B_SPLINE_CURVE_WITH_KNOTS('',3,(#6541,#6542,#6543,#6544,#6545),
 .UNSPECIFIED.,.F.,.F.,(4,1,4),(0.,0.1252889945456,0.247939360354627),
 .UNSPECIFIED.);
#220=B_SPLINE_CURVE_WITH_KNOTS('',3,(#6547,#6548,#6549,#6550,#6551),
 .UNSPECIFIED.,.F.,.F.,(4,1,4),(0.,0.146990565524469,0.280969137540277),
 .UNSPECIFIED.);
#221=B_SPLINE_CURVE_WITH_KNOTS('',3,(#6553,#6554,#6555,#6556,#6557),
 .UNSPECIFIED.,.F.,.F.,(4,1,4),(0.,0.13537033266801,0.274641444227619),
 .UNSPECIFIED.);
#222=B_SPLINE_CURVE_WITH_KNOTS('',3,(#6559,#6560,#6561,#6562,#6563),
 .UNSPECIFIED.,.F.,.F.,(4,1,4),(0.,0.120196080150374,0.248019001077724),
 .UNSPECIFIED.);
#223=B_SPLINE_CURVE_WITH_KNOTS('',3,(#6565,#6566,#6567,#6568,#6569),
 .UNSPECIFIED.,.F.,.F.,(4,1,4),(0.,0.147493156566568,0.273919108066323),
 .UNSPECIFIED.);
#224=B_SPLINE_CURVE_WITH_KNOTS('',3,(#6571,#6572,#6573,#6574,#6575),
 .UNSPECIFIED.,.F.,.F.,(4,1,4),(0.,0.136220041180182,0.281984712846112),
 .UNSPECIFIED.);
#225=B_SPLINE_CURVE_WITH_KNOTS('',3,(#6577,#6578,#6579,#6580,#6581),
 .UNSPECIFIED.,.F.,.F.,(4,1,4),(0.,0.155027411886312,0.294266812921693),
 .UNSPECIFIED.);
#226=B_SPLINE_CURVE_WITH_KNOTS('',3,(#6816,#6817,#6818,#6819,#6820),
 .UNSPECIFIED.,.F.,.F.,(4,1,4),(0.,0.13178012665402,0.312534052644662),
 .UNSPECIFIED.);
#227=B_SPLINE_CURVE_WITH_KNOTS('',3,(#6822,#6823,#6824,#6825,#6826),
 .UNSPECIFIED.,.F.,.F.,(4,1,4),(0.,0.119488297641643,0.234978823812081),
 .UNSPECIFIED.);
#228=B_SPLINE_CURVE_WITH_KNOTS('',3,(#6828,#6829,#6830,#6831,#6832),
 .UNSPECIFIED.,.F.,.F.,(4,1,4),(0.,0.0690067430419712,0.140691935364772),
 .UNSPECIFIED.);
#229=B_SPLINE_CURVE_WITH_KNOTS('',3,(#6834,#6835,#6836,#6837,#6838),
 .UNSPECIFIED.,.F.,.F.,(4,1,4),(0.,0.0610681999608767,0.126516696638015),
 .UNSPECIFIED.);
#230=B_SPLINE_CURVE_WITH_KNOTS('',3,(#6840,#6841,#6842,#6843,#6844),
 .UNSPECIFIED.,.F.,.F.,(4,1,4),(0.,0.070007406722783,0.132817653560704),
 .UNSPECIFIED.);
#231=B_SPLINE_CURVE_WITH_KNOTS('',3,(#6846,#6847,#6848,#6849,#6850),
 .UNSPECIFIED.,.F.,.F.,(4,1,4),(0.,0.0878564917797334,0.152544806698347),
 .UNSPECIFIED.);
#232=B_SPLINE_CURVE_WITH_KNOTS('',3,(#6860,#6861,#6862,#6863,#6864),
 .UNSPECIFIED.,.F.,.F.,(4,1,4),(0.,0.0480410419050046,0.123960233231618),
 .UNSPECIFIED.);
#233=B_SPLINE_CURVE_WITH_KNOTS('',3,(#6866,#6867,#6868,#6869,#6870),
 .UNSPECIFIED.,.F.,.F.,(4,1,4),(0.,0.0522136321216352,0.10389983117165),
 .UNSPECIFIED.);
#234=B_SPLINE_CURVE_WITH_KNOTS('',3,(#6872,#6873,#6874,#6875,#6876),
 .UNSPECIFIED.,.F.,.F.,(4,1,4),(0.,0.0587740737159357,0.113422225014834),
 .UNSPECIFIED.);
#235=B_SPLINE_CURVE_WITH_KNOTS('',3,(#6878,#6879,#6880,#6881,#6882),
 .UNSPECIFIED.,.F.,.F.,(4,1,4),(0.,0.0702579494647724,0.148338925302492),
 .UNSPECIFIED.);
#236=B_SPLINE_CURVE_WITH_KNOTS('',3,(#6884,#6885,#6886,#6887,#6888),
 .UNSPECIFIED.,.F.,.F.,(4,1,4),(0.,0.110299985383715,0.191141038310535),
 .UNSPECIFIED.);
#237=B_SPLINE_CURVE_WITH_KNOTS('',3,(#7054,#7055,#7056,#7057,#7058),
 .UNSPECIFIED.,.F.,.F.,(4,1,4),(0.,0.0878565513623664,0.152544807042811),
 .UNSPECIFIED.);
#238=B_SPLINE_CURVE_WITH_KNOTS('',3,(#7060,#7061,#7062,#7063,#7064),
 .UNSPECIFIED.,.F.,.F.,(4,1,4),(0.,0.070007464363982,0.132817711201903),
 .UNSPECIFIED.);
#239=B_SPLINE_CURVE_WITH_KNOTS('',3,(#7066,#7067,#7068,#7069,#7070),
 .UNSPECIFIED.,.F.,.F.,(4,1,4),(0.,0.0610682438191445,0.126516740496283),
 .UNSPECIFIED.);
#240=B_SPLINE_CURVE_WITH_KNOTS('',3,(#7072,#7073,#7074,#7075,#7076),
 .UNSPECIFIED.,.F.,.F.,(4,1,4),(0.,0.0690066250578933,0.140691836310382),
 .UNSPECIFIED.);
#241=B_SPLINE_CURVE_WITH_KNOTS('',3,(#7078,#7079,#7080,#7081,#7082),
 .UNSPECIFIED.,.F.,.F.,(4,1,4),(0.,0.119488287518702,0.234978813689141),
 .UNSPECIFIED.);
#242=B_SPLINE_CURVE_WITH_KNOTS('',3,(#7084,#7085,#7086,#7087,#7088),
 .UNSPECIFIED.,.F.,.F.,(4,1,4),(0.,0.131780178178378,0.31253404501091),
 .UNSPECIFIED.);
#243=B_SPLINE_CURVE_WITH_KNOTS('',3,(#7092,#7093,#7094,#7095,#7096),
 .UNSPECIFIED.,.F.,.F.,(4,1,4),(0.,0.0956790352205747,0.188857703545767),
 .UNSPECIFIED.);
#244=B_SPLINE_CURVE_WITH_KNOTS('',3,(#7098,#7099,#7100,#7101,#7102),
 .UNSPECIFIED.,.F.,.F.,(4,1,4),(0.,0.0935651144537266,0.189827224370903),
 .UNSPECIFIED.);
#245=B_SPLINE_CURVE_WITH_KNOTS('',3,(#7106,#7107,#7108,#7109,#7110),
 .UNSPECIFIED.,.F.,.F.,(4,1,4),(0.,0.0698729528995113,0.130775199189525),
 .UNSPECIFIED.);
#246=B_SPLINE_CURVE_WITH_KNOTS('',3,(#7112,#7113,#7114,#7115,#7116),
 .UNSPECIFIED.,.F.,.F.,(4,1,4),(0.,0.0600096601196666,0.128468734645557),
 .UNSPECIFIED.);
#247=B_SPLINE_CURVE_WITH_KNOTS('',3,(#7118,#7119,#7120,#7121,#7122),
 .UNSPECIFIED.,.F.,.F.,(4,1,4),(0.,0.0758158829845135,0.157157560034864),
 .UNSPECIFIED.);
#248=B_SPLINE_CURVE_WITH_KNOTS('',3,(#7124,#7125,#7126,#7127,#7128),
 .UNSPECIFIED.,.F.,.F.,(4,1,4),(0.,0.0715042975063759,0.136161951308311),
 .UNSPECIFIED.);
#249=B_SPLINE_CURVE_WITH_KNOTS('',3,(#7130,#7131,#7132,#7133,#7134),
 .UNSPECIFIED.,.F.,.F.,(4,1,4),(0.,0.0571739272925645,0.107218722195866),
 .UNSPECIFIED.);
#250=B_SPLINE_CURVE_WITH_KNOTS('',3,(#7136,#7137,#7138,#7139,#7140),
 .UNSPECIFIED.,.F.,.F.,(4,1,4),(0.,0.0461825120420049,0.0913347566521019),
 .UNSPECIFIED.);
#251=B_SPLINE_CURVE_WITH_KNOTS('',3,(#7142,#7143,#7144,#7145,#7146),
 .UNSPECIFIED.,.F.,.F.,(4,1,4),(0.,0.0446071582795966,0.0878673179734664),
 .UNSPECIFIED.);
#252=B_SPLINE_CURVE_WITH_KNOTS('',3,(#7148,#7149,#7150,#7151,#7152),
 .UNSPECIFIED.,.F.,.F.,(4,1,4),(0.,0.048490558758718,0.108625347236074),
 .UNSPECIFIED.);
#253=B_SPLINE_CURVE_WITH_KNOTS('',3,(#7154,#7155,#7156,#7157,#7158),
 .UNSPECIFIED.,.F.,.F.,(4,1,4),(0.,0.0676665308280695,0.184654136353423),
 .UNSPECIFIED.);
#254=B_SPLINE_CURVE_WITH_KNOTS('',3,(#7160,#7161,#7162,#7163,#7164),
 .UNSPECIFIED.,.F.,.F.,(4,1,4),(0.,0.121485575396249,0.203186459601821),
 .UNSPECIFIED.);
#255=B_SPLINE_CURVE_WITH_KNOTS('',3,(#7166,#7167,#7168,#7169,#7170),
 .UNSPECIFIED.,.F.,.F.,(4,1,4),(0.,0.0753212458063606,0.142900270683372),
 .UNSPECIFIED.);
#256=B_SPLINE_CURVE_WITH_KNOTS('',3,(#7172,#7173,#7174,#7175,#7176),
 .UNSPECIFIED.,.F.,.F.,(4,1,4),(0.,0.0645415223559593,0.130696643749842),
 .UNSPECIFIED.);
#257=B_SPLINE_CURVE_WITH_KNOTS('',3,(#7178,#7179,#7180,#7181,#7182),
 .UNSPECIFIED.,.F.,.F.,(4,1,4),(0.,0.0740272441962973,0.149548388528592),
 .UNSPECIFIED.);
#258=B_SPLINE_CURVE_WITH_KNOTS('',3,(#7184,#7185,#7186,#7187,#7188),
 .UNSPECIFIED.,.F.,.F.,(4,1,4),(0.,0.0784003304665297,0.16233227409106),
 .UNSPECIFIED.);
#259=B_SPLINE_CURVE_WITH_KNOTS('',3,(#7190,#7191,#7192,#7193,#7194),
 .UNSPECIFIED.,.F.,.F.,(4,1,4),(0.,0.0908186705609991,0.187545768143129),
 .UNSPECIFIED.);
#260=B_SPLINE_CURVE_WITH_KNOTS('',3,(#7196,#7197,#7198,#7199,#7200),
 .UNSPECIFIED.,.F.,.F.,(4,1,4),(0.,0.10500378186879,0.200355281000504),
 .UNSPECIFIED.);
#261=B_SPLINE_CURVE_WITH_KNOTS('',3,(#7202,#7203,#7204,#7205,#7206),
 .UNSPECIFIED.,.F.,.F.,(4,1,4),(0.,0.0871852690286734,0.169760903953229),
 .UNSPECIFIED.);
#262=B_SPLINE_CURVE_WITH_KNOTS('',3,(#7208,#7209,#7210,#7211,#7212),
 .UNSPECIFIED.,.F.,.F.,(4,1,4),(0.,0.0820790008084157,0.166633516415714),
 .UNSPECIFIED.);
#263=B_SPLINE_CURVE_WITH_KNOTS('',3,(#7216,#7217,#7218,#7219,#7220),
 .UNSPECIFIED.,.F.,.F.,(4,1,4),(0.,0.0861880936234744,0.162310003629989),
 .UNSPECIFIED.);
#264=B_SPLINE_CURVE_WITH_KNOTS('',3,(#7222,#7223,#7224,#7225,#7226),
 .UNSPECIFIED.,.F.,.F.,(4,1,4),(0.,0.0816030182082024,0.183535498213523),
 .UNSPECIFIED.);
#265=B_SPLINE_CURVE_WITH_KNOTS('',3,(#7228,#7229,#7230,#7231,#7232),
 .UNSPECIFIED.,.F.,.F.,(4,1,4),(0.,0.10435015206108,0.182822333409582),
 .UNSPECIFIED.);
#266=B_SPLINE_CURVE_WITH_KNOTS('',3,(#7234,#7235,#7236,#7237,#7238),
 .UNSPECIFIED.,.F.,.F.,(4,1,4),(0.,0.0636389261173563,0.122808070220668),
 .UNSPECIFIED.);
#267=B_SPLINE_CURVE_WITH_KNOTS('',3,(#7240,#7241,#7242,#7243,#7244),
 .UNSPECIFIED.,.F.,.F.,(4,1,4),(0.,0.0500658817781103,0.09921490561675),
 .UNSPECIFIED.);
#268=B_SPLINE_CURVE_WITH_KNOTS('',3,(#7246,#7247,#7248,#7249,#7250),
 .UNSPECIFIED.,.F.,.F.,(4,1,4),(0.,0.0774490773667732,0.212882385963347),
 .UNSPECIFIED.);
#269=B_SPLINE_CURVE_WITH_KNOTS('',3,(#7252,#7253,#7254,#7255,#7256),
 .UNSPECIFIED.,.F.,.F.,(4,1,4),(0.,0.140231557811943,0.230565597463492),
 .UNSPECIFIED.);
#270=B_SPLINE_CURVE_WITH_KNOTS('',3,(#7258,#7259,#7260,#7261,#7262),
 .UNSPECIFIED.,.F.,.F.,(4,1,4),(0.,0.0885423207811168,0.165932899466623),
 .UNSPECIFIED.);
#271=B_SPLINE_CURVE_WITH_KNOTS('',3,(#7264,#7265,#7266,#7267,#7268),
 .UNSPECIFIED.,.F.,.F.,(4,1,4),(0.,0.073388120979786,0.149900060759692),
 .UNSPECIFIED.);
#272=B_SPLINE_CURVE_WITH_KNOTS('',3,(#7270,#7271,#7272,#7273,#7274),
 .UNSPECIFIED.,.F.,.F.,(4,1,4),(0.,0.0783445223692298,0.158903098714729),
 .UNSPECIFIED.);
#273=B_SPLINE_CURVE_WITH_KNOTS('',3,(#7276,#7277,#7278,#7279,#7280),
 .UNSPECIFIED.,.F.,.F.,(4,1,4),(0.,0.0838950865371319,0.172975652152932),
 .UNSPECIFIED.);
#274=B_SPLINE_CURVE_WITH_KNOTS('',3,(#7282,#7283,#7284,#7285,#7286),
 .UNSPECIFIED.,.F.,.F.,(4,1,4),(0.,0.0956163908777278,0.197810274262197),
 .UNSPECIFIED.);
#275=B_SPLINE_CURVE_WITH_KNOTS('',3,(#7287,#7288,#7289,#7290,#7291),
 .UNSPECIFIED.,.F.,.F.,(4,1,4),(0.,0.125135676297765,0.232080096844355),
 .UNSPECIFIED.);
#276=B_SPLINE_CURVE_WITH_KNOTS('',3,(#7367,#7368,#7369,#7370,#7371),
 .UNSPECIFIED.,.F.,.F.,(4,1,4),(0.,0.131780178178378,0.31253404501091),
 .UNSPECIFIED.);
#277=B_SPLINE_CURVE_WITH_KNOTS('',3,(#7373,#7374,#7375,#7376,#7377),
 .UNSPECIFIED.,.F.,.F.,(4,1,4),(0.,0.119488287518702,0.234978813689141),
 .UNSPECIFIED.);
#278=B_SPLINE_CURVE_WITH_KNOTS('',3,(#7379,#7380,#7381,#7382,#7383),
 .UNSPECIFIED.,.F.,.F.,(4,1,4),(0.,0.0690066250578933,0.140691836310382),
 .UNSPECIFIED.);
#279=B_SPLINE_CURVE_WITH_KNOTS('',3,(#7385,#7386,#7387,#7388,#7389),
 .UNSPECIFIED.,.F.,.F.,(4,1,4),(0.,0.0610682438191445,0.126516740496283),
 .UNSPECIFIED.);
#280=B_SPLINE_CURVE_WITH_KNOTS('',3,(#7391,#7392,#7393,#7394,#7395),
 .UNSPECIFIED.,.F.,.F.,(4,1,4),(0.,0.070007464363982,0.132817711201903),
 .UNSPECIFIED.);
#281=B_SPLINE_CURVE_WITH_KNOTS('',3,(#7397,#7398,#7399,#7400,#7401),
 .UNSPECIFIED.,.F.,.F.,(4,1,4),(0.,0.0878565513623664,0.152544807042811),
 .UNSPECIFIED.);
#282=B_SPLINE_CURVE_WITH_KNOTS('',3,(#7411,#7412,#7413,#7414,#7415),
 .UNSPECIFIED.,.F.,.F.,(4,1,4),(0.,0.048041159966429,0.123960261924203),
 .UNSPECIFIED.);
#283=B_SPLINE_CURVE_WITH_KNOTS('',3,(#7417,#7418,#7419,#7420,#7421),
 .UNSPECIFIED.,.F.,.F.,(4,1,4),(0.,0.0522135482181733,0.103899855233285),
 .UNSPECIFIED.);
#284=B_SPLINE_CURVE_WITH_KNOTS('',3,(#7423,#7424,#7425,#7426,#7427),
 .UNSPECIFIED.,.F.,.F.,(4,1,4),(0.,0.0587740897995379,0.113422189204674),
 .UNSPECIFIED.);
#285=B_SPLINE_CURVE_WITH_KNOTS('',3,(#7429,#7430,#7431,#7432,#7433),
 .UNSPECIFIED.,.F.,.F.,(4,1,4),(0.,0.0702579151770677,0.148338891014787),
 .UNSPECIFIED.);
#286=B_SPLINE_CURVE_WITH_KNOTS('',3,(#7435,#7436,#7437,#7438,#7439),
 .UNSPECIFIED.,.F.,.F.,(4,1,4),(0.,0.110299896501885,0.191140949428706),
 .UNSPECIFIED.);
#287=B_SPLINE_CURVE_WITH_KNOTS('',3,(#7581,#7582,#7583,#7584,#7585),
 .UNSPECIFIED.,.F.,.F.,(4,1,4),(0.,0.0935651144537266,0.189827224370903),
 .UNSPECIFIED.);
#288=B_SPLINE_CURVE_WITH_KNOTS('',3,(#7587,#7588,#7589,#7590,#7591),
 .UNSPECIFIED.,.F.,.F.,(4,1,4),(0.,0.0956790352205747,0.188857703545767),
 .UNSPECIFIED.);
#289=B_SPLINE_CURVE_WITH_KNOTS('',3,(#7593,#7594,#7595,#7596,#7597),
 .UNSPECIFIED.,.F.,.F.,(4,1,4),(0.,0.125135676297765,0.232080096844355),
 .UNSPECIFIED.);
#290=B_SPLINE_CURVE_WITH_KNOTS('',3,(#7599,#7600,#7601,#7602,#7603),
 .UNSPECIFIED.,.F.,.F.,(4,1,4),(0.,0.0956163908777278,0.197810274262197),
 .UNSPECIFIED.);
#291=B_SPLINE_CURVE_WITH_KNOTS('',3,(#7605,#7606,#7607,#7608,#7609),
 .UNSPECIFIED.,.F.,.F.,(4,1,4),(0.,0.0838950865371319,0.172975652152932),
 .UNSPECIFIED.);
#292=B_SPLINE_CURVE_WITH_KNOTS('',3,(#7611,#7612,#7613,#7614,#7615),
 .UNSPECIFIED.,.F.,.F.,(4,1,4),(0.,0.0783445223692298,0.158903098714729),
 .UNSPECIFIED.);
#293=B_SPLINE_CURVE_WITH_KNOTS('',3,(#7617,#7618,#7619,#7620,#7621),
 .UNSPECIFIED.,.F.,.F.,(4,1,4),(0.,0.073388120979786,0.149900060759692),
 .UNSPECIFIED.);
#294=B_SPLINE_CURVE_WITH_KNOTS('',3,(#7623,#7624,#7625,#7626,#7627),
 .UNSPECIFIED.,.F.,.F.,(4,1,4),(0.,0.0885423207811168,0.165932899466623),
 .UNSPECIFIED.);
#295=B_SPLINE_CURVE_WITH_KNOTS('',3,(#7629,#7630,#7631,#7632,#7633),
 .UNSPECIFIED.,.F.,.F.,(4,1,4),(0.,0.140231557811943,0.230565597463492),
 .UNSPECIFIED.);
#296=B_SPLINE_CURVE_WITH_KNOTS('',3,(#7635,#7636,#7637,#7638,#7639),
 .UNSPECIFIED.,.F.,.F.,(4,1,4),(0.,0.0774490773667732,0.212882385963347),
 .UNSPECIFIED.);
#297=B_SPLINE_CURVE_WITH_KNOTS('',3,(#7641,#7642,#7643,#7644,#7645),
 .UNSPECIFIED.,.F.,.F.,(4,1,4),(0.,0.0500658817781103,0.09921490561675),
 .UNSPECIFIED.);
#298=B_SPLINE_CURVE_WITH_KNOTS('',3,(#7647,#7648,#7649,#7650,#7651),
 .UNSPECIFIED.,.F.,.F.,(4,1,4),(0.,0.0636389261173563,0.122808070220668),
 .UNSPECIFIED.);
#299=B_SPLINE_CURVE_WITH_KNOTS('',3,(#7653,#7654,#7655,#7656,#7657),
 .UNSPECIFIED.,.F.,.F.,(4,1,4),(0.,0.10435015206108,0.182822333409582),
 .UNSPECIFIED.);
#300=B_SPLINE_CURVE_WITH_KNOTS('',3,(#7659,#7660,#7661,#7662,#7663),
 .UNSPECIFIED.,.F.,.F.,(4,1,4),(0.,0.0816030182082024,0.183535498213523),
 .UNSPECIFIED.);
#301=B_SPLINE_CURVE_WITH_KNOTS('',3,(#7665,#7666,#7667,#7668,#7669),
 .UNSPECIFIED.,.F.,.F.,(4,1,4),(0.,0.0861880936234744,0.162310003629989),
 .UNSPECIFIED.);
#302=B_SPLINE_CURVE_WITH_KNOTS('',3,(#7673,#7674,#7675,#7676,#7677),
 .UNSPECIFIED.,.F.,.F.,(4,1,4),(0.,0.0820790008084157,0.166633516415714),
 .UNSPECIFIED.);
#303=B_SPLINE_CURVE_WITH_KNOTS('',3,(#7679,#7680,#7681,#7682,#7683),
 .UNSPECIFIED.,.F.,.F.,(4,1,4),(0.,0.0871852690286734,0.169760903953229),
 .UNSPECIFIED.);
#304=B_SPLINE_CURVE_WITH_KNOTS('',3,(#7685,#7686,#7687,#7688,#7689),
 .UNSPECIFIED.,.F.,.F.,(4,1,4),(0.,0.10500378186879,0.200355281000504),
 .UNSPECIFIED.);
#305=B_SPLINE_CURVE_WITH_KNOTS('',3,(#7691,#7692,#7693,#7694,#7695),
 .UNSPECIFIED.,.F.,.F.,(4,1,4),(0.,0.0908186705609991,0.187545768143129),
 .UNSPECIFIED.);
#306=B_SPLINE_CURVE_WITH_KNOTS('',3,(#7697,#7698,#7699,#7700,#7701),
 .UNSPECIFIED.,.F.,.F.,(4,1,4),(0.,0.0784003304665297,0.16233227409106),
 .UNSPECIFIED.);
#307=B_SPLINE_CURVE_WITH_KNOTS('',3,(#7703,#7704,#7705,#7706,#7707),
 .UNSPECIFIED.,.F.,.F.,(4,1,4),(0.,0.0740272441962973,0.149548388528592),
 .UNSPECIFIED.);
#308=B_SPLINE_CURVE_WITH_KNOTS('',3,(#7709,#7710,#7711,#7712,#7713),
 .UNSPECIFIED.,.F.,.F.,(4,1,4),(0.,0.0645415223559593,0.130696643749842),
 .UNSPECIFIED.);
#309=B_SPLINE_CURVE_WITH_KNOTS('',3,(#7715,#7716,#7717,#7718,#7719),
 .UNSPECIFIED.,.F.,.F.,(4,1,4),(0.,0.0753212458063606,0.142900270683372),
 .UNSPECIFIED.);
#310=B_SPLINE_CURVE_WITH_KNOTS('',3,(#7721,#7722,#7723,#7724,#7725),
 .UNSPECIFIED.,.F.,.F.,(4,1,4),(0.,0.121485575396249,0.203186459601821),
 .UNSPECIFIED.);
#311=B_SPLINE_CURVE_WITH_KNOTS('',3,(#7727,#7728,#7729,#7730,#7731),
 .UNSPECIFIED.,.F.,.F.,(4,1,4),(0.,0.0676665308280695,0.184654136353423),
 .UNSPECIFIED.);
#312=B_SPLINE_CURVE_WITH_KNOTS('',3,(#7733,#7734,#7735,#7736,#7737),
 .UNSPECIFIED.,.F.,.F.,(4,1,4),(0.,0.048490558758718,0.108625347236074),
 .UNSPECIFIED.);
#313=B_SPLINE_CURVE_WITH_KNOTS('',3,(#7739,#7740,#7741,#7742,#7743),
 .UNSPECIFIED.,.F.,.F.,(4,1,4),(0.,0.0446071582795966,0.0878673179734664),
 .UNSPECIFIED.);
#314=B_SPLINE_CURVE_WITH_KNOTS('',3,(#7745,#7746,#7747,#7748,#7749),
 .UNSPECIFIED.,.F.,.F.,(4,1,4),(0.,0.0461825120420049,0.0913347566521019),
 .UNSPECIFIED.);
#315=B_SPLINE_CURVE_WITH_KNOTS('',3,(#7751,#7752,#7753,#7754,#7755),
 .UNSPECIFIED.,.F.,.F.,(4,1,4),(0.,0.0571739272925645,0.107218722195866),
 .UNSPECIFIED.);
#316=B_SPLINE_CURVE_WITH_KNOTS('',3,(#7757,#7758,#7759,#7760,#7761),
 .UNSPECIFIED.,.F.,.F.,(4,1,4),(0.,0.0715042975063759,0.136161951308311),
 .UNSPECIFIED.);
#317=B_SPLINE_CURVE_WITH_KNOTS('',3,(#7763,#7764,#7765,#7766,#7767),
 .UNSPECIFIED.,.F.,.F.,(4,1,4),(0.,0.0758158829845135,0.157157560034864),
 .UNSPECIFIED.);
#318=B_SPLINE_CURVE_WITH_KNOTS('',3,(#7769,#7770,#7771,#7772,#7773),
 .UNSPECIFIED.,.F.,.F.,(4,1,4),(0.,0.0600096601196666,0.128468734645557),
 .UNSPECIFIED.);
#319=B_SPLINE_CURVE_WITH_KNOTS('',3,(#7775,#7776,#7777,#7778,#7779),
 .UNSPECIFIED.,.F.,.F.,(4,1,4),(0.,0.0698729528995113,0.130775199189525),
 .UNSPECIFIED.);
#320=FACE_BOUND('',#743,.T.);
#321=FACE_BOUND('',#746,.T.);
#322=FACE_BOUND('',#747,.T.);
#323=FACE_BOUND('',#748,.T.);
#324=FACE_BOUND('',#772,.T.);
#325=FACE_BOUND('',#773,.T.);
#326=FACE_BOUND('',#774,.T.);
#327=FACE_BOUND('',#775,.T.);
#328=FACE_BOUND('',#776,.T.);
#329=FACE_BOUND('',#777,.T.);
#330=FACE_BOUND('',#778,.T.);
#331=FACE_BOUND('',#781,.T.);
#332=FACE_BOUND('',#791,.T.);
#333=FACE_BOUND('',#792,.T.);
#334=FACE_BOUND('',#850,.T.);
#335=FACE_BOUND('',#871,.T.);
#336=FACE_BOUND('',#872,.T.);
#337=FACE_BOUND('',#873,.T.);
#338=FACE_BOUND('',#874,.T.);
#339=FACE_BOUND('',#875,.T.);
#340=FACE_BOUND('',#876,.T.);
#341=FACE_BOUND('',#877,.T.);
#342=FACE_BOUND('',#879,.T.);
#343=FACE_BOUND('',#880,.T.);
#344=FACE_BOUND('',#882,.T.);
#345=FACE_BOUND('',#892,.T.);
#346=FACE_BOUND('',#1002,.T.);
#347=FACE_BOUND('',#1011,.T.);
#348=TOROIDAL_SURFACE('',#4456,6.2,1.2);
#349=TOROIDAL_SURFACE('',#4465,6.2,1.2);
#350=PLANE('',#4451);
#351=PLANE('',#4455);
#352=PLANE('',#4464);
#353=PLANE('',#4468);
#354=PLANE('',#4469);
#355=PLANE('',#4470);
#356=PLANE('',#4471);
#357=PLANE('',#4472);
#358=PLANE('',#4473);
#359=PLANE('',#4474);
#360=PLANE('',#4475);
#361=PLANE('',#4476);
#362=PLANE('',#4477);
#363=PLANE('',#4478);
#364=PLANE('',#4479);
#365=PLANE('',#4480);
#366=PLANE('',#4481);
#367=PLANE('',#4482);
#368=PLANE('',#4483);
#369=PLANE('',#4484);
#370=PLANE('',#4485);
#371=PLANE('',#4486);
#372=PLANE('',#4487);
#373=PLANE('',#4488);
#374=PLANE('',#4489);
#375=PLANE('',#4490);
#376=PLANE('',#4491);
#377=PLANE('',#4492);
#378=PLANE('',#4493);
#379=PLANE('',#4494);
#380=PLANE('',#4495);
#381=PLANE('',#4496);
#382=PLANE('',#4497);
#383=PLANE('',#4498);
#384=PLANE('',#4499);
#385=PLANE('',#4500);
#386=PLANE('',#4501);
#387=PLANE('',#4502);
#388=PLANE('',#4503);
#389=PLANE('',#4504);
#390=PLANE('',#4505);
#391=PLANE('',#4506);
#392=PLANE('',#4507);
#393=PLANE('',#4508);
#394=PLANE('',#4509);
#395=PLANE('',#4510);
#396=PLANE('',#4511);
#397=PLANE('',#4512);
#398=PLANE('',#4513);
#399=PLANE('',#4514);
#400=PLANE('',#4515);
#401=PLANE('',#4516);
#402=PLANE('',#4517);
#403=PLANE('',#4518);
#404=PLANE('',#4519);
#405=PLANE('',#4520);
#406=PLANE('',#4521);
#407=PLANE('',#4522);
#408=PLANE('',#4523);
#409=PLANE('',#4524);
#410=PLANE('',#4529);
#411=PLANE('',#4530);
#412=PLANE('',#4531);
#413=PLANE('',#4532);
#414=PLANE('',#4533);
#415=PLANE('',#4534);
#416=PLANE('',#4535);
#417=PLANE('',#4536);
#418=PLANE('',#4537);
#419=PLANE('',#4538);
#420=PLANE('',#4539);
#421=PLANE('',#4540);
#422=PLANE('',#4541);
#423=PLANE('',#4542);
#424=PLANE('',#4543);
#425=PLANE('',#4544);
#426=PLANE('',#4545);
#427=PLANE('',#4546);
#428=PLANE('',#4547);
#429=PLANE('',#4548);
#430=PLANE('',#4549);
#431=PLANE('',#4550);
#432=PLANE('',#4551);
#433=PLANE('',#4552);
#434=PLANE('',#4553);
#435=PLANE('',#4554);
#436=PLANE('',#4555);
#437=PLANE('',#4556);
#438=PLANE('',#4557);
#439=PLANE('',#4558);
#440=PLANE('',#4559);
#441=PLANE('',#4560);
#442=PLANE('',#4561);
#443=PLANE('',#4562);
#444=PLANE('',#4563);
#445=PLANE('',#4564);
#446=PLANE('',#4569);
#447=PLANE('',#4574);
#448=PLANE('',#4579);
#449=PLANE('',#4584);
#450=PLANE('',#4585);
#451=PLANE('',#4586);
#452=PLANE('',#4587);
#453=PLANE('',#4588);
#454=PLANE('',#4589);
#455=PLANE('',#4590);
#456=PLANE('',#4591);
#457=PLANE('',#4592);
#458=PLANE('',#4593);
#459=PLANE('',#4594);
#460=PLANE('',#4595);
#461=PLANE('',#4596);
#462=PLANE('',#4597);
#463=PLANE('',#4598);
#464=PLANE('',#4599);
#465=PLANE('',#4600);
#466=PLANE('',#4601);
#467=PLANE('',#4602);
#468=PLANE('',#4603);
#469=PLANE('',#4604);
#470=PLANE('',#4605);
#471=PLANE('',#4606);
#472=PLANE('',#4607);
#473=PLANE('',#4608);
#474=PLANE('',#4609);
#475=PLANE('',#4610);
#476=PLANE('',#4611);
#477=PLANE('',#4612);
#478=PLANE('',#4613);
#479=PLANE('',#4614);
#480=PLANE('',#4615);
#481=PLANE('',#4616);
#482=PLANE('',#4617);
#483=PLANE('',#4618);
#484=PLANE('',#4619);
#485=PLANE('',#4620);
#486=PLANE('',#4621);
#487=FACE_OUTER_BOUND('',#736,.T.);
#488=FACE_OUTER_BOUND('',#737,.T.);
#489=FACE_OUTER_BOUND('',#738,.T.);
#490=FACE_OUTER_BOUND('',#739,.T.);
#491=FACE_OUTER_BOUND('',#740,.T.);
#492=FACE_OUTER_BOUND('',#741,.T.);
#493=FACE_OUTER_BOUND('',#742,.T.);
#494=FACE_OUTER_BOUND('',#744,.T.);
#495=FACE_OUTER_BOUND('',#745,.T.);
#496=FACE_OUTER_BOUND('',#749,.T.);
#497=FACE_OUTER_BOUND('',#750,.T.);
#498=FACE_OUTER_BOUND('',#751,.T.);
#499=FACE_OUTER_BOUND('',#752,.T.);
#500=FACE_OUTER_BOUND('',#753,.T.);
#501=FACE_OUTER_BOUND('',#754,.T.);
#502=FACE_OUTER_BOUND('',#755,.T.);
#503=FACE_OUTER_BOUND('',#756,.T.);
#504=FACE_OUTER_BOUND('',#757,.T.);
#505=FACE_OUTER_BOUND('',#758,.T.);
#506=FACE_OUTER_BOUND('',#759,.T.);
#507=FACE_OUTER_BOUND('',#760,.T.);
#508=FACE_OUTER_BOUND('',#761,.T.);
#509=FACE_OUTER_BOUND('',#762,.T.);
#510=FACE_OUTER_BOUND('',#763,.T.);
#511=FACE_OUTER_BOUND('',#764,.T.);
#512=FACE_OUTER_BOUND('',#765,.T.);
#513=FACE_OUTER_BOUND('',#766,.T.);
#514=FACE_OUTER_BOUND('',#767,.T.);
#515=FACE_OUTER_BOUND('',#768,.T.);
#516=FACE_OUTER_BOUND('',#769,.T.);
#517=FACE_OUTER_BOUND('',#770,.T.);
#518=FACE_OUTER_BOUND('',#771,.T.);
#519=FACE_OUTER_BOUND('',#779,.T.);
#520=FACE_OUTER_BOUND('',#780,.T.);
#521=FACE_OUTER_BOUND('',#782,.T.);
#522=FACE_OUTER_BOUND('',#783,.T.);
#523=FACE_OUTER_BOUND('',#784,.T.);
#524=FACE_OUTER_BOUND('',#785,.T.);
#525=FACE_OUTER_BOUND('',#786,.T.);
#526=FACE_OUTER_BOUND('',#787,.T.);
#527=FACE_OUTER_BOUND('',#788,.T.);
#528=FACE_OUTER_BOUND('',#789,.T.);
#529=FACE_OUTER_BOUND('',#790,.T.);
#530=FACE_OUTER_BOUND('',#793,.T.);
#531=FACE_OUTER_BOUND('',#794,.T.);
#532=FACE_OUTER_BOUND('',#795,.T.);
#533=FACE_OUTER_BOUND('',#796,.T.);
#534=FACE_OUTER_BOUND('',#797,.T.);
#535=FACE_OUTER_BOUND('',#798,.T.);
#536=FACE_OUTER_BOUND('',#799,.T.);
#537=FACE_OUTER_BOUND('',#800,.T.);
#538=FACE_OUTER_BOUND('',#801,.T.);
#539=FACE_OUTER_BOUND('',#802,.T.);
#540=FACE_OUTER_BOUND('',#803,.T.);
#541=FACE_OUTER_BOUND('',#804,.T.);
#542=FACE_OUTER_BOUND('',#805,.T.);
#543=FACE_OUTER_BOUND('',#806,.T.);
#544=FACE_OUTER_BOUND('',#807,.T.);
#545=FACE_OUTER_BOUND('',#808,.T.);
#546=FACE_OUTER_BOUND('',#809,.T.);
#547=FACE_OUTER_BOUND('',#810,.T.);
#548=FACE_OUTER_BOUND('',#811,.T.);
#549=FACE_OUTER_BOUND('',#812,.T.);
#550=FACE_OUTER_BOUND('',#813,.T.);
#551=FACE_OUTER_BOUND('',#814,.T.);
#552=FACE_OUTER_BOUND('',#815,.T.);
#553=FACE_OUTER_BOUND('',#816,.T.);
#554=FACE_OUTER_BOUND('',#817,.T.);
#555=FACE_OUTER_BOUND('',#818,.T.);
#556=FACE_OUTER_BOUND('',#819,.T.);
#557=FACE_OUTER_BOUND('',#820,.T.);
#558=FACE_OUTER_BOUND('',#821,.T.);
#559=FACE_OUTER_BOUND('',#822,.T.);
#560=FACE_OUTER_BOUND('',#823,.T.);
#561=FACE_OUTER_BOUND('',#824,.T.);
#562=FACE_OUTER_BOUND('',#825,.T.);
#563=FACE_OUTER_BOUND('',#826,.T.);
#564=FACE_OUTER_BOUND('',#827,.T.);
#565=FACE_OUTER_BOUND('',#828,.T.);
#566=FACE_OUTER_BOUND('',#829,.T.);
#567=FACE_OUTER_BOUND('',#830,.T.);
#568=FACE_OUTER_BOUND('',#831,.T.);
#569=FACE_OUTER_BOUND('',#832,.T.);
#570=FACE_OUTER_BOUND('',#833,.T.);
#571=FACE_OUTER_BOUND('',#834,.T.);
#572=FACE_OUTER_BOUND('',#835,.T.);
#573=FACE_OUTER_BOUND('',#836,.T.);
#574=FACE_OUTER_BOUND('',#837,.T.);
#575=FACE_OUTER_BOUND('',#838,.T.);
#576=FACE_OUTER_BOUND('',#839,.T.);
#577=FACE_OUTER_BOUND('',#840,.T.);
#578=FACE_OUTER_BOUND('',#841,.T.);
#579=FACE_OUTER_BOUND('',#842,.T.);
#580=FACE_OUTER_BOUND('',#843,.T.);
#581=FACE_OUTER_BOUND('',#844,.T.);
#582=FACE_OUTER_BOUND('',#845,.T.);
#583=FACE_OUTER_BOUND('',#846,.T.);
#584=FACE_OUTER_BOUND('',#847,.T.);
#585=FACE_OUTER_BOUND('',#848,.T.);
#586=FACE_OUTER_BOUND('',#849,.T.);
#587=FACE_OUTER_BOUND('',#851,.T.);
#588=FACE_OUTER_BOUND('',#852,.T.);
#589=FACE_OUTER_BOUND('',#853,.T.);
#590=FACE_OUTER_BOUND('',#854,.T.);
#591=FACE_OUTER_BOUND('',#855,.T.);
#592=FACE_OUTER_BOUND('',#856,.T.);
#593=FACE_OUTER_BOUND('',#857,.T.);
#594=FACE_OUTER_BOUND('',#858,.T.);
#595=FACE_OUTER_BOUND('',#859,.T.);
#596=FACE_OUTER_BOUND('',#860,.T.);
#597=FACE_OUTER_BOUND('',#861,.T.);
#598=FACE_OUTER_BOUND('',#862,.T.);
#599=FACE_OUTER_BOUND('',#863,.T.);
#600=FACE_OUTER_BOUND('',#864,.T.);
#601=FACE_OUTER_BOUND('',#865,.T.);
#602=FACE_OUTER_BOUND('',#866,.T.);
#603=FACE_OUTER_BOUND('',#867,.T.);
#604=FACE_OUTER_BOUND('',#868,.T.);
#605=FACE_OUTER_BOUND('',#869,.T.);
#606=FACE_OUTER_BOUND('',#870,.T.);
#607=FACE_OUTER_BOUND('',#878,.T.);
#608=FACE_OUTER_BOUND('',#881,.T.);
#609=FACE_OUTER_BOUND('',#883,.T.);
#610=FACE_OUTER_BOUND('',#884,.T.);
#611=FACE_OUTER_BOUND('',#885,.T.);
#612=FACE_OUTER_BOUND('',#886,.T.);
#613=FACE_OUTER_BOUND('',#887,.T.);
#614=FACE_OUTER_BOUND('',#888,.T.);
#615=FACE_OUTER_BOUND('',#889,.T.);
#616=FACE_OUTER_BOUND('',#890,.T.);
#617=FACE_OUTER_BOUND('',#891,.T.);
#618=FACE_OUTER_BOUND('',#893,.T.);
#619=FACE_OUTER_BOUND('',#894,.T.);
#620=FACE_OUTER_BOUND('',#895,.T.);
#621=FACE_OUTER_BOUND('',#896,.T.);
#622=FACE_OUTER_BOUND('',#897,.T.);
#623=FACE_OUTER_BOUND('',#898,.T.);
#624=FACE_OUTER_BOUND('',#899,.T.);
#625=FACE_OUTER_BOUND('',#900,.T.);
#626=FACE_OUTER_BOUND('',#901,.T.);
#627=FACE_OUTER_BOUND('',#902,.T.);
#628=FACE_OUTER_BOUND('',#903,.T.);
#629=FACE_OUTER_BOUND('',#904,.T.);
#630=FACE_OUTER_BOUND('',#905,.T.);
#631=FACE_OUTER_BOUND('',#906,.T.);
#632=FACE_OUTER_BOUND('',#907,.T.);
#633=FACE_OUTER_BOUND('',#908,.T.);
#634=FACE_OUTER_BOUND('',#909,.T.);
#635=FACE_OUTER_BOUND('',#910,.T.);
#636=FACE_OUTER_BOUND('',#911,.T.);
#637=FACE_OUTER_BOUND('',#912,.T.);
#638=FACE_OUTER_BOUND('',#913,.T.);
#639=FACE_OUTER_BOUND('',#914,.T.);
#640=FACE_OUTER_BOUND('',#915,.T.);
#641=FACE_OUTER_BOUND('',#916,.T.);
#642=FACE_OUTER_BOUND('',#917,.T.);
#643=FACE_OUTER_BOUND('',#918,.T.);
#644=FACE_OUTER_BOUND('',#919,.T.);
#645=FACE_OUTER_BOUND('',#920,.T.);
#646=FACE_OUTER_BOUND('',#921,.T.);
#647=FACE_OUTER_BOUND('',#922,.T.);
#648=FACE_OUTER_BOUND('',#923,.T.);
#649=FACE_OUTER_BOUND('',#924,.T.);
#650=FACE_OUTER_BOUND('',#925,.T.);
#651=FACE_OUTER_BOUND('',#926,.T.);
#652=FACE_OUTER_BOUND('',#927,.T.);
#653=FACE_OUTER_BOUND('',#928,.T.);
#654=FACE_OUTER_BOUND('',#929,.T.);
#655=FACE_OUTER_BOUND('',#930,.T.);
#656=FACE_OUTER_BOUND('',#931,.T.);
#657=FACE_OUTER_BOUND('',#932,.T.);
#658=FACE_OUTER_BOUND('',#933,.T.);
#659=FACE_OUTER_BOUND('',#934,.T.);
#660=FACE_OUTER_BOUND('',#935,.T.);
#661=FACE_OUTER_BOUND('',#936,.T.);
#662=FACE_OUTER_BOUND('',#937,.T.);
#663=FACE_OUTER_BOUND('',#938,.T.);
#664=FACE_OUTER_BOUND('',#939,.T.);
#665=FACE_OUTER_BOUND('',#940,.T.);
#666=FACE_OUTER_BOUND('',#941,.T.);
#667=FACE_OUTER_BOUND('',#942,.T.);
#668=FACE_OUTER_BOUND('',#943,.T.);
#669=FACE_OUTER_BOUND('',#944,.T.);
#670=FACE_OUTER_BOUND('',#945,.T.);
#671=FACE_OUTER_BOUND('',#946,.T.);
#672=FACE_OUTER_BOUND('',#947,.T.);
#673=FACE_OUTER_BOUND('',#948,.T.);
#674=FACE_OUTER_BOUND('',#949,.T.);
#675=FACE_OUTER_BOUND('',#950,.T.);
#676=FACE_OUTER_BOUND('',#951,.T.);
#677=FACE_OUTER_BOUND('',#952,.T.);
#678=FACE_OUTER_BOUND('',#953,.T.);
#679=FACE_OUTER_BOUND('',#954,.T.);
#680=FACE_OUTER_BOUND('',#955,.T.);
#681=FACE_OUTER_BOUND('',#956,.T.);
#682=FACE_OUTER_BOUND('',#957,.T.);
#683=FACE_OUTER_BOUND('',#958,.T.);
#684=FACE_OUTER_BOUND('',#959,.T.);
#685=FACE_OUTER_BOUND('',#960,.T.);
#686=FACE_OUTER_BOUND('',#961,.T.);
#687=FACE_OUTER_BOUND('',#962,.T.);
#688=FACE_OUTER_BOUND('',#963,.T.);
#689=FACE_OUTER_BOUND('',#964,.T.);
#690=FACE_OUTER_BOUND('',#965,.T.);
#691=FACE_OUTER_BOUND('',#966,.T.);
#692=FACE_OUTER_BOUND('',#967,.T.);
#693=FACE_OUTER_BOUND('',#968,.T.);
#694=FACE_OUTER_BOUND('',#969,.T.);
#695=FACE_OUTER_BOUND('',#970,.T.);
#696=FACE_OUTER_BOUND('',#971,.T.);
#697=FACE_OUTER_BOUND('',#972,.T.);
#698=FACE_OUTER_BOUND('',#973,.T.);
#699=FACE_OUTER_BOUND('',#974,.T.);
#700=FACE_OUTER_BOUND('',#975,.T.);
#701=FACE_OUTER_BOUND('',#976,.T.);
#702=FACE_OUTER_BOUND('',#977,.T.);
#703=FACE_OUTER_BOUND('',#978,.T.);
#704=FACE_OUTER_BOUND('',#979,.T.);
#705=FACE_OUTER_BOUND('',#980,.T.);
#706=FACE_OUTER_BOUND('',#981,.T.);
#707=FACE_OUTER_BOUND('',#982,.T.);
#708=FACE_OUTER_BOUND('',#983,.T.);
#709=FACE_OUTER_BOUND('',#984,.T.);
#710=FACE_OUTER_BOUND('',#985,.T.);
#711=FACE_OUTER_BOUND('',#986,.T.);
#712=FACE_OUTER_BOUND('',#987,.T.);
#713=FACE_OUTER_BOUND('',#988,.T.);
#714=FACE_OUTER_BOUND('',#989,.T.);
#715=FACE_OUTER_BOUND('',#990,.T.);
#716=FACE_OUTER_BOUND('',#991,.T.);
#717=FACE_OUTER_BOUND('',#992,.T.);
#718=FACE_OUTER_BOUND('',#993,.T.);
#719=FACE_OUTER_BOUND('',#994,.T.);
#720=FACE_OUTER_BOUND('',#995,.T.);
#721=FACE_OUTER_BOUND('',#996,.T.);
#722=FACE_OUTER_BOUND('',#997,.T.);
#723=FACE_OUTER_BOUND('',#998,.T.);
#724=FACE_OUTER_BOUND('',#999,.T.);
#725=FACE_OUTER_BOUND('',#1000,.T.);
#726=FACE_OUTER_BOUND('',#1001,.T.);
#727=FACE_OUTER_BOUND('',#1003,.T.);
#728=FACE_OUTER_BOUND('',#1004,.T.);
#729=FACE_OUTER_BOUND('',#1005,.T.);
#730=FACE_OUTER_BOUND('',#1006,.T.);
#731=FACE_OUTER_BOUND('',#1007,.T.);
#732=FACE_OUTER_BOUND('',#1008,.T.);
#733=FACE_OUTER_BOUND('',#1009,.T.);
#734=FACE_OUTER_BOUND('',#1010,.T.);
#735=FACE_OUTER_BOUND('',#1012,.T.);
#736=EDGE_LOOP('',(#2912,#2913,#2914,#2915));
#737=EDGE_LOOP('',(#2916));
#738=EDGE_LOOP('',(#2917,#2918,#2919,#2920));
#739=EDGE_LOOP('',(#2921));
#740=EDGE_LOOP('',(#2922,#2923,#2924,#2925,#2926));
#741=EDGE_LOOP('',(#2927,#2928,#2929,#2930,#2931,#2932));
#742=EDGE_LOOP('',(#2933,#2934,#2935,#2936));
#743=EDGE_LOOP('',(#2937));
#744=EDGE_LOOP('',(#2938,#2939,#2940,#2941,#2942));
#745=EDGE_LOOP('',(#2943,#2944,#2945,#2946));
#746=EDGE_LOOP('',(#2947));
#747=EDGE_LOOP('',(#2948));
#748=EDGE_LOOP('',(#2949));
#749=EDGE_LOOP('',(#2950,#2951,#2952,#2953));
#750=EDGE_LOOP('',(#2954,#2955,#2956,#2957));
#751=EDGE_LOOP('',(#2958,#2959,#2960,#2961));
#752=EDGE_LOOP('',(#2962,#2963,#2964,#2965));
#753=EDGE_LOOP('',(#2966,#2967,#2968,#2969));
#754=EDGE_LOOP('',(#2970,#2971,#2972,#2973));
#755=EDGE_LOOP('',(#2974,#2975,#2976,#2977));
#756=EDGE_LOOP('',(#2978,#2979,#2980,#2981));
#757=EDGE_LOOP('',(#2982,#2983,#2984,#2985));
#758=EDGE_LOOP('',(#2986,#2987,#2988,#2989));
#759=EDGE_LOOP('',(#2990,#2991,#2992,#2993,#2994,#2995,#2996,#2997));
#760=EDGE_LOOP('',(#2998,#2999,#3000,#3001));
#761=EDGE_LOOP('',(#3002,#3003,#3004,#3005));
#762=EDGE_LOOP('',(#3006,#3007,#3008,#3009));
#763=EDGE_LOOP('',(#3010,#3011,#3012,#3013));
#764=EDGE_LOOP('',(#3014,#3015,#3016,#3017));
#765=EDGE_LOOP('',(#3018,#3019,#3020,#3021));
#766=EDGE_LOOP('',(#3022,#3023,#3024,#3025));
#767=EDGE_LOOP('',(#3026,#3027,#3028,#3029));
#768=EDGE_LOOP('',(#3030,#3031,#3032,#3033));
#769=EDGE_LOOP('',(#3034,#3035,#3036,#3037,#3038,#3039,#3040,#3041,#3042));
#770=EDGE_LOOP('',(#3043,#3044,#3045,#3046,#3047,#3048,#3049,#3050,#3051,
#3052));
#771=EDGE_LOOP('',(#3053,#3054,#3055,#3056));
#772=EDGE_LOOP('',(#3057,#3058,#3059,#3060));
#773=EDGE_LOOP('',(#3061,#3062,#3063,#3064));
#774=EDGE_LOOP('',(#3065,#3066,#3067,#3068));
#775=EDGE_LOOP('',(#3069,#3070,#3071,#3072));
#776=EDGE_LOOP('',(#3073,#3074,#3075,#3076,#3077,#3078,#3079,#3080,#3081,
#3082,#3083,#3084,#3085,#3086));
#777=EDGE_LOOP('',(#3087,#3088,#3089,#3090,#3091,#3092,#3093,#3094,#3095,
#3096,#3097,#3098,#3099,#3100,#3101,#3102,#3103,#3104,#3105,#3106,#3107,
#3108));
#778=EDGE_LOOP('',(#3109,#3110,#3111,#3112,#3113,#3114,#3115,#3116,#3117,
#3118,#3119));
#779=EDGE_LOOP('',(#3120,#3121,#3122,#3123,#3124,#3125,#3126,#3127));
#780=EDGE_LOOP('',(#3128,#3129,#3130,#3131));
#781=EDGE_LOOP('',(#3132,#3133,#3134,#3135));
#782=EDGE_LOOP('',(#3136,#3137,#3138,#3139));
#783=EDGE_LOOP('',(#3140,#3141,#3142,#3143));
#784=EDGE_LOOP('',(#3144,#3145,#3146,#3147));
#785=EDGE_LOOP('',(#3148,#3149,#3150,#3151));
#786=EDGE_LOOP('',(#3152,#3153,#3154,#3155));
#787=EDGE_LOOP('',(#3156,#3157,#3158,#3159));
#788=EDGE_LOOP('',(#3160,#3161,#3162,#3163));
#789=EDGE_LOOP('',(#3164,#3165,#3166,#3167));
#790=EDGE_LOOP('',(#3168,#3169,#3170,#3171,#3172,#3173,#3174,#3175,#3176,
#3177,#3178,#3179,#3180,#3181));
#791=EDGE_LOOP('',(#3182,#3183,#3184,#3185,#3186,#3187,#3188,#3189,#3190,
#3191));
#792=EDGE_LOOP('',(#3192,#3193,#3194,#3195,#3196,#3197,#3198,#3199,#3200));
#793=EDGE_LOOP('',(#3201,#3202,#3203,#3204));
#794=EDGE_LOOP('',(#3205,#3206,#3207,#3208));
#795=EDGE_LOOP('',(#3209,#3210,#3211,#3212));
#796=EDGE_LOOP('',(#3213,#3214,#3215,#3216));
#797=EDGE_LOOP('',(#3217,#3218,#3219,#3220));
#798=EDGE_LOOP('',(#3221,#3222,#3223,#3224));
#799=EDGE_LOOP('',(#3225,#3226,#3227,#3228));
#800=EDGE_LOOP('',(#3229,#3230,#3231,#3232));
#801=EDGE_LOOP('',(#3233,#3234,#3235,#3236));
#802=EDGE_LOOP('',(#3237,#3238,#3239,#3240));
#803=EDGE_LOOP('',(#3241,#3242,#3243,#3244));
#804=EDGE_LOOP('',(#3245,#3246,#3247,#3248));
#805=EDGE_LOOP('',(#3249,#3250,#3251,#3252));
#806=EDGE_LOOP('',(#3253,#3254,#3255,#3256));
#807=EDGE_LOOP('',(#3257,#3258,#3259,#3260));
#808=EDGE_LOOP('',(#3261,#3262,#3263,#3264));
#809=EDGE_LOOP('',(#3265,#3266,#3267,#3268));
#810=EDGE_LOOP('',(#3269,#3270,#3271,#3272));
#811=EDGE_LOOP('',(#3273,#3274,#3275,#3276));
#812=EDGE_LOOP('',(#3277,#3278,#3279,#3280));
#813=EDGE_LOOP('',(#3281,#3282,#3283,#3284));
#814=EDGE_LOOP('',(#3285,#3286,#3287,#3288));
#815=EDGE_LOOP('',(#3289,#3290,#3291,#3292));
#816=EDGE_LOOP('',(#3293,#3294,#3295,#3296));
#817=EDGE_LOOP('',(#3297,#3298,#3299,#3300));
#818=EDGE_LOOP('',(#3301,#3302,#3303,#3304));
#819=EDGE_LOOP('',(#3305,#3306,#3307,#3308));
#820=EDGE_LOOP('',(#3309,#3310,#3311,#3312));
#821=EDGE_LOOP('',(#3313,#3314,#3315,#3316));
#822=EDGE_LOOP('',(#3317,#3318,#3319,#3320));
#823=EDGE_LOOP('',(#3321,#3322,#3323,#3324));
#824=EDGE_LOOP('',(#3325,#3326,#3327,#3328));
#825=EDGE_LOOP('',(#3329,#3330,#3331,#3332));
#826=EDGE_LOOP('',(#3333,#3334,#3335,#3336,#3337,#3338,#3339,#3340,#3341,
#3342,#3343,#3344,#3345,#3346,#3347,#3348,#3349,#3350,#3351,#3352,#3353,
#3354));
#827=EDGE_LOOP('',(#3355,#3356,#3357,#3358));
#828=EDGE_LOOP('',(#3359,#3360,#3361,#3362));
#829=EDGE_LOOP('',(#3363,#3364,#3365,#3366));
#830=EDGE_LOOP('',(#3367,#3368,#3369,#3370));
#831=EDGE_LOOP('',(#3371,#3372,#3373,#3374));
#832=EDGE_LOOP('',(#3375,#3376,#3377,#3378));
#833=EDGE_LOOP('',(#3379,#3380,#3381,#3382));
#834=EDGE_LOOP('',(#3383,#3384,#3385,#3386));
#835=EDGE_LOOP('',(#3387,#3388,#3389,#3390));
#836=EDGE_LOOP('',(#3391,#3392,#3393,#3394));
#837=EDGE_LOOP('',(#3395,#3396,#3397,#3398));
#838=EDGE_LOOP('',(#3399,#3400,#3401,#3402));
#839=EDGE_LOOP('',(#3403,#3404,#3405,#3406));
#840=EDGE_LOOP('',(#3407,#3408,#3409,#3410));
#841=EDGE_LOOP('',(#3411,#3412,#3413,#3414));
#842=EDGE_LOOP('',(#3415,#3416,#3417,#3418));
#843=EDGE_LOOP('',(#3419,#3420,#3421,#3422));
#844=EDGE_LOOP('',(#3423,#3424,#3425,#3426));
#845=EDGE_LOOP('',(#3427,#3428,#3429,#3430));
#846=EDGE_LOOP('',(#3431,#3432,#3433,#3434));
#847=EDGE_LOOP('',(#3435,#3436,#3437,#3438));
#848=EDGE_LOOP('',(#3439,#3440,#3441,#3442));
#849=EDGE_LOOP('',(#3443,#3444,#3445,#3446,#3447,#3448,#3449,#3450,#3451,
#3452,#3453));
#850=EDGE_LOOP('',(#3454,#3455,#3456,#3457,#3458,#3459,#3460,#3461));
#851=EDGE_LOOP('',(#3462,#3463,#3464,#3465));
#852=EDGE_LOOP('',(#3466,#3467,#3468,#3469));
#853=EDGE_LOOP('',(#3470,#3471,#3472,#3473));
#854=EDGE_LOOP('',(#3474,#3475,#3476,#3477));
#855=EDGE_LOOP('',(#3478,#3479,#3480,#3481));
#856=EDGE_LOOP('',(#3482,#3483,#3484,#3485));
#857=EDGE_LOOP('',(#3486,#3487,#3488,#3489));
#858=EDGE_LOOP('',(#3490,#3491,#3492,#3493));
#859=EDGE_LOOP('',(#3494,#3495,#3496,#3497));
#860=EDGE_LOOP('',(#3498,#3499,#3500,#3501));
#861=EDGE_LOOP('',(#3502,#3503,#3504,#3505));
#862=EDGE_LOOP('',(#3506,#3507,#3508,#3509));
#863=EDGE_LOOP('',(#3510,#3511,#3512,#3513));
#864=EDGE_LOOP('',(#3514,#3515,#3516,#3517));
#865=EDGE_LOOP('',(#3518,#3519,#3520,#3521));
#866=EDGE_LOOP('',(#3522,#3523,#3524,#3525));
#867=EDGE_LOOP('',(#3526,#3527,#3528,#3529));
#868=EDGE_LOOP('',(#3530,#3531,#3532,#3533));
#869=EDGE_LOOP('',(#3534,#3535,#3536,#3537));
#870=EDGE_LOOP('',(#3538,#3539,#3540,#3541));
#871=EDGE_LOOP('',(#3542));
#872=EDGE_LOOP('',(#3543));
#873=EDGE_LOOP('',(#3544));
#874=EDGE_LOOP('',(#3545));
#875=EDGE_LOOP('',(#3546,#3547,#3548,#3549,#3550,#3551,#3552,#3553,#3554,
#3555,#3556));
#876=EDGE_LOOP('',(#3557,#3558,#3559,#3560,#3561,#3562,#3563,#3564,#3565,
#3566,#3567,#3568,#3569,#3570,#3571,#3572,#3573,#3574,#3575,#3576,#3577,
#3578,#3579,#3580,#3581,#3582,#3583,#3584,#3585,#3586,#3587,#3588,#3589,
#3590,#3591));
#877=EDGE_LOOP('',(#3592,#3593,#3594,#3595,#3596,#3597,#3598,#3599,#3600,
#3601,#3602,#3603));
#878=EDGE_LOOP('',(#3604,#3605,#3606,#3607));
#879=EDGE_LOOP('',(#3608,#3609,#3610,#3611));
#880=EDGE_LOOP('',(#3612,#3613,#3614,#3615));
#881=EDGE_LOOP('',(#3616,#3617,#3618,#3619));
#882=EDGE_LOOP('',(#3620,#3621,#3622,#3623));
#883=EDGE_LOOP('',(#3624,#3625,#3626,#3627));
#884=EDGE_LOOP('',(#3628,#3629,#3630,#3631));
#885=EDGE_LOOP('',(#3632,#3633,#3634,#3635));
#886=EDGE_LOOP('',(#3636,#3637,#3638,#3639));
#887=EDGE_LOOP('',(#3640,#3641,#3642,#3643));
#888=EDGE_LOOP('',(#3644,#3645,#3646,#3647));
#889=EDGE_LOOP('',(#3648,#3649,#3650,#3651));
#890=EDGE_LOOP('',(#3652,#3653,#3654,#3655));
#891=EDGE_LOOP('',(#3656,#3657,#3658,#3659,#3660,#3661,#3662,#3663,#3664,
#3665,#3666));
#892=EDGE_LOOP('',(#3667,#3668,#3669,#3670,#3671,#3672,#3673,#3674));
#893=EDGE_LOOP('',(#3675,#3676,#3677,#3678));
#894=EDGE_LOOP('',(#3679,#3680,#3681,#3682));
#895=EDGE_LOOP('',(#3683,#3684,#3685,#3686));
#896=EDGE_LOOP('',(#3687,#3688,#3689,#3690));
#897=EDGE_LOOP('',(#3691,#3692,#3693,#3694));
#898=EDGE_LOOP('',(#3695,#3696,#3697,#3698));
#899=EDGE_LOOP('',(#3699,#3700,#3701,#3702));
#900=EDGE_LOOP('',(#3703,#3704,#3705,#3706));
#901=EDGE_LOOP('',(#3707,#3708,#3709,#3710));
#902=EDGE_LOOP('',(#3711,#3712,#3713,#3714));
#903=EDGE_LOOP('',(#3715,#3716,#3717,#3718));
#904=EDGE_LOOP('',(#3719,#3720,#3721,#3722));
#905=EDGE_LOOP('',(#3723,#3724,#3725,#3726));
#906=EDGE_LOOP('',(#3727,#3728,#3729,#3730));
#907=EDGE_LOOP('',(#3731,#3732,#3733,#3734));
#908=EDGE_LOOP('',(#3735,#3736,#3737,#3738));
#909=EDGE_LOOP('',(#3739,#3740,#3741,#3742));
#910=EDGE_LOOP('',(#3743,#3744,#3745,#3746));
#911=EDGE_LOOP('',(#3747,#3748,#3749,#3750));
#912=EDGE_LOOP('',(#3751,#3752,#3753,#3754,#3755,#3756,#3757,#3758,#3759,
#3760,#3761,#3762,#3763,#3764,#3765,#3766,#3767,#3768,#3769,#3770,#3771,
#3772,#3773,#3774,#3775,#3776,#3777,#3778,#3779,#3780,#3781,#3782,#3783,
#3784,#3785));
#913=EDGE_LOOP('',(#3786,#3787,#3788,#3789));
#914=EDGE_LOOP('',(#3790,#3791,#3792,#3793));
#915=EDGE_LOOP('',(#3794,#3795,#3796,#3797));
#916=EDGE_LOOP('',(#3798,#3799,#3800,#3801));
#917=EDGE_LOOP('',(#3802,#3803,#3804,#3805));
#918=EDGE_LOOP('',(#3806,#3807,#3808,#3809));
#919=EDGE_LOOP('',(#3810,#3811,#3812,#3813));
#920=EDGE_LOOP('',(#3814,#3815,#3816,#3817));
#921=EDGE_LOOP('',(#3818,#3819,#3820,#3821));
#922=EDGE_LOOP('',(#3822,#3823,#3824,#3825));
#923=EDGE_LOOP('',(#3826,#3827,#3828,#3829));
#924=EDGE_LOOP('',(#3830,#3831,#3832,#3833));
#925=EDGE_LOOP('',(#3834,#3835,#3836,#3837));
#926=EDGE_LOOP('',(#3838,#3839,#3840,#3841));
#927=EDGE_LOOP('',(#3842,#3843,#3844,#3845));
#928=EDGE_LOOP('',(#3846,#3847,#3848,#3849));
#929=EDGE_LOOP('',(#3850,#3851,#3852,#3853));
#930=EDGE_LOOP('',(#3854,#3855,#3856,#3857));
#931=EDGE_LOOP('',(#3858,#3859,#3860,#3861));
#932=EDGE_LOOP('',(#3862,#3863,#3864,#3865));
#933=EDGE_LOOP('',(#3866,#3867,#3868,#3869));
#934=EDGE_LOOP('',(#3870,#3871,#3872,#3873));
#935=EDGE_LOOP('',(#3874,#3875,#3876,#3877));
#936=EDGE_LOOP('',(#3878,#3879,#3880,#3881));
#937=EDGE_LOOP('',(#3882,#3883,#3884,#3885));
#938=EDGE_LOOP('',(#3886,#3887,#3888,#3889));
#939=EDGE_LOOP('',(#3890,#3891,#3892,#3893));
#940=EDGE_LOOP('',(#3894,#3895,#3896,#3897));
#941=EDGE_LOOP('',(#3898,#3899,#3900,#3901));
#942=EDGE_LOOP('',(#3902,#3903,#3904,#3905));
#943=EDGE_LOOP('',(#3906,#3907,#3908,#3909));
#944=EDGE_LOOP('',(#3910,#3911,#3912,#3913));
#945=EDGE_LOOP('',(#3914,#3915,#3916,#3917));
#946=EDGE_LOOP('',(#3918,#3919,#3920,#3921));
#947=EDGE_LOOP('',(#3922,#3923,#3924,#3925));
#948=EDGE_LOOP('',(#3926,#3927,#3928,#3929,#3930,#3931,#3932,#3933,#3934,
#3935,#3936,#3937));
#949=EDGE_LOOP('',(#3938,#3939,#3940,#3941));
#950=EDGE_LOOP('',(#3942,#3943,#3944,#3945));
#951=EDGE_LOOP('',(#3946,#3947,#3948,#3949));
#952=EDGE_LOOP('',(#3950,#3951,#3952,#3953));
#953=EDGE_LOOP('',(#3954,#3955,#3956,#3957));
#954=EDGE_LOOP('',(#3958,#3959,#3960,#3961));
#955=EDGE_LOOP('',(#3962,#3963,#3964,#3965));
#956=EDGE_LOOP('',(#3966,#3967,#3968,#3969));
#957=EDGE_LOOP('',(#3970,#3971,#3972,#3973));
#958=EDGE_LOOP('',(#3974,#3975,#3976,#3977));
#959=EDGE_LOOP('',(#3978,#3979,#3980,#3981));
#960=EDGE_LOOP('',(#3982,#3983,#3984,#3985));
#961=EDGE_LOOP('',(#3986));
#962=EDGE_LOOP('',(#3987,#3988,#3989,#3990));
#963=EDGE_LOOP('',(#3991,#3992,#3993,#3994));
#964=EDGE_LOOP('',(#3995));
#965=EDGE_LOOP('',(#3996,#3997,#3998,#3999));
#966=EDGE_LOOP('',(#4000,#4001,#4002,#4003));
#967=EDGE_LOOP('',(#4004));
#968=EDGE_LOOP('',(#4005,#4006,#4007,#4008));
#969=EDGE_LOOP('',(#4009,#4010,#4011,#4012));
#970=EDGE_LOOP('',(#4013));
#971=EDGE_LOOP('',(#4014,#4015,#4016,#4017));
#972=EDGE_LOOP('',(#4018,#4019,#4020,#4021));
#973=EDGE_LOOP('',(#4022,#4023,#4024,#4025));
#974=EDGE_LOOP('',(#4026,#4027,#4028,#4029));
#975=EDGE_LOOP('',(#4030,#4031,#4032,#4033));
#976=EDGE_LOOP('',(#4034,#4035,#4036,#4037));
#977=EDGE_LOOP('',(#4038,#4039,#4040,#4041));
#978=EDGE_LOOP('',(#4042,#4043,#4044,#4045));
#979=EDGE_LOOP('',(#4046,#4047,#4048,#4049));
#980=EDGE_LOOP('',(#4050,#4051,#4052,#4053));
#981=EDGE_LOOP('',(#4054,#4055,#4056,#4057));
#982=EDGE_LOOP('',(#4058,#4059,#4060,#4061));
#983=EDGE_LOOP('',(#4062,#4063,#4064,#4065));
#984=EDGE_LOOP('',(#4066,#4067,#4068,#4069));
#985=EDGE_LOOP('',(#4070,#4071,#4072,#4073));
#986=EDGE_LOOP('',(#4074,#4075,#4076,#4077));
#987=EDGE_LOOP('',(#4078,#4079,#4080,#4081));
#988=EDGE_LOOP('',(#4082,#4083,#4084,#4085));
#989=EDGE_LOOP('',(#4086,#4087,#4088,#4089));
#990=EDGE_LOOP('',(#4090,#4091,#4092,#4093));
#991=EDGE_LOOP('',(#4094,#4095,#4096,#4097));
#992=EDGE_LOOP('',(#4098,#4099,#4100,#4101));
#993=EDGE_LOOP('',(#4102,#4103,#4104,#4105));
#994=EDGE_LOOP('',(#4106,#4107,#4108,#4109));
#995=EDGE_LOOP('',(#4110,#4111,#4112,#4113));
#996=EDGE_LOOP('',(#4114,#4115,#4116,#4117));
#997=EDGE_LOOP('',(#4118,#4119,#4120,#4121));
#998=EDGE_LOOP('',(#4122,#4123,#4124,#4125));
#999=EDGE_LOOP('',(#4126,#4127,#4128,#4129));
#1000=EDGE_LOOP('',(#4130,#4131,#4132,#4133));
#1001=EDGE_LOOP('',(#4134,#4135,#4136,#4137));
#1002=EDGE_LOOP('',(#4138,#4139,#4140,#4141));
#1003=EDGE_LOOP('',(#4142,#4143,#4144,#4145));
#1004=EDGE_LOOP('',(#4146,#4147,#4148,#4149));
#1005=EDGE_LOOP('',(#4150,#4151,#4152,#4153));
#1006=EDGE_LOOP('',(#4154,#4155,#4156,#4157));
#1007=EDGE_LOOP('',(#4158,#4159,#4160,#4161));
#1008=EDGE_LOOP('',(#4162,#4163,#4164,#4165));
#1009=EDGE_LOOP('',(#4166,#4167,#4168,#4169));
#1010=EDGE_LOOP('',(#4170,#4171,#4172,#4173));
#1011=EDGE_LOOP('',(#4174,#4175,#4176,#4177));
#1012=EDGE_LOOP('',(#4178,#4179,#4180,#4181));
#1013=LINE('',#5390,#1426);
#1014=LINE('',#5397,#1427);
#1015=LINE('',#5412,#1428);
#1016=LINE('',#5417,#1429);
#1017=LINE('',#5419,#1430);
#1018=LINE('',#5421,#1431);
#1019=LINE('',#5422,#1432);
#1020=LINE('',#5430,#1433);
#1021=LINE('',#5432,#1434);
#1022=LINE('',#5434,#1435);
#1023=LINE('',#5435,#1436);
#1024=LINE('',#5439,#1437);
#1025=LINE('',#5441,#1438);
#1026=LINE('',#5443,#1439);
#1027=LINE('',#5444,#1440);
#1028=LINE('',#5446,#1441);
#1029=LINE('',#5448,#1442);
#1030=LINE('',#5449,#1443);
#1031=LINE('',#5452,#1444);
#1032=LINE('',#5454,#1445);
#1033=LINE('',#5455,#1446);
#1034=LINE('',#5458,#1447);
#1035=LINE('',#5459,#1448);
#1036=LINE('',#5460,#1449);
#1037=LINE('',#5462,#1450);
#1038=LINE('',#5464,#1451);
#1039=LINE('',#5468,#1452);
#1040=LINE('',#5469,#1453);
#1041=LINE('',#5470,#1454);
#1042=LINE('',#5473,#1455);
#1043=LINE('',#5474,#1456);
#1044=LINE('',#5477,#1457);
#1045=LINE('',#5478,#1458);
#1046=LINE('',#5480,#1459);
#1047=LINE('',#5484,#1460);
#1048=LINE('',#5486,#1461);
#1049=LINE('',#5488,#1462);
#1050=LINE('',#5519,#1463);
#1051=LINE('',#5523,#1464);
#1052=LINE('',#5525,#1465);
#1053=LINE('',#5527,#1466);
#1054=LINE('',#5528,#1467);
#1055=LINE('',#5531,#1468);
#1056=LINE('',#5533,#1469);
#1057=LINE('',#5534,#1470);
#1058=LINE('',#5538,#1471);
#1059=LINE('',#5540,#1472);
#1060=LINE('',#5542,#1473);
#1061=LINE('',#5543,#1474);
#1062=LINE('',#5546,#1475);
#1063=LINE('',#5548,#1476);
#1064=LINE('',#5549,#1477);
#1065=LINE('',#5553,#1478);
#1066=LINE('',#5555,#1479);
#1067=LINE('',#5557,#1480);
#1068=LINE('',#5558,#1481);
#1069=LINE('',#5561,#1482);
#1070=LINE('',#5563,#1483);
#1071=LINE('',#5564,#1484);
#1072=LINE('',#5568,#1485);
#1073=LINE('',#5570,#1486);
#1074=LINE('',#5572,#1487);
#1075=LINE('',#5573,#1488);
#1076=LINE('',#5576,#1489);
#1077=LINE('',#5578,#1490);
#1078=LINE('',#5579,#1491);
#1079=LINE('',#5583,#1492);
#1080=LINE('',#5585,#1493);
#1081=LINE('',#5587,#1494);
#1082=LINE('',#5626,#1495);
#1083=LINE('',#5628,#1496);
#1084=LINE('',#5630,#1497);
#1085=LINE('',#5675,#1498);
#1086=LINE('',#5677,#1499);
#1087=LINE('',#5679,#1500);
#1088=LINE('',#5680,#1501);
#1089=LINE('',#5682,#1502);
#1090=LINE('',#5683,#1503);
#1091=LINE('',#5685,#1504);
#1092=LINE('',#5686,#1505);
#1093=LINE('',#5688,#1506);
#1094=LINE('',#5689,#1507);
#1095=LINE('',#5691,#1508);
#1096=LINE('',#5692,#1509);
#1097=LINE('',#5701,#1510);
#1098=LINE('',#5703,#1511);
#1099=LINE('',#5705,#1512);
#1100=LINE('',#5779,#1513);
#1101=LINE('',#5841,#1514);
#1102=LINE('',#5891,#1515);
#1103=LINE('',#5893,#1516);
#1104=LINE('',#5895,#1517);
#1105=LINE('',#5897,#1518);
#1106=LINE('',#5934,#1519);
#1107=LINE('',#5938,#1520);
#1108=LINE('',#5940,#1521);
#1109=LINE('',#5942,#1522);
#1110=LINE('',#5975,#1523);
#1111=LINE('',#5977,#1524);
#1112=LINE('',#5979,#1525);
#1113=LINE('',#5980,#1526);
#1114=LINE('',#5983,#1527);
#1115=LINE('',#5985,#1528);
#1116=LINE('',#5987,#1529);
#1117=LINE('',#5988,#1530);
#1118=LINE('',#5992,#1531);
#1119=LINE('',#5993,#1532);
#1120=LINE('',#5994,#1533);
#1121=LINE('',#5997,#1534);
#1122=LINE('',#5998,#1535);
#1123=LINE('',#6001,#1536);
#1124=LINE('',#6002,#1537);
#1125=LINE('',#6004,#1538);
#1126=LINE('',#6006,#1539);
#1127=LINE('',#6007,#1540);
#1128=LINE('',#6009,#1541);
#1129=LINE('',#6011,#1542);
#1130=LINE('',#6016,#1543);
#1131=LINE('',#6084,#1544);
#1132=LINE('',#6085,#1545);
#1133=LINE('',#6088,#1546);
#1134=LINE('',#6090,#1547);
#1135=LINE('',#6133,#1548);
#1136=LINE('',#6136,#1549);
#1137=LINE('',#6138,#1550);
#1138=LINE('',#6175,#1551);
#1139=LINE('',#6177,#1552);
#1140=LINE('',#6178,#1553);
#1141=LINE('',#6180,#1554);
#1142=LINE('',#6182,#1555);
#1143=LINE('',#6193,#1556);
#1144=LINE('',#6204,#1557);
#1145=LINE('',#6215,#1558);
#1146=LINE('',#6226,#1559);
#1147=LINE('',#6237,#1560);
#1148=LINE('',#6248,#1561);
#1149=LINE('',#6259,#1562);
#1150=LINE('',#6270,#1563);
#1151=LINE('',#6281,#1564);
#1152=LINE('',#6292,#1565);
#1153=LINE('',#6304,#1566);
#1154=LINE('',#6305,#1567);
#1155=LINE('',#6307,#1568);
#1156=LINE('',#6318,#1569);
#1157=LINE('',#6329,#1570);
#1158=LINE('',#6340,#1571);
#1159=LINE('',#6351,#1572);
#1160=LINE('',#6362,#1573);
#1161=LINE('',#6373,#1574);
#1162=LINE('',#6384,#1575);
#1163=LINE('',#6387,#1576);
#1164=LINE('',#6388,#1577);
#1165=LINE('',#6390,#1578);
#1166=LINE('',#6401,#1579);
#1167=LINE('',#6412,#1580);
#1168=LINE('',#6423,#1581);
#1169=LINE('',#6434,#1582);
#1170=LINE('',#6445,#1583);
#1171=LINE('',#6456,#1584);
#1172=LINE('',#6521,#1585);
#1173=LINE('',#6582,#1586);
#1174=LINE('',#6593,#1587);
#1175=LINE('',#6594,#1588);
#1176=LINE('',#6596,#1589);
#1177=LINE('',#6607,#1590);
#1178=LINE('',#6618,#1591);
#1179=LINE('',#6629,#1592);
#1180=LINE('',#6640,#1593);
#1181=LINE('',#6651,#1594);
#1182=LINE('',#6662,#1595);
#1183=LINE('',#6673,#1596);
#1184=LINE('',#6684,#1597);
#1185=LINE('',#6695,#1598);
#1186=LINE('',#6706,#1599);
#1187=LINE('',#6708,#1600);
#1188=LINE('',#6719,#1601);
#1189=LINE('',#6730,#1602);
#1190=LINE('',#6741,#1603);
#1191=LINE('',#6752,#1604);
#1192=LINE('',#6763,#1605);
#1193=LINE('',#6774,#1606);
#1194=LINE('',#6785,#1607);
#1195=LINE('',#6796,#1608);
#1196=LINE('',#6810,#1609);
#1197=LINE('',#6812,#1610);
#1198=LINE('',#6814,#1611);
#1199=LINE('',#6852,#1612);
#1200=LINE('',#6853,#1613);
#1201=LINE('',#6856,#1614);
#1202=LINE('',#6858,#1615);
#1203=LINE('',#6889,#1616);
#1204=LINE('',#6891,#1617);
#1205=LINE('',#6892,#1618);
#1206=LINE('',#6894,#1619);
#1207=LINE('',#6896,#1620);
#1208=LINE('',#6907,#1621);
#1209=LINE('',#6918,#1622);
#1210=LINE('',#6929,#1623);
#1211=LINE('',#6940,#1624);
#1212=LINE('',#6951,#1625);
#1213=LINE('',#6962,#1626);
#1214=LINE('',#6964,#1627);
#1215=LINE('',#6967,#1628);
#1216=LINE('',#6968,#1629);
#1217=LINE('',#6970,#1630);
#1218=LINE('',#6981,#1631);
#1219=LINE('',#6992,#1632);
#1220=LINE('',#7003,#1633);
#1221=LINE('',#7014,#1634);
#1222=LINE('',#7025,#1635);
#1223=LINE('',#7030,#1636);
#1224=LINE('',#7032,#1637);
#1225=LINE('',#7034,#1638);
#1226=LINE('',#7035,#1639);
#1227=LINE('',#7046,#1640);
#1228=LINE('',#7048,#1641);
#1229=LINE('',#7050,#1642);
#1230=LINE('',#7052,#1643);
#1231=LINE('',#7089,#1644);
#1232=LINE('',#7104,#1645);
#1233=LINE('',#7214,#1646);
#1234=LINE('',#7294,#1647);
#1235=LINE('',#7296,#1648);
#1236=LINE('',#7298,#1649);
#1237=LINE('',#7300,#1650);
#1238=LINE('',#7302,#1651);
#1239=LINE('',#7304,#1652);
#1240=LINE('',#7306,#1653);
#1241=LINE('',#7308,#1654);
#1242=LINE('',#7310,#1655);
#1243=LINE('',#7312,#1656);
#1244=LINE('',#7314,#1657);
#1245=LINE('',#7315,#1658);
#1246=LINE('',#7319,#1659);
#1247=LINE('',#7321,#1660);
#1248=LINE('',#7323,#1661);
#1249=LINE('',#7324,#1662);
#1250=LINE('',#7328,#1663);
#1251=LINE('',#7330,#1664);
#1252=LINE('',#7332,#1665);
#1253=LINE('',#7333,#1666);
#1254=LINE('',#7336,#1667);
#1255=LINE('',#7338,#1668);
#1256=LINE('',#7340,#1669);
#1257=LINE('',#7341,#1670);
#1258=LINE('',#7343,#1671);
#1259=LINE('',#7344,#1672);
#1260=LINE('',#7346,#1673);
#1261=LINE('',#7348,#1674);
#1262=LINE('',#7351,#1675);
#1263=LINE('',#7352,#1676);
#1264=LINE('',#7354,#1677);
#1265=LINE('',#7356,#1678);
#1266=LINE('',#7361,#1679);
#1267=LINE('',#7363,#1680);
#1268=LINE('',#7365,#1681);
#1269=LINE('',#7403,#1682);
#1270=LINE('',#7404,#1683);
#1271=LINE('',#7407,#1684);
#1272=LINE('',#7409,#1685);
#1273=LINE('',#7440,#1686);
#1274=LINE('',#7442,#1687);
#1275=LINE('',#7443,#1688);
#1276=LINE('',#7445,#1689);
#1277=LINE('',#7447,#1690);
#1278=LINE('',#7458,#1691);
#1279=LINE('',#7469,#1692);
#1280=LINE('',#7480,#1693);
#1281=LINE('',#7491,#1694);
#1282=LINE('',#7502,#1695);
#1283=LINE('',#7513,#1696);
#1284=LINE('',#7515,#1697);
#1285=LINE('',#7518,#1698);
#1286=LINE('',#7519,#1699);
#1287=LINE('',#7521,#1700);
#1288=LINE('',#7532,#1701);
#1289=LINE('',#7543,#1702);
#1290=LINE('',#7554,#1703);
#1291=LINE('',#7565,#1704);
#1292=LINE('',#7576,#1705);
#1293=LINE('',#7671,#1706);
#1294=LINE('',#7780,#1707);
#1295=LINE('',#7791,#1708);
#1296=LINE('',#7792,#1709);
#1297=LINE('',#7794,#1710);
#1298=LINE('',#7805,#1711);
#1299=LINE('',#7816,#1712);
#1300=LINE('',#7827,#1713);
#1301=LINE('',#7838,#1714);
#1302=LINE('',#7849,#1715);
#1303=LINE('',#7860,#1716);
#1304=LINE('',#7871,#1717);
#1305=LINE('',#7882,#1718);
#1306=LINE('',#7893,#1719);
#1307=LINE('',#7904,#1720);
#1308=LINE('',#7915,#1721);
#1309=LINE('',#7926,#1722);
#1310=LINE('',#7937,#1723);
#1311=LINE('',#7948,#1724);
#1312=LINE('',#7959,#1725);
#1313=LINE('',#7970,#1726);
#1314=LINE('',#7981,#1727);
#1315=LINE('',#7992,#1728);
#1316=LINE('',#7994,#1729);
#1317=LINE('',#8005,#1730);
#1318=LINE('',#8016,#1731);
#1319=LINE('',#8027,#1732);
#1320=LINE('',#8038,#1733);
#1321=LINE('',#8049,#1734);
#1322=LINE('',#8060,#1735);
#1323=LINE('',#8071,#1736);
#1324=LINE('',#8082,#1737);
#1325=LINE('',#8093,#1738);
#1326=LINE('',#8104,#1739);
#1327=LINE('',#8115,#1740);
#1328=LINE('',#8126,#1741);
#1329=LINE('',#8137,#1742);
#1330=LINE('',#8151,#1743);
#1331=LINE('',#8153,#1744);
#1332=LINE('',#8155,#1745);
#1333=LINE('',#8157,#1746);
#1334=LINE('',#8159,#1747);
#1335=LINE('',#8161,#1748);
#1336=LINE('',#8163,#1749);
#1337=LINE('',#8165,#1750);
#1338=LINE('',#8167,#1751);
#1339=LINE('',#8169,#1752);
#1340=LINE('',#8171,#1753);
#1341=LINE('',#8172,#1754);
#1342=LINE('',#8174,#1755);
#1343=LINE('',#8175,#1756);
#1344=LINE('',#8177,#1757);
#1345=LINE('',#8179,#1758);
#1346=LINE('',#8181,#1759);
#1347=LINE('',#8183,#1760);
#1348=LINE('',#8185,#1761);
#1349=LINE('',#8187,#1762);
#1350=LINE('',#8189,#1763);
#1351=LINE('',#8191,#1764);
#1352=LINE('',#8193,#1765);
#1353=LINE('',#8195,#1766);
#1354=LINE('',#8203,#1767);
#1355=LINE('',#8205,#1768);
#1356=LINE('',#8212,#1769);
#1357=LINE('',#8214,#1770);
#1358=LINE('',#8221,#1771);
#1359=LINE('',#8223,#1772);
#1360=LINE('',#8230,#1773);
#1361=LINE('',#8232,#1774);
#1362=LINE('',#8236,#1775);
#1363=LINE('',#8238,#1776);
#1364=LINE('',#8240,#1777);
#1365=LINE('',#8241,#1778);
#1366=LINE('',#8244,#1779);
#1367=LINE('',#8245,#1780);
#1368=LINE('',#8247,#1781);
#1369=LINE('',#8249,#1782);
#1370=LINE('',#8250,#1783);
#1371=LINE('',#8252,#1784);
#1372=LINE('',#8254,#1785);
#1373=LINE('',#8259,#1786);
#1374=LINE('',#8261,#1787);
#1375=LINE('',#8263,#1788);
#1376=LINE('',#8264,#1789);
#1377=LINE('',#8267,#1790);
#1378=LINE('',#8268,#1791);
#1379=LINE('',#8270,#1792);
#1380=LINE('',#8272,#1793);
#1381=LINE('',#8273,#1794);
#1382=LINE('',#8275,#1795);
#1383=LINE('',#8277,#1796);
#1384=LINE('',#8282,#1797);
#1385=LINE('',#8284,#1798);
#1386=LINE('',#8286,#1799);
#1387=LINE('',#8287,#1800);
#1388=LINE('',#8290,#1801);
#1389=LINE('',#8291,#1802);
#1390=LINE('',#8293,#1803);
#1391=LINE('',#8295,#1804);
#1392=LINE('',#8296,#1805);
#1393=LINE('',#8298,#1806);
#1394=LINE('',#8300,#1807);
#1395=LINE('',#8305,#1808);
#1396=LINE('',#8307,#1809);
#1397=LINE('',#8309,#1810);
#1398=LINE('',#8310,#1811);
#1399=LINE('',#8313,#1812);
#1400=LINE('',#8314,#1813);
#1401=LINE('',#8316,#1814);
#1402=LINE('',#8318,#1815);
#1403=LINE('',#8319,#1816);
#1404=LINE('',#8321,#1817);
#1405=LINE('',#8323,#1818);
#1406=LINE('',#8328,#1819);
#1407=LINE('',#8330,#1820);
#1408=LINE('',#8332,#1821);
#1409=LINE('',#8333,#1822);
#1410=LINE('',#8336,#1823);
#1411=LINE('',#8338,#1824);
#1412=LINE('',#8339,#1825);
#1413=LINE('',#8342,#1826);
#1414=LINE('',#8343,#1827);
#1415=LINE('',#8346,#1828);
#1416=LINE('',#8347,#1829);
#1417=LINE('',#8349,#1830);
#1418=LINE('',#8352,#1831);
#1419=LINE('',#8354,#1832);
#1420=LINE('',#8355,#1833);
#1421=LINE('',#8358,#1834);
#1422=LINE('',#8360,#1835);
#1423=LINE('',#8361,#1836);
#1424=LINE('',#8363,#1837);
#1425=LINE('',#8364,#1838);
#1426=VECTOR('',#4628,0.999999999999996);
#1427=VECTOR('',#4637,0.999999999999996);
#1428=VECTOR('',#4656,5.);
#1429=VECTOR('',#4661,10.);
#1430=VECTOR('',#4662,10.);
#1431=VECTOR('',#4663,10.);
#1432=VECTOR('',#4664,10.);
#1433=VECTOR('',#4673,10.);
#1434=VECTOR('',#4674,10.);
#1435=VECTOR('',#4675,10.);
#1436=VECTOR('',#4676,10.);
#1437=VECTOR('',#4679,10.);
#1438=VECTOR('',#4680,10.);
#1439=VECTOR('',#4681,10.);
#1440=VECTOR('',#4682,10.);
#1441=VECTOR('',#4685,10.);
#1442=VECTOR('',#4686,10.);
#1443=VECTOR('',#4687,10.);
#1444=VECTOR('',#4690,10.);
#1445=VECTOR('',#4691,10.);
#1446=VECTOR('',#4692,10.);
#1447=VECTOR('',#4695,10.);
#1448=VECTOR('',#4696,10.);
#1449=VECTOR('',#4697,10.);
#1450=VECTOR('',#4700,10.);
#1451=VECTOR('',#4703,10.);
#1452=VECTOR('',#4706,10.);
#1453=VECTOR('',#4707,10.);
#1454=VECTOR('',#4708,10.);
#1455=VECTOR('',#4711,10.);
#1456=VECTOR('',#4712,10.);
#1457=VECTOR('',#4715,10.);
#1458=VECTOR('',#4716,10.);
#1459=VECTOR('',#4719,10.);
#1460=VECTOR('',#4722,10.);
#1461=VECTOR('',#4723,10.);
#1462=VECTOR('',#4724,10.);
#1463=VECTOR('',#4727,10.);
#1464=VECTOR('',#4730,10.);
#1465=VECTOR('',#4731,10.);
#1466=VECTOR('',#4732,10.);
#1467=VECTOR('',#4733,10.);
#1468=VECTOR('',#4736,10.);
#1469=VECTOR('',#4737,10.);
#1470=VECTOR('',#4738,10.);
#1471=VECTOR('',#4741,10.);
#1472=VECTOR('',#4742,10.);
#1473=VECTOR('',#4743,10.);
#1474=VECTOR('',#4744,10.);
#1475=VECTOR('',#4747,10.);
#1476=VECTOR('',#4748,10.);
#1477=VECTOR('',#4749,10.);
#1478=VECTOR('',#4752,10.);
#1479=VECTOR('',#4753,10.);
#1480=VECTOR('',#4754,10.);
#1481=VECTOR('',#4755,10.);
#1482=VECTOR('',#4758,10.);
#1483=VECTOR('',#4759,10.);
#1484=VECTOR('',#4760,10.);
#1485=VECTOR('',#4763,10.);
#1486=VECTOR('',#4764,10.);
#1487=VECTOR('',#4765,10.);
#1488=VECTOR('',#4766,10.);
#1489=VECTOR('',#4769,10.);
#1490=VECTOR('',#4770,10.);
#1491=VECTOR('',#4771,10.);
#1492=VECTOR('',#4774,10.);
#1493=VECTOR('',#4775,10.);
#1494=VECTOR('',#4776,10.);
#1495=VECTOR('',#4779,10.);
#1496=VECTOR('',#4780,10.);
#1497=VECTOR('',#4781,10.);
#1498=VECTOR('',#4784,10.);
#1499=VECTOR('',#4785,10.);
#1500=VECTOR('',#4786,10.);
#1501=VECTOR('',#4787,10.);
#1502=VECTOR('',#4788,10.);
#1503=VECTOR('',#4789,10.);
#1504=VECTOR('',#4790,10.);
#1505=VECTOR('',#4791,10.);
#1506=VECTOR('',#4792,10.);
#1507=VECTOR('',#4793,10.);
#1508=VECTOR('',#4794,10.);
#1509=VECTOR('',#4795,10.);
#1510=VECTOR('',#4796,10.);
#1511=VECTOR('',#4797,10.);
#1512=VECTOR('',#4798,10.);
#1513=VECTOR('',#4799,10.);
#1514=VECTOR('',#4800,10.);
#1515=VECTOR('',#4801,10.);
#1516=VECTOR('',#4802,10.);
#1517=VECTOR('',#4803,10.);
#1518=VECTOR('',#4804,10.);
#1519=VECTOR('',#4805,10.);
#1520=VECTOR('',#4808,10.);
#1521=VECTOR('',#4809,10.);
#1522=VECTOR('',#4810,10.);
#1523=VECTOR('',#4813,10.);
#1524=VECTOR('',#4814,10.);
#1525=VECTOR('',#4815,10.);
#1526=VECTOR('',#4816,10.);
#1527=VECTOR('',#4817,10.);
#1528=VECTOR('',#4818,10.);
#1529=VECTOR('',#4819,10.);
#1530=VECTOR('',#4820,10.);
#1531=VECTOR('',#4823,10.);
#1532=VECTOR('',#4824,10.);
#1533=VECTOR('',#4825,10.);
#1534=VECTOR('',#4828,10.);
#1535=VECTOR('',#4829,10.);
#1536=VECTOR('',#4832,10.);
#1537=VECTOR('',#4833,10.);
#1538=VECTOR('',#4836,10.);
#1539=VECTOR('',#4839,10.);
#1540=VECTOR('',#4840,10.);
#1541=VECTOR('',#4843,10.);
#1542=VECTOR('',#4846,10.);
#1543=VECTOR('',#4851,10.);
#1544=VECTOR('',#4852,10.);
#1545=VECTOR('',#4853,10.);
#1546=VECTOR('',#4854,10.);
#1547=VECTOR('',#4855,10.);
#1548=VECTOR('',#4856,10.);
#1549=VECTOR('',#4857,10.);
#1550=VECTOR('',#4858,10.);
#1551=VECTOR('',#4859,10.);
#1552=VECTOR('',#4862,10.);
#1553=VECTOR('',#4863,10.);
#1554=VECTOR('',#4866,10.);
#1555=VECTOR('',#4869,10.);
#1556=VECTOR('',#4870,10.);
#1557=VECTOR('',#4871,10.);
#1558=VECTOR('',#4872,10.);
#1559=VECTOR('',#4873,10.);
#1560=VECTOR('',#4874,10.);
#1561=VECTOR('',#4875,10.);
#1562=VECTOR('',#4876,10.);
#1563=VECTOR('',#4877,10.);
#1564=VECTOR('',#4878,10.);
#1565=VECTOR('',#4879,10.);
#1566=VECTOR('',#4882,10.);
#1567=VECTOR('',#4883,10.);
#1568=VECTOR('',#4886,10.);
#1569=VECTOR('',#4887,10.);
#1570=VECTOR('',#4888,10.);
#1571=VECTOR('',#4889,10.);
#1572=VECTOR('',#4890,10.);
#1573=VECTOR('',#4891,10.);
#1574=VECTOR('',#4892,10.);
#1575=VECTOR('',#4893,10.);
#1576=VECTOR('',#4898,10.);
#1577=VECTOR('',#4899,10.);
#1578=VECTOR('',#4902,10.);
#1579=VECTOR('',#4903,10.);
#1580=VECTOR('',#4904,10.);
#1581=VECTOR('',#4905,10.);
#1582=VECTOR('',#4906,10.);
#1583=VECTOR('',#4907,10.);
#1584=VECTOR('',#4908,10.);
#1585=VECTOR('',#4913,10.);
#1586=VECTOR('',#4914,10.);
#1587=VECTOR('',#4915,10.);
#1588=VECTOR('',#4916,10.);
#1589=VECTOR('',#4919,10.);
#1590=VECTOR('',#4920,10.);
#1591=VECTOR('',#4921,10.);
#1592=VECTOR('',#4922,10.);
#1593=VECTOR('',#4923,10.);
#1594=VECTOR('',#4924,10.);
#1595=VECTOR('',#4925,10.);
#1596=VECTOR('',#4926,10.);
#1597=VECTOR('',#4927,10.);
#1598=VECTOR('',#4928,10.);
#1599=VECTOR('',#4929,10.);
#1600=VECTOR('',#4932,10.);
#1601=VECTOR('',#4933,10.);
#1602=VECTOR('',#4934,10.);
#1603=VECTOR('',#4935,10.);
#1604=VECTOR('',#4936,10.);
#1605=VECTOR('',#4937,10.);
#1606=VECTOR('',#4938,10.);
#1607=VECTOR('',#4939,10.);
#1608=VECTOR('',#4940,10.);
#1609=VECTOR('',#4943,10.);
#1610=VECTOR('',#4944,10.);
#1611=VECTOR('',#4945,10.);
#1612=VECTOR('',#4946,10.);
#1613=VECTOR('',#4947,10.);
#1614=VECTOR('',#4948,10.);
#1615=VECTOR('',#4949,10.);
#1616=VECTOR('',#4950,10.);
#1617=VECTOR('',#4953,10.);
#1618=VECTOR('',#4954,10.);
#1619=VECTOR('',#4957,10.);
#1620=VECTOR('',#4960,10.);
#1621=VECTOR('',#4961,10.);
#1622=VECTOR('',#4962,10.);
#1623=VECTOR('',#4963,10.);
#1624=VECTOR('',#4964,10.);
#1625=VECTOR('',#4965,10.);
#1626=VECTOR('',#4966,10.);
#1627=VECTOR('',#4969,10.);
#1628=VECTOR('',#4974,10.);
#1629=VECTOR('',#4975,10.);
#1630=VECTOR('',#4978,10.);
#1631=VECTOR('',#4979,10.);
#1632=VECTOR('',#4980,10.);
#1633=VECTOR('',#4981,10.);
#1634=VECTOR('',#4982,10.);
#1635=VECTOR('',#4983,10.);
#1636=VECTOR('',#4988,10.);
#1637=VECTOR('',#4989,10.);
#1638=VECTOR('',#4990,10.);
#1639=VECTOR('',#4991,10.);
#1640=VECTOR('',#5000,10.);
#1641=VECTOR('',#5001,10.);
#1642=VECTOR('',#5002,10.);
#1643=VECTOR('',#5003,10.);
#1644=VECTOR('',#5004,10.);
#1645=VECTOR('',#5005,10.);
#1646=VECTOR('',#5006,10.);
#1647=VECTOR('',#5007,10.);
#1648=VECTOR('',#5008,10.);
#1649=VECTOR('',#5009,10.);
#1650=VECTOR('',#5010,10.);
#1651=VECTOR('',#5011,10.);
#1652=VECTOR('',#5012,10.);
#1653=VECTOR('',#5013,10.);
#1654=VECTOR('',#5014,10.);
#1655=VECTOR('',#5015,10.);
#1656=VECTOR('',#5016,10.);
#1657=VECTOR('',#5017,10.);
#1658=VECTOR('',#5018,10.);
#1659=VECTOR('',#5021,10.);
#1660=VECTOR('',#5022,10.);
#1661=VECTOR('',#5023,10.);
#1662=VECTOR('',#5024,10.);
#1663=VECTOR('',#5027,10.);
#1664=VECTOR('',#5028,10.);
#1665=VECTOR('',#5029,10.);
#1666=VECTOR('',#5030,10.);
#1667=VECTOR('',#5031,10.);
#1668=VECTOR('',#5032,10.);
#1669=VECTOR('',#5033,10.);
#1670=VECTOR('',#5034,10.);
#1671=VECTOR('',#5037,10.);
#1672=VECTOR('',#5038,10.);
#1673=VECTOR('',#5041,10.);
#1674=VECTOR('',#5044,10.);
#1675=VECTOR('',#5049,10.);
#1676=VECTOR('',#5050,10.);
#1677=VECTOR('',#5053,10.);
#1678=VECTOR('',#5056,10.);
#1679=VECTOR('',#5061,10.);
#1680=VECTOR('',#5062,10.);
#1681=VECTOR('',#5063,10.);
#1682=VECTOR('',#5064,10.);
#1683=VECTOR('',#5065,10.);
#1684=VECTOR('',#5066,10.);
#1685=VECTOR('',#5067,10.);
#1686=VECTOR('',#5068,10.);
#1687=VECTOR('',#5071,10.);
#1688=VECTOR('',#5072,10.);
#1689=VECTOR('',#5075,10.);
#1690=VECTOR('',#5078,10.);
#1691=VECTOR('',#5079,10.);
#1692=VECTOR('',#5080,10.);
#1693=VECTOR('',#5081,10.);
#1694=VECTOR('',#5082,10.);
#1695=VECTOR('',#5083,10.);
#1696=VECTOR('',#5084,10.);
#1697=VECTOR('',#5087,10.);
#1698=VECTOR('',#5092,10.);
#1699=VECTOR('',#5093,10.);
#1700=VECTOR('',#5096,10.);
#1701=VECTOR('',#5097,10.);
#1702=VECTOR('',#5098,10.);
#1703=VECTOR('',#5099,10.);
#1704=VECTOR('',#5100,10.);
#1705=VECTOR('',#5101,10.);
#1706=VECTOR('',#5106,10.);
#1707=VECTOR('',#5107,10.);
#1708=VECTOR('',#5108,10.);
#1709=VECTOR('',#5109,10.);
#1710=VECTOR('',#5112,10.);
#1711=VECTOR('',#5113,10.);
#1712=VECTOR('',#5114,10.);
#1713=VECTOR('',#5115,10.);
#1714=VECTOR('',#5116,10.);
#1715=VECTOR('',#5117,10.);
#1716=VECTOR('',#5118,10.);
#1717=VECTOR('',#5119,10.);
#1718=VECTOR('',#5120,10.);
#1719=VECTOR('',#5121,10.);
#1720=VECTOR('',#5122,10.);
#1721=VECTOR('',#5123,10.);
#1722=VECTOR('',#5124,10.);
#1723=VECTOR('',#5125,10.);
#1724=VECTOR('',#5126,10.);
#1725=VECTOR('',#5127,10.);
#1726=VECTOR('',#5128,10.);
#1727=VECTOR('',#5129,10.);
#1728=VECTOR('',#5130,10.);
#1729=VECTOR('',#5133,10.);
#1730=VECTOR('',#5134,10.);
#1731=VECTOR('',#5135,10.);
#1732=VECTOR('',#5136,10.);
#1733=VECTOR('',#5137,10.);
#1734=VECTOR('',#5138,10.);
#1735=VECTOR('',#5139,10.);
#1736=VECTOR('',#5140,10.);
#1737=VECTOR('',#5141,10.);
#1738=VECTOR('',#5142,10.);
#1739=VECTOR('',#5143,10.);
#1740=VECTOR('',#5144,10.);
#1741=VECTOR('',#5145,10.);
#1742=VECTOR('',#5146,10.);
#1743=VECTOR('',#5149,10.);
#1744=VECTOR('',#5150,10.);
#1745=VECTOR('',#5151,10.);
#1746=VECTOR('',#5152,10.);
#1747=VECTOR('',#5153,10.);
#1748=VECTOR('',#5154,10.);
#1749=VECTOR('',#5155,10.);
#1750=VECTOR('',#5156,10.);
#1751=VECTOR('',#5157,10.);
#1752=VECTOR('',#5158,10.);
#1753=VECTOR('',#5159,10.);
#1754=VECTOR('',#5160,10.);
#1755=VECTOR('',#5163,10.);
#1756=VECTOR('',#5164,10.);
#1757=VECTOR('',#5167,10.);
#1758=VECTOR('',#5170,10.);
#1759=VECTOR('',#5173,10.);
#1760=VECTOR('',#5176,10.);
#1761=VECTOR('',#5179,10.);
#1762=VECTOR('',#5182,10.);
#1763=VECTOR('',#5185,10.);
#1764=VECTOR('',#5188,10.);
#1765=VECTOR('',#5191,10.);
#1766=VECTOR('',#5194,10.);
#1767=VECTOR('',#5205,2.);
#1768=VECTOR('',#5208,1.07187962747952);
#1769=VECTOR('',#5217,2.);
#1770=VECTOR('',#5220,1.07187962747952);
#1771=VECTOR('',#5229,2.);
#1772=VECTOR('',#5232,1.07187962747952);
#1773=VECTOR('',#5241,2.);
#1774=VECTOR('',#5244,1.07187962747952);
#1775=VECTOR('',#5247,10.);
#1776=VECTOR('',#5248,10.);
#1777=VECTOR('',#5249,10.);
#1778=VECTOR('',#5250,10.);
#1779=VECTOR('',#5253,10.);
#1780=VECTOR('',#5254,10.);
#1781=VECTOR('',#5257,10.);
#1782=VECTOR('',#5260,10.);
#1783=VECTOR('',#5261,10.);
#1784=VECTOR('',#5264,10.);
#1785=VECTOR('',#5267,10.);
#1786=VECTOR('',#5272,10.);
#1787=VECTOR('',#5273,10.);
#1788=VECTOR('',#5274,10.);
#1789=VECTOR('',#5275,10.);
#1790=VECTOR('',#5278,10.);
#1791=VECTOR('',#5279,10.);
#1792=VECTOR('',#5282,10.);
#1793=VECTOR('',#5285,10.);
#1794=VECTOR('',#5286,10.);
#1795=VECTOR('',#5289,10.);
#1796=VECTOR('',#5292,10.);
#1797=VECTOR('',#5297,10.);
#1798=VECTOR('',#5298,10.);
#1799=VECTOR('',#5299,10.);
#1800=VECTOR('',#5300,10.);
#1801=VECTOR('',#5303,10.);
#1802=VECTOR('',#5304,10.);
#1803=VECTOR('',#5307,10.);
#1804=VECTOR('',#5310,10.);
#1805=VECTOR('',#5311,10.);
#1806=VECTOR('',#5314,10.);
#1807=VECTOR('',#5317,10.);
#1808=VECTOR('',#5322,10.);
#1809=VECTOR('',#5323,10.);
#1810=VECTOR('',#5324,10.);
#1811=VECTOR('',#5325,10.);
#1812=VECTOR('',#5328,10.);
#1813=VECTOR('',#5329,10.);
#1814=VECTOR('',#5332,10.);
#1815=VECTOR('',#5335,10.);
#1816=VECTOR('',#5336,10.);
#1817=VECTOR('',#5339,10.);
#1818=VECTOR('',#5342,10.);
#1819=VECTOR('',#5347,10.);
#1820=VECTOR('',#5348,10.);
#1821=VECTOR('',#5349,10.);
#1822=VECTOR('',#5350,10.);
#1823=VECTOR('',#5353,10.);
#1824=VECTOR('',#5354,10.);
#1825=VECTOR('',#5355,10.);
#1826=VECTOR('',#5358,10.);
#1827=VECTOR('',#5359,10.);
#1828=VECTOR('',#5362,10.);
#1829=VECTOR('',#5363,10.);
#1830=VECTOR('',#5366,10.);
#1831=VECTOR('',#5369,10.);
#1832=VECTOR('',#5370,10.);
#1833=VECTOR('',#5371,10.);
#1834=VECTOR('',#5374,10.);
#1835=VECTOR('',#5375,10.);
#1836=VECTOR('',#5376,10.);
#1837=VECTOR('',#5379,10.);
#1838=VECTOR('',#5380,10.);
#1839=CIRCLE('',#4449,0.999999999999996);
#1840=CIRCLE('',#4450,0.999999999999996);
#1841=CIRCLE('',#4453,0.999999999999996);
#1842=CIRCLE('',#4454,0.999999999999996);
#1843=CIRCLE('',#4457,6.2);
#1844=CIRCLE('',#4458,1.2);
#1845=CIRCLE('',#4459,5.);
#1846=CIRCLE('',#4460,5.);
#1847=CIRCLE('',#4462,5.);
#1848=CIRCLE('',#4463,5.);
#1849=CIRCLE('',#4466,6.2);
#1850=CIRCLE('',#4467,1.2);
#1851=CIRCLE('',#4525,2.);
#1852=CIRCLE('',#4526,2.);
#1853=CIRCLE('',#4527,2.);
#1854=CIRCLE('',#4528,2.);
#1855=CIRCLE('',#4565,0.800090691792611);
#1856=CIRCLE('',#4567,1.34366856316644);
#1857=CIRCLE('',#4570,0.800090691792606);
#1858=CIRCLE('',#4572,1.34366856316644);
#1859=CIRCLE('',#4575,0.800090691792606);
#1860=CIRCLE('',#4577,1.34366856316644);
#1861=CIRCLE('',#4580,0.800090691792606);
#1862=CIRCLE('',#4582,1.34366856316643);
#1863=VERTEX_POINT('',#5387);
#1864=VERTEX_POINT('',#5389);
#1865=VERTEX_POINT('',#5394);
#1866=VERTEX_POINT('',#5396);
#1867=VERTEX_POINT('',#5401);
#1868=VERTEX_POINT('',#5403);
#1869=VERTEX_POINT('',#5405);
#1870=VERTEX_POINT('',#5409);
#1871=VERTEX_POINT('',#5410);
#1872=VERTEX_POINT('',#5415);
#1873=VERTEX_POINT('',#5416);
#1874=VERTEX_POINT('',#5418);
#1875=VERTEX_POINT('',#5420);
#1876=VERTEX_POINT('',#5424);
#1877=VERTEX_POINT('',#5428);
#1878=VERTEX_POINT('',#5429);
#1879=VERTEX_POINT('',#5431);
#1880=VERTEX_POINT('',#5433);
#1881=VERTEX_POINT('',#5437);
#1882=VERTEX_POINT('',#5438);
#1883=VERTEX_POINT('',#5440);
#1884=VERTEX_POINT('',#5442);
#1885=VERTEX_POINT('',#5447);
#1886=VERTEX_POINT('',#5451);
#1887=VERTEX_POINT('',#5453);
#1888=VERTEX_POINT('',#5457);
#1889=VERTEX_POINT('',#5466);
#1890=VERTEX_POINT('',#5467);
#1891=VERTEX_POINT('',#5472);
#1892=VERTEX_POINT('',#5476);
#1893=VERTEX_POINT('',#5482);
#1894=VERTEX_POINT('',#5483);
#1895=VERTEX_POINT('',#5485);
#1896=VERTEX_POINT('',#5487);
#1897=VERTEX_POINT('',#5489);
#1898=VERTEX_POINT('',#5495);
#1899=VERTEX_POINT('',#5501);
#1900=VERTEX_POINT('',#5507);
#1901=VERTEX_POINT('',#5521);
#1902=VERTEX_POINT('',#5522);
#1903=VERTEX_POINT('',#5524);
#1904=VERTEX_POINT('',#5526);
#1905=VERTEX_POINT('',#5530);
#1906=VERTEX_POINT('',#5532);
#1907=VERTEX_POINT('',#5536);
#1908=VERTEX_POINT('',#5537);
#1909=VERTEX_POINT('',#5539);
#1910=VERTEX_POINT('',#5541);
#1911=VERTEX_POINT('',#5545);
#1912=VERTEX_POINT('',#5547);
#1913=VERTEX_POINT('',#5551);
#1914=VERTEX_POINT('',#5552);
#1915=VERTEX_POINT('',#5554);
#1916=VERTEX_POINT('',#5556);
#1917=VERTEX_POINT('',#5560);
#1918=VERTEX_POINT('',#5562);
#1919=VERTEX_POINT('',#5566);
#1920=VERTEX_POINT('',#5567);
#1921=VERTEX_POINT('',#5569);
#1922=VERTEX_POINT('',#5571);
#1923=VERTEX_POINT('',#5575);
#1924=VERTEX_POINT('',#5577);
#1925=VERTEX_POINT('',#5581);
#1926=VERTEX_POINT('',#5582);
#1927=VERTEX_POINT('',#5584);
#1928=VERTEX_POINT('',#5586);
#1929=VERTEX_POINT('',#5588);
#1930=VERTEX_POINT('',#5594);
#1931=VERTEX_POINT('',#5600);
#1932=VERTEX_POINT('',#5606);
#1933=VERTEX_POINT('',#5612);
#1934=VERTEX_POINT('',#5624);
#1935=VERTEX_POINT('',#5625);
#1936=VERTEX_POINT('',#5627);
#1937=VERTEX_POINT('',#5629);
#1938=VERTEX_POINT('',#5631);
#1939=VERTEX_POINT('',#5637);
#1940=VERTEX_POINT('',#5643);
#1941=VERTEX_POINT('',#5649);
#1942=VERTEX_POINT('',#5655);
#1943=VERTEX_POINT('',#5661);
#1944=VERTEX_POINT('',#5673);
#1945=VERTEX_POINT('',#5674);
#1946=VERTEX_POINT('',#5676);
#1947=VERTEX_POINT('',#5678);
#1948=VERTEX_POINT('',#5681);
#1949=VERTEX_POINT('',#5684);
#1950=VERTEX_POINT('',#5687);
#1951=VERTEX_POINT('',#5690);
#1952=VERTEX_POINT('',#5693);
#1953=VERTEX_POINT('',#5694);
#1954=VERTEX_POINT('',#5700);
#1955=VERTEX_POINT('',#5702);
#1956=VERTEX_POINT('',#5704);
#1957=VERTEX_POINT('',#5706);
#1958=VERTEX_POINT('',#5712);
#1959=VERTEX_POINT('',#5718);
#1960=VERTEX_POINT('',#5724);
#1961=VERTEX_POINT('',#5730);
#1962=VERTEX_POINT('',#5736);
#1963=VERTEX_POINT('',#5742);
#1964=VERTEX_POINT('',#5748);
#1965=VERTEX_POINT('',#5754);
#1966=VERTEX_POINT('',#5765);
#1967=VERTEX_POINT('',#5766);
#1968=VERTEX_POINT('',#5772);
#1969=VERTEX_POINT('',#5778);
#1970=VERTEX_POINT('',#5780);
#1971=VERTEX_POINT('',#5786);
#1972=VERTEX_POINT('',#5792);
#1973=VERTEX_POINT('',#5798);
#1974=VERTEX_POINT('',#5804);
#1975=VERTEX_POINT('',#5810);
#1976=VERTEX_POINT('',#5816);
#1977=VERTEX_POINT('',#5822);
#1978=VERTEX_POINT('',#5828);
#1979=VERTEX_POINT('',#5834);
#1980=VERTEX_POINT('',#5840);
#1981=VERTEX_POINT('',#5842);
#1982=VERTEX_POINT('',#5848);
#1983=VERTEX_POINT('',#5854);
#1984=VERTEX_POINT('',#5860);
#1985=VERTEX_POINT('',#5866);
#1986=VERTEX_POINT('',#5872);
#1987=VERTEX_POINT('',#5878);
#1988=VERTEX_POINT('',#5889);
#1989=VERTEX_POINT('',#5890);
#1990=VERTEX_POINT('',#5892);
#1991=VERTEX_POINT('',#5894);
#1992=VERTEX_POINT('',#5896);
#1993=VERTEX_POINT('',#5898);
#1994=VERTEX_POINT('',#5904);
#1995=VERTEX_POINT('',#5910);
#1996=VERTEX_POINT('',#5916);
#1997=VERTEX_POINT('',#5922);
#1998=VERTEX_POINT('',#5928);
#1999=VERTEX_POINT('',#5936);
#2000=VERTEX_POINT('',#5937);
#2001=VERTEX_POINT('',#5939);
#2002=VERTEX_POINT('',#5941);
#2003=VERTEX_POINT('',#5943);
#2004=VERTEX_POINT('',#5949);
#2005=VERTEX_POINT('',#5955);
#2006=VERTEX_POINT('',#5961);
#2007=VERTEX_POINT('',#5973);
#2008=VERTEX_POINT('',#5974);
#2009=VERTEX_POINT('',#5976);
#2010=VERTEX_POINT('',#5978);
#2011=VERTEX_POINT('',#5981);
#2012=VERTEX_POINT('',#5982);
#2013=VERTEX_POINT('',#5984);
#2014=VERTEX_POINT('',#5986);
#2015=VERTEX_POINT('',#5990);
#2016=VERTEX_POINT('',#5991);
#2017=VERTEX_POINT('',#5996);
#2018=VERTEX_POINT('',#6000);
#2019=VERTEX_POINT('',#6014);
#2020=VERTEX_POINT('',#6015);
#2021=VERTEX_POINT('',#6017);
#2022=VERTEX_POINT('',#6023);
#2023=VERTEX_POINT('',#6029);
#2024=VERTEX_POINT('',#6035);
#2025=VERTEX_POINT('',#6041);
#2026=VERTEX_POINT('',#6047);
#2027=VERTEX_POINT('',#6053);
#2028=VERTEX_POINT('',#6059);
#2029=VERTEX_POINT('',#6065);
#2030=VERTEX_POINT('',#6071);
#2031=VERTEX_POINT('',#6077);
#2032=VERTEX_POINT('',#6083);
#2033=VERTEX_POINT('',#6086);
#2034=VERTEX_POINT('',#6087);
#2035=VERTEX_POINT('',#6089);
#2036=VERTEX_POINT('',#6091);
#2037=VERTEX_POINT('',#6097);
#2038=VERTEX_POINT('',#6103);
#2039=VERTEX_POINT('',#6109);
#2040=VERTEX_POINT('',#6115);
#2041=VERTEX_POINT('',#6121);
#2042=VERTEX_POINT('',#6127);
#2043=VERTEX_POINT('',#6134);
#2044=VERTEX_POINT('',#6135);
#2045=VERTEX_POINT('',#6137);
#2046=VERTEX_POINT('',#6139);
#2047=VERTEX_POINT('',#6145);
#2048=VERTEX_POINT('',#6151);
#2049=VERTEX_POINT('',#6157);
#2050=VERTEX_POINT('',#6163);
#2051=VERTEX_POINT('',#6169);
#2052=VERTEX_POINT('',#6459);
#2053=VERTEX_POINT('',#6460);
#2054=VERTEX_POINT('',#6466);
#2055=VERTEX_POINT('',#6472);
#2056=VERTEX_POINT('',#6478);
#2057=VERTEX_POINT('',#6484);
#2058=VERTEX_POINT('',#6490);
#2059=VERTEX_POINT('',#6496);
#2060=VERTEX_POINT('',#6502);
#2061=VERTEX_POINT('',#6508);
#2062=VERTEX_POINT('',#6514);
#2063=VERTEX_POINT('',#6520);
#2064=VERTEX_POINT('',#6522);
#2065=VERTEX_POINT('',#6528);
#2066=VERTEX_POINT('',#6534);
#2067=VERTEX_POINT('',#6540);
#2068=VERTEX_POINT('',#6546);
#2069=VERTEX_POINT('',#6552);
#2070=VERTEX_POINT('',#6558);
#2071=VERTEX_POINT('',#6564);
#2072=VERTEX_POINT('',#6570);
#2073=VERTEX_POINT('',#6576);
#2074=VERTEX_POINT('',#6808);
#2075=VERTEX_POINT('',#6809);
#2076=VERTEX_POINT('',#6811);
#2077=VERTEX_POINT('',#6813);
#2078=VERTEX_POINT('',#6815);
#2079=VERTEX_POINT('',#6821);
#2080=VERTEX_POINT('',#6827);
#2081=VERTEX_POINT('',#6833);
#2082=VERTEX_POINT('',#6839);
#2083=VERTEX_POINT('',#6845);
#2084=VERTEX_POINT('',#6851);
#2085=VERTEX_POINT('',#6854);
#2086=VERTEX_POINT('',#6855);
#2087=VERTEX_POINT('',#6857);
#2088=VERTEX_POINT('',#6859);
#2089=VERTEX_POINT('',#6865);
#2090=VERTEX_POINT('',#6871);
#2091=VERTEX_POINT('',#6877);
#2092=VERTEX_POINT('',#6883);
#2093=VERTEX_POINT('',#7028);
#2094=VERTEX_POINT('',#7029);
#2095=VERTEX_POINT('',#7031);
#2096=VERTEX_POINT('',#7033);
#2097=VERTEX_POINT('',#7036);
#2098=VERTEX_POINT('',#7038);
#2099=VERTEX_POINT('',#7040);
#2100=VERTEX_POINT('',#7042);
#2101=VERTEX_POINT('',#7044);
#2102=VERTEX_POINT('',#7045);
#2103=VERTEX_POINT('',#7047);
#2104=VERTEX_POINT('',#7049);
#2105=VERTEX_POINT('',#7051);
#2106=VERTEX_POINT('',#7053);
#2107=VERTEX_POINT('',#7059);
#2108=VERTEX_POINT('',#7065);
#2109=VERTEX_POINT('',#7071);
#2110=VERTEX_POINT('',#7077);
#2111=VERTEX_POINT('',#7083);
#2112=VERTEX_POINT('',#7090);
#2113=VERTEX_POINT('',#7091);
#2114=VERTEX_POINT('',#7097);
#2115=VERTEX_POINT('',#7103);
#2116=VERTEX_POINT('',#7105);
#2117=VERTEX_POINT('',#7111);
#2118=VERTEX_POINT('',#7117);
#2119=VERTEX_POINT('',#7123);
#2120=VERTEX_POINT('',#7129);
#2121=VERTEX_POINT('',#7135);
#2122=VERTEX_POINT('',#7141);
#2123=VERTEX_POINT('',#7147);
#2124=VERTEX_POINT('',#7153);
#2125=VERTEX_POINT('',#7159);
#2126=VERTEX_POINT('',#7165);
#2127=VERTEX_POINT('',#7171);
#2128=VERTEX_POINT('',#7177);
#2129=VERTEX_POINT('',#7183);
#2130=VERTEX_POINT('',#7189);
#2131=VERTEX_POINT('',#7195);
#2132=VERTEX_POINT('',#7201);
#2133=VERTEX_POINT('',#7207);
#2134=VERTEX_POINT('',#7213);
#2135=VERTEX_POINT('',#7215);
#2136=VERTEX_POINT('',#7221);
#2137=VERTEX_POINT('',#7227);
#2138=VERTEX_POINT('',#7233);
#2139=VERTEX_POINT('',#7239);
#2140=VERTEX_POINT('',#7245);
#2141=VERTEX_POINT('',#7251);
#2142=VERTEX_POINT('',#7257);
#2143=VERTEX_POINT('',#7263);
#2144=VERTEX_POINT('',#7269);
#2145=VERTEX_POINT('',#7275);
#2146=VERTEX_POINT('',#7281);
#2147=VERTEX_POINT('',#7292);
#2148=VERTEX_POINT('',#7293);
#2149=VERTEX_POINT('',#7295);
#2150=VERTEX_POINT('',#7297);
#2151=VERTEX_POINT('',#7299);
#2152=VERTEX_POINT('',#7301);
#2153=VERTEX_POINT('',#7303);
#2154=VERTEX_POINT('',#7305);
#2155=VERTEX_POINT('',#7307);
#2156=VERTEX_POINT('',#7309);
#2157=VERTEX_POINT('',#7311);
#2158=VERTEX_POINT('',#7313);
#2159=VERTEX_POINT('',#7317);
#2160=VERTEX_POINT('',#7318);
#2161=VERTEX_POINT('',#7320);
#2162=VERTEX_POINT('',#7322);
#2163=VERTEX_POINT('',#7326);
#2164=VERTEX_POINT('',#7327);
#2165=VERTEX_POINT('',#7329);
#2166=VERTEX_POINT('',#7331);
#2167=VERTEX_POINT('',#7334);
#2168=VERTEX_POINT('',#7335);
#2169=VERTEX_POINT('',#7337);
#2170=VERTEX_POINT('',#7339);
#2171=VERTEX_POINT('',#7359);
#2172=VERTEX_POINT('',#7360);
#2173=VERTEX_POINT('',#7362);
#2174=VERTEX_POINT('',#7364);
#2175=VERTEX_POINT('',#7366);
#2176=VERTEX_POINT('',#7372);
#2177=VERTEX_POINT('',#7378);
#2178=VERTEX_POINT('',#7384);
#2179=VERTEX_POINT('',#7390);
#2180=VERTEX_POINT('',#7396);
#2181=VERTEX_POINT('',#7402);
#2182=VERTEX_POINT('',#7405);
#2183=VERTEX_POINT('',#7406);
#2184=VERTEX_POINT('',#7408);
#2185=VERTEX_POINT('',#7410);
#2186=VERTEX_POINT('',#7416);
#2187=VERTEX_POINT('',#7422);
#2188=VERTEX_POINT('',#7428);
#2189=VERTEX_POINT('',#7434);
#2190=VERTEX_POINT('',#7579);
#2191=VERTEX_POINT('',#7580);
#2192=VERTEX_POINT('',#7586);
#2193=VERTEX_POINT('',#7592);
#2194=VERTEX_POINT('',#7598);
#2195=VERTEX_POINT('',#7604);
#2196=VERTEX_POINT('',#7610);
#2197=VERTEX_POINT('',#7616);
#2198=VERTEX_POINT('',#7622);
#2199=VERTEX_POINT('',#7628);
#2200=VERTEX_POINT('',#7634);
#2201=VERTEX_POINT('',#7640);
#2202=VERTEX_POINT('',#7646);
#2203=VERTEX_POINT('',#7652);
#2204=VERTEX_POINT('',#7658);
#2205=VERTEX_POINT('',#7664);
#2206=VERTEX_POINT('',#7670);
#2207=VERTEX_POINT('',#7672);
#2208=VERTEX_POINT('',#7678);
#2209=VERTEX_POINT('',#7684);
#2210=VERTEX_POINT('',#7690);
#2211=VERTEX_POINT('',#7696);
#2212=VERTEX_POINT('',#7702);
#2213=VERTEX_POINT('',#7708);
#2214=VERTEX_POINT('',#7714);
#2215=VERTEX_POINT('',#7720);
#2216=VERTEX_POINT('',#7726);
#2217=VERTEX_POINT('',#7732);
#2218=VERTEX_POINT('',#7738);
#2219=VERTEX_POINT('',#7744);
#2220=VERTEX_POINT('',#7750);
#2221=VERTEX_POINT('',#7756);
#2222=VERTEX_POINT('',#7762);
#2223=VERTEX_POINT('',#7768);
#2224=VERTEX_POINT('',#7774);
#2225=VERTEX_POINT('',#8149);
#2226=VERTEX_POINT('',#8150);
#2227=VERTEX_POINT('',#8152);
#2228=VERTEX_POINT('',#8154);
#2229=VERTEX_POINT('',#8156);
#2230=VERTEX_POINT('',#8158);
#2231=VERTEX_POINT('',#8160);
#2232=VERTEX_POINT('',#8162);
#2233=VERTEX_POINT('',#8164);
#2234=VERTEX_POINT('',#8166);
#2235=VERTEX_POINT('',#8168);
#2236=VERTEX_POINT('',#8170);
#2237=VERTEX_POINT('',#8198);
#2238=VERTEX_POINT('',#8201);
#2239=VERTEX_POINT('',#8207);
#2240=VERTEX_POINT('',#8210);
#2241=VERTEX_POINT('',#8216);
#2242=VERTEX_POINT('',#8219);
#2243=VERTEX_POINT('',#8225);
#2244=VERTEX_POINT('',#8228);
#2245=VERTEX_POINT('',#8234);
#2246=VERTEX_POINT('',#8235);
#2247=VERTEX_POINT('',#8237);
#2248=VERTEX_POINT('',#8239);
#2249=VERTEX_POINT('',#8243);
#2250=VERTEX_POINT('',#8257);
#2251=VERTEX_POINT('',#8258);
#2252=VERTEX_POINT('',#8260);
#2253=VERTEX_POINT('',#8262);
#2254=VERTEX_POINT('',#8266);
#2255=VERTEX_POINT('',#8280);
#2256=VERTEX_POINT('',#8281);
#2257=VERTEX_POINT('',#8283);
#2258=VERTEX_POINT('',#8285);
#2259=VERTEX_POINT('',#8289);
#2260=VERTEX_POINT('',#8303);
#2261=VERTEX_POINT('',#8304);
#2262=VERTEX_POINT('',#8306);
#2263=VERTEX_POINT('',#8308);
#2264=VERTEX_POINT('',#8312);
#2265=VERTEX_POINT('',#8326);
#2266=VERTEX_POINT('',#8327);
#2267=VERTEX_POINT('',#8329);
#2268=VERTEX_POINT('',#8331);
#2269=VERTEX_POINT('',#8335);
#2270=VERTEX_POINT('',#8337);
#2271=VERTEX_POINT('',#8341);
#2272=VERTEX_POINT('',#8345);
#2273=VERTEX_POINT('',#8351);
#2274=VERTEX_POINT('',#8353);
#2275=VERTEX_POINT('',#8357);
#2276=VERTEX_POINT('',#8359);
#2277=EDGE_CURVE('',#1863,#1863,#1839,.T.);
#2278=EDGE_CURVE('',#1863,#1864,#1013,.T.);
#2279=EDGE_CURVE('',#1864,#1864,#1840,.T.);
#2280=EDGE_CURVE('',#1865,#1865,#1841,.T.);
#2281=EDGE_CURVE('',#1865,#1866,#1014,.T.);
#2282=EDGE_CURVE('',#1866,#1866,#1842,.T.);
#2283=EDGE_CURVE('',#1867,#1867,#1843,.T.);
#2284=EDGE_CURVE('',#1867,#1868,#1844,.T.);
#2285=EDGE_CURVE('',#1868,#1869,#1845,.T.);
#2286=EDGE_CURVE('',#1869,#1868,#1846,.T.);
#2287=EDGE_CURVE('',#1870,#1871,#1847,.T.);
#2288=EDGE_CURVE('',#1870,#1869,#1015,.T.);
#2289=EDGE_CURVE('',#1871,#1870,#1848,.T.);
#2290=EDGE_CURVE('',#1872,#1873,#1016,.T.);
#2291=EDGE_CURVE('',#1872,#1874,#1017,.T.);
#2292=EDGE_CURVE('',#1874,#1875,#1018,.T.);
#2293=EDGE_CURVE('',#1873,#1875,#1019,.T.);
#2294=EDGE_CURVE('',#1876,#1876,#1849,.T.);
#2295=EDGE_CURVE('',#1876,#1871,#1850,.T.);
#2296=EDGE_CURVE('',#1877,#1878,#1020,.T.);
#2297=EDGE_CURVE('',#1877,#1879,#1021,.T.);
#2298=EDGE_CURVE('',#1880,#1879,#1022,.T.);
#2299=EDGE_CURVE('',#1878,#1880,#1023,.T.);
#2300=EDGE_CURVE('',#1881,#1882,#1024,.T.);
#2301=EDGE_CURVE('',#1881,#1883,#1025,.T.);
#2302=EDGE_CURVE('',#1884,#1883,#1026,.T.);
#2303=EDGE_CURVE('',#1884,#1882,#1027,.T.);
#2304=EDGE_CURVE('',#1883,#1872,#1028,.T.);
#2305=EDGE_CURVE('',#1885,#1872,#1029,.T.);
#2306=EDGE_CURVE('',#1885,#1884,#1030,.T.);
#2307=EDGE_CURVE('',#1881,#1886,#1031,.T.);
#2308=EDGE_CURVE('',#1886,#1887,#1032,.T.);
#2309=EDGE_CURVE('',#1883,#1887,#1033,.T.);
#2310=EDGE_CURVE('',#1882,#1888,#1034,.T.);
#2311=EDGE_CURVE('',#1873,#1888,#1035,.T.);
#2312=EDGE_CURVE('',#1873,#1881,#1036,.T.);
#2313=EDGE_CURVE('',#1875,#1886,#1037,.T.);
#2314=EDGE_CURVE('',#1888,#1885,#1038,.T.);
#2315=EDGE_CURVE('',#1889,#1890,#1039,.T.);
#2316=EDGE_CURVE('',#1889,#1888,#1040,.T.);
#2317=EDGE_CURVE('',#1890,#1882,#1041,.T.);
#2318=EDGE_CURVE('',#1891,#1889,#1042,.T.);
#2319=EDGE_CURVE('',#1891,#1885,#1043,.T.);
#2320=EDGE_CURVE('',#1892,#1891,#1044,.T.);
#2321=EDGE_CURVE('',#1892,#1884,#1045,.T.);
#2322=EDGE_CURVE('',#1890,#1892,#1046,.T.);
#2323=EDGE_CURVE('',#1893,#1894,#1047,.T.);
#2324=EDGE_CURVE('',#1894,#1895,#1048,.T.);
#2325=EDGE_CURVE('',#1895,#1896,#1049,.T.);
#2326=EDGE_CURVE('',#1896,#1897,#122,.T.);
#2327=EDGE_CURVE('',#1897,#1898,#123,.T.);
#2328=EDGE_CURVE('',#1898,#1899,#124,.T.);
#2329=EDGE_CURVE('',#1899,#1900,#125,.T.);
#2330=EDGE_CURVE('',#1900,#1893,#126,.T.);
#2331=EDGE_CURVE('',#1887,#1874,#1050,.T.);
#2332=EDGE_CURVE('',#1901,#1902,#1051,.T.);
#2333=EDGE_CURVE('',#1903,#1901,#1052,.T.);
#2334=EDGE_CURVE('',#1904,#1903,#1053,.T.);
#2335=EDGE_CURVE('',#1904,#1902,#1054,.T.);
#2336=EDGE_CURVE('',#1902,#1905,#1055,.T.);
#2337=EDGE_CURVE('',#1906,#1904,#1056,.T.);
#2338=EDGE_CURVE('',#1906,#1905,#1057,.T.);
#2339=EDGE_CURVE('',#1907,#1908,#1058,.T.);
#2340=EDGE_CURVE('',#1909,#1907,#1059,.T.);
#2341=EDGE_CURVE('',#1910,#1909,#1060,.T.);
#2342=EDGE_CURVE('',#1910,#1908,#1061,.T.);
#2343=EDGE_CURVE('',#1908,#1911,#1062,.T.);
#2344=EDGE_CURVE('',#1912,#1910,#1063,.T.);
#2345=EDGE_CURVE('',#1912,#1911,#1064,.T.);
#2346=EDGE_CURVE('',#1913,#1914,#1065,.T.);
#2347=EDGE_CURVE('',#1915,#1913,#1066,.T.);
#2348=EDGE_CURVE('',#1916,#1915,#1067,.T.);
#2349=EDGE_CURVE('',#1916,#1914,#1068,.T.);
#2350=EDGE_CURVE('',#1917,#1913,#1069,.T.);
#2351=EDGE_CURVE('',#1918,#1917,#1070,.T.);
#2352=EDGE_CURVE('',#1915,#1918,#1071,.T.);
#2353=EDGE_CURVE('',#1919,#1920,#1072,.T.);
#2354=EDGE_CURVE('',#1921,#1919,#1073,.T.);
#2355=EDGE_CURVE('',#1922,#1921,#1074,.T.);
#2356=EDGE_CURVE('',#1922,#1920,#1075,.T.);
#2357=EDGE_CURVE('',#1920,#1923,#1076,.T.);
#2358=EDGE_CURVE('',#1924,#1922,#1077,.T.);
#2359=EDGE_CURVE('',#1924,#1923,#1078,.T.);
#2360=EDGE_CURVE('',#1925,#1926,#1079,.T.);
#2361=EDGE_CURVE('',#1926,#1927,#1080,.T.);
#2362=EDGE_CURVE('',#1927,#1928,#1081,.T.);
#2363=EDGE_CURVE('',#1928,#1929,#127,.T.);
#2364=EDGE_CURVE('',#1929,#1930,#128,.T.);
#2365=EDGE_CURVE('',#1930,#1931,#129,.T.);
#2366=EDGE_CURVE('',#1931,#1932,#130,.T.);
#2367=EDGE_CURVE('',#1932,#1933,#131,.T.);
#2368=EDGE_CURVE('',#1933,#1925,#132,.T.);
#2369=EDGE_CURVE('',#1934,#1935,#1082,.T.);
#2370=EDGE_CURVE('',#1935,#1936,#1083,.T.);
#2371=EDGE_CURVE('',#1936,#1937,#1084,.T.);
#2372=EDGE_CURVE('',#1937,#1938,#133,.T.);
#2373=EDGE_CURVE('',#1938,#1939,#134,.T.);
#2374=EDGE_CURVE('',#1939,#1940,#135,.T.);
#2375=EDGE_CURVE('',#1940,#1941,#136,.T.);
#2376=EDGE_CURVE('',#1941,#1942,#137,.T.);
#2377=EDGE_CURVE('',#1942,#1943,#138,.T.);
#2378=EDGE_CURVE('',#1943,#1934,#139,.T.);
#2379=EDGE_CURVE('',#1944,#1945,#1085,.T.);
#2380=EDGE_CURVE('',#1945,#1946,#1086,.T.);
#2381=EDGE_CURVE('',#1946,#1947,#1087,.T.);
#2382=EDGE_CURVE('',#1947,#1944,#1088,.T.);
#2383=EDGE_CURVE('',#1948,#1906,#1089,.T.);
#2384=EDGE_CURVE('',#1903,#1948,#1090,.T.);
#2385=EDGE_CURVE('',#1909,#1949,#1091,.T.);
#2386=EDGE_CURVE('',#1949,#1912,#1092,.T.);
#2387=EDGE_CURVE('',#1918,#1950,#1093,.T.);
#2388=EDGE_CURVE('',#1950,#1916,#1094,.T.);
#2389=EDGE_CURVE('',#1951,#1924,#1095,.T.);
#2390=EDGE_CURVE('',#1921,#1951,#1096,.T.);
#2391=EDGE_CURVE('',#1952,#1953,#140,.T.);
#2392=EDGE_CURVE('',#1953,#1954,#1097,.T.);
#2393=EDGE_CURVE('',#1954,#1955,#1098,.T.);
#2394=EDGE_CURVE('',#1955,#1956,#1099,.T.);
#2395=EDGE_CURVE('',#1956,#1957,#141,.T.);
#2396=EDGE_CURVE('',#1957,#1958,#142,.T.);
#2397=EDGE_CURVE('',#1958,#1959,#143,.T.);
#2398=EDGE_CURVE('',#1959,#1960,#144,.T.);
#2399=EDGE_CURVE('',#1960,#1961,#145,.T.);
#2400=EDGE_CURVE('',#1961,#1962,#146,.T.);
#2401=EDGE_CURVE('',#1962,#1963,#147,.T.);
#2402=EDGE_CURVE('',#1963,#1964,#148,.T.);
#2403=EDGE_CURVE('',#1964,#1965,#149,.T.);
#2404=EDGE_CURVE('',#1965,#1952,#150,.T.);
#2405=EDGE_CURVE('',#1966,#1967,#151,.T.);
#2406=EDGE_CURVE('',#1967,#1968,#152,.T.);
#2407=EDGE_CURVE('',#1968,#1969,#1100,.T.);
#2408=EDGE_CURVE('',#1969,#1970,#153,.T.);
#2409=EDGE_CURVE('',#1970,#1971,#154,.T.);
#2410=EDGE_CURVE('',#1971,#1972,#155,.T.);
#2411=EDGE_CURVE('',#1972,#1973,#156,.T.);
#2412=EDGE_CURVE('',#1973,#1974,#157,.T.);
#2413=EDGE_CURVE('',#1974,#1975,#158,.T.);
#2414=EDGE_CURVE('',#1975,#1976,#159,.T.);
#2415=EDGE_CURVE('',#1976,#1977,#160,.T.);
#2416=EDGE_CURVE('',#1977,#1978,#161,.T.);
#2417=EDGE_CURVE('',#1978,#1979,#162,.T.);
#2418=EDGE_CURVE('',#1979,#1980,#1101,.T.);
#2419=EDGE_CURVE('',#1980,#1981,#163,.T.);
#2420=EDGE_CURVE('',#1981,#1982,#164,.T.);
#2421=EDGE_CURVE('',#1982,#1983,#165,.T.);
#2422=EDGE_CURVE('',#1983,#1984,#166,.T.);
#2423=EDGE_CURVE('',#1984,#1985,#167,.T.);
#2424=EDGE_CURVE('',#1985,#1986,#168,.T.);
#2425=EDGE_CURVE('',#1986,#1987,#169,.T.);
#2426=EDGE_CURVE('',#1987,#1966,#170,.T.);
#2427=EDGE_CURVE('',#1988,#1989,#1102,.T.);
#2428=EDGE_CURVE('',#1989,#1990,#1103,.T.);
#2429=EDGE_CURVE('',#1990,#1991,#1104,.T.);
#2430=EDGE_CURVE('',#1991,#1992,#1105,.T.);
#2431=EDGE_CURVE('',#1992,#1993,#171,.T.);
#2432=EDGE_CURVE('',#1993,#1994,#172,.T.);
#2433=EDGE_CURVE('',#1994,#1995,#173,.T.);
#2434=EDGE_CURVE('',#1995,#1996,#174,.T.);
#2435=EDGE_CURVE('',#1996,#1997,#175,.T.);
#2436=EDGE_CURVE('',#1997,#1998,#176,.T.);
#2437=EDGE_CURVE('',#1998,#1988,#1106,.T.);
#2438=EDGE_CURVE('',#1999,#2000,#1107,.T.);
#2439=EDGE_CURVE('',#2000,#2001,#1108,.T.);
#2440=EDGE_CURVE('',#2001,#2002,#1109,.T.);
#2441=EDGE_CURVE('',#2002,#2003,#177,.T.);
#2442=EDGE_CURVE('',#2003,#2004,#178,.T.);
#2443=EDGE_CURVE('',#2004,#2005,#179,.T.);
#2444=EDGE_CURVE('',#2005,#2006,#180,.T.);
#2445=EDGE_CURVE('',#2006,#1999,#181,.T.);
#2446=EDGE_CURVE('',#2007,#2008,#1110,.T.);
#2447=EDGE_CURVE('',#2009,#2007,#1111,.T.);
#2448=EDGE_CURVE('',#2010,#2009,#1112,.T.);
#2449=EDGE_CURVE('',#2008,#2010,#1113,.T.);
#2450=EDGE_CURVE('',#2011,#2012,#1114,.T.);
#2451=EDGE_CURVE('',#2013,#2011,#1115,.T.);
#2452=EDGE_CURVE('',#2014,#2013,#1116,.T.);
#2453=EDGE_CURVE('',#2012,#2014,#1117,.T.);
#2454=EDGE_CURVE('',#2015,#2016,#1118,.T.);
#2455=EDGE_CURVE('',#2015,#2007,#1119,.T.);
#2456=EDGE_CURVE('',#2016,#2008,#1120,.T.);
#2457=EDGE_CURVE('',#2016,#2017,#1121,.T.);
#2458=EDGE_CURVE('',#2017,#2010,#1122,.T.);
#2459=EDGE_CURVE('',#2017,#2018,#1123,.T.);
#2460=EDGE_CURVE('',#2018,#2009,#1124,.T.);
#2461=EDGE_CURVE('',#2018,#2015,#1125,.T.);
#2462=EDGE_CURVE('',#1945,#2011,#1126,.T.);
#2463=EDGE_CURVE('',#1946,#2012,#1127,.T.);
#2464=EDGE_CURVE('',#1947,#2014,#1128,.T.);
#2465=EDGE_CURVE('',#1944,#2013,#1129,.T.);
#2466=EDGE_CURVE('',#2019,#2020,#1130,.T.);
#2467=EDGE_CURVE('',#2021,#2019,#182,.T.);
#2468=EDGE_CURVE('',#2022,#2021,#183,.T.);
#2469=EDGE_CURVE('',#2023,#2022,#184,.T.);
#2470=EDGE_CURVE('',#2024,#2023,#185,.T.);
#2471=EDGE_CURVE('',#2025,#2024,#186,.T.);
#2472=EDGE_CURVE('',#2026,#2025,#187,.T.);
#2473=EDGE_CURVE('',#2027,#2026,#188,.T.);
#2474=EDGE_CURVE('',#2028,#2027,#189,.T.);
#2475=EDGE_CURVE('',#2029,#2028,#190,.T.);
#2476=EDGE_CURVE('',#2030,#2029,#191,.T.);
#2477=EDGE_CURVE('',#2031,#2030,#192,.T.);
#2478=EDGE_CURVE('',#2032,#2031,#1131,.T.);
#2479=EDGE_CURVE('',#2020,#2032,#1132,.T.);
#2480=EDGE_CURVE('',#2033,#2034,#1133,.T.);
#2481=EDGE_CURVE('',#2035,#2033,#1134,.T.);
#2482=EDGE_CURVE('',#2036,#2035,#193,.T.);
#2483=EDGE_CURVE('',#2037,#2036,#194,.T.);
#2484=EDGE_CURVE('',#2038,#2037,#195,.T.);
#2485=EDGE_CURVE('',#2039,#2038,#196,.T.);
#2486=EDGE_CURVE('',#2040,#2039,#197,.T.);
#2487=EDGE_CURVE('',#2041,#2040,#198,.T.);
#2488=EDGE_CURVE('',#2042,#2041,#199,.T.);
#2489=EDGE_CURVE('',#2034,#2042,#1135,.T.);
#2490=EDGE_CURVE('',#2043,#2044,#1136,.T.);
#2491=EDGE_CURVE('',#2045,#2043,#1137,.T.);
#2492=EDGE_CURVE('',#2046,#2045,#200,.T.);
#2493=EDGE_CURVE('',#2047,#2046,#201,.T.);
#2494=EDGE_CURVE('',#2048,#2047,#202,.T.);
#2495=EDGE_CURVE('',#2049,#2048,#203,.T.);
#2496=EDGE_CURVE('',#2050,#2049,#204,.T.);
#2497=EDGE_CURVE('',#2051,#2050,#205,.T.);
#2498=EDGE_CURVE('',#2044,#2051,#1138,.T.);
#2499=EDGE_CURVE('',#1953,#2019,#1139,.T.);
#2500=EDGE_CURVE('',#1954,#2020,#1140,.T.);
#2501=EDGE_CURVE('',#1955,#2032,#1141,.T.);
#2502=EDGE_CURVE('',#1956,#2031,#1142,.T.);
#2503=EDGE_CURVE('',#1957,#2030,#1143,.T.);
#2504=EDGE_CURVE('',#1958,#2029,#1144,.T.);
#2505=EDGE_CURVE('',#1959,#2028,#1145,.T.);
#2506=EDGE_CURVE('',#1960,#2027,#1146,.T.);
#2507=EDGE_CURVE('',#1961,#2026,#1147,.T.);
#2508=EDGE_CURVE('',#1962,#2025,#1148,.T.);
#2509=EDGE_CURVE('',#1963,#2024,#1149,.T.);
#2510=EDGE_CURVE('',#1964,#2023,#1150,.T.);
#2511=EDGE_CURVE('',#1965,#2022,#1151,.T.);
#2512=EDGE_CURVE('',#1952,#2021,#1152,.T.);
#2513=EDGE_CURVE('',#1935,#2033,#1153,.T.);
#2514=EDGE_CURVE('',#1936,#2034,#1154,.T.);
#2515=EDGE_CURVE('',#1937,#2042,#1155,.T.);
#2516=EDGE_CURVE('',#1938,#2041,#1156,.T.);
#2517=EDGE_CURVE('',#1939,#2040,#1157,.T.);
#2518=EDGE_CURVE('',#1940,#2039,#1158,.T.);
#2519=EDGE_CURVE('',#1941,#2038,#1159,.T.);
#2520=EDGE_CURVE('',#1942,#2037,#1160,.T.);
#2521=EDGE_CURVE('',#1943,#2036,#1161,.T.);
#2522=EDGE_CURVE('',#1934,#2035,#1162,.T.);
#2523=EDGE_CURVE('',#1926,#2043,#1163,.T.);
#2524=EDGE_CURVE('',#1927,#2044,#1164,.T.);
#2525=EDGE_CURVE('',#1928,#2051,#1165,.T.);
#2526=EDGE_CURVE('',#1929,#2050,#1166,.T.);
#2527=EDGE_CURVE('',#1930,#2049,#1167,.T.);
#2528=EDGE_CURVE('',#1931,#2048,#1168,.T.);
#2529=EDGE_CURVE('',#1932,#2047,#1169,.T.);
#2530=EDGE_CURVE('',#1933,#2046,#1170,.T.);
#2531=EDGE_CURVE('',#1925,#2045,#1171,.T.);
#2532=EDGE_CURVE('',#2052,#2053,#206,.T.);
#2533=EDGE_CURVE('',#2054,#2052,#207,.T.);
#2534=EDGE_CURVE('',#2055,#2054,#208,.T.);
#2535=EDGE_CURVE('',#2056,#2055,#209,.T.);
#2536=EDGE_CURVE('',#2057,#2056,#210,.T.);
#2537=EDGE_CURVE('',#2058,#2057,#211,.T.);
#2538=EDGE_CURVE('',#2059,#2058,#212,.T.);
#2539=EDGE_CURVE('',#2060,#2059,#213,.T.);
#2540=EDGE_CURVE('',#2061,#2060,#214,.T.);
#2541=EDGE_CURVE('',#2062,#2061,#215,.T.);
#2542=EDGE_CURVE('',#2063,#2062,#1172,.T.);
#2543=EDGE_CURVE('',#2064,#2063,#216,.T.);
#2544=EDGE_CURVE('',#2065,#2064,#217,.T.);
#2545=EDGE_CURVE('',#2066,#2065,#218,.T.);
#2546=EDGE_CURVE('',#2067,#2066,#219,.T.);
#2547=EDGE_CURVE('',#2068,#2067,#220,.T.);
#2548=EDGE_CURVE('',#2069,#2068,#221,.T.);
#2549=EDGE_CURVE('',#2070,#2069,#222,.T.);
#2550=EDGE_CURVE('',#2071,#2070,#223,.T.);
#2551=EDGE_CURVE('',#2072,#2071,#224,.T.);
#2552=EDGE_CURVE('',#2073,#2072,#225,.T.);
#2553=EDGE_CURVE('',#2053,#2073,#1173,.T.);
#2554=EDGE_CURVE('',#1967,#2052,#1174,.T.);
#2555=EDGE_CURVE('',#1968,#2053,#1175,.T.);
#2556=EDGE_CURVE('',#1969,#2073,#1176,.T.);
#2557=EDGE_CURVE('',#1970,#2072,#1177,.T.);
#2558=EDGE_CURVE('',#1971,#2071,#1178,.T.);
#2559=EDGE_CURVE('',#1972,#2070,#1179,.T.);
#2560=EDGE_CURVE('',#1973,#2069,#1180,.T.);
#2561=EDGE_CURVE('',#1974,#2068,#1181,.T.);
#2562=EDGE_CURVE('',#1975,#2067,#1182,.T.);
#2563=EDGE_CURVE('',#1976,#2066,#1183,.T.);
#2564=EDGE_CURVE('',#1977,#2065,#1184,.T.);
#2565=EDGE_CURVE('',#1978,#2064,#1185,.T.);
#2566=EDGE_CURVE('',#1979,#2063,#1186,.T.);
#2567=EDGE_CURVE('',#1980,#2062,#1187,.T.);
#2568=EDGE_CURVE('',#1981,#2061,#1188,.T.);
#2569=EDGE_CURVE('',#1982,#2060,#1189,.T.);
#2570=EDGE_CURVE('',#1983,#2059,#1190,.T.);
#2571=EDGE_CURVE('',#1984,#2058,#1191,.T.);
#2572=EDGE_CURVE('',#1985,#2057,#1192,.T.);
#2573=EDGE_CURVE('',#1986,#2056,#1193,.T.);
#2574=EDGE_CURVE('',#1987,#2055,#1194,.T.);
#2575=EDGE_CURVE('',#1966,#2054,#1195,.T.);
#2576=EDGE_CURVE('',#2074,#2075,#1196,.T.);
#2577=EDGE_CURVE('',#2076,#2074,#1197,.T.);
#2578=EDGE_CURVE('',#2077,#2076,#1198,.T.);
#2579=EDGE_CURVE('',#2078,#2077,#226,.T.);
#2580=EDGE_CURVE('',#2079,#2078,#227,.T.);
#2581=EDGE_CURVE('',#2080,#2079,#228,.T.);
#2582=EDGE_CURVE('',#2081,#2080,#229,.T.);
#2583=EDGE_CURVE('',#2082,#2081,#230,.T.);
#2584=EDGE_CURVE('',#2083,#2082,#231,.T.);
#2585=EDGE_CURVE('',#2084,#2083,#1199,.T.);
#2586=EDGE_CURVE('',#2075,#2084,#1200,.T.);
#2587=EDGE_CURVE('',#2085,#2086,#1201,.T.);
#2588=EDGE_CURVE('',#2087,#2085,#1202,.T.);
#2589=EDGE_CURVE('',#2088,#2087,#232,.T.);
#2590=EDGE_CURVE('',#2089,#2088,#233,.T.);
#2591=EDGE_CURVE('',#2090,#2089,#234,.T.);
#2592=EDGE_CURVE('',#2091,#2090,#235,.T.);
#2593=EDGE_CURVE('',#2092,#2091,#236,.T.);
#2594=EDGE_CURVE('',#2086,#2092,#1203,.T.);
#2595=EDGE_CURVE('',#1989,#2074,#1204,.T.);
#2596=EDGE_CURVE('',#1990,#2075,#1205,.T.);
#2597=EDGE_CURVE('',#1991,#2084,#1206,.T.);
#2598=EDGE_CURVE('',#1992,#2083,#1207,.T.);
#2599=EDGE_CURVE('',#1993,#2082,#1208,.T.);
#2600=EDGE_CURVE('',#1994,#2081,#1209,.T.);
#2601=EDGE_CURVE('',#1995,#2080,#1210,.T.);
#2602=EDGE_CURVE('',#1996,#2079,#1211,.T.);
#2603=EDGE_CURVE('',#1997,#2078,#1212,.T.);
#2604=EDGE_CURVE('',#1998,#2077,#1213,.T.);
#2605=EDGE_CURVE('',#1988,#2076,#1214,.T.);
#2606=EDGE_CURVE('',#1894,#2085,#1215,.T.);
#2607=EDGE_CURVE('',#1895,#2086,#1216,.T.);
#2608=EDGE_CURVE('',#1896,#2092,#1217,.T.);
#2609=EDGE_CURVE('',#1897,#2091,#1218,.T.);
#2610=EDGE_CURVE('',#1898,#2090,#1219,.T.);
#2611=EDGE_CURVE('',#1899,#2089,#1220,.T.);
#2612=EDGE_CURVE('',#1900,#2088,#1221,.T.);
#2613=EDGE_CURVE('',#1893,#2087,#1222,.T.);
#2614=EDGE_CURVE('',#2093,#2094,#1223,.T.);
#2615=EDGE_CURVE('',#2094,#2095,#1224,.T.);
#2616=EDGE_CURVE('',#2095,#2096,#1225,.T.);
#2617=EDGE_CURVE('',#2096,#2093,#1226,.T.);
#2618=EDGE_CURVE('',#2097,#2097,#1851,.T.);
#2619=EDGE_CURVE('',#2098,#2098,#1852,.T.);
#2620=EDGE_CURVE('',#2099,#2099,#1853,.T.);
#2621=EDGE_CURVE('',#2100,#2100,#1854,.T.);
#2622=EDGE_CURVE('',#2101,#2102,#1227,.T.);
#2623=EDGE_CURVE('',#2102,#2103,#1228,.T.);
#2624=EDGE_CURVE('',#2103,#2104,#1229,.T.);
#2625=EDGE_CURVE('',#2104,#2105,#1230,.T.);
#2626=EDGE_CURVE('',#2105,#2106,#237,.T.);
#2627=EDGE_CURVE('',#2106,#2107,#238,.T.);
#2628=EDGE_CURVE('',#2107,#2108,#239,.T.);
#2629=EDGE_CURVE('',#2108,#2109,#240,.T.);
#2630=EDGE_CURVE('',#2109,#2110,#241,.T.);
#2631=EDGE_CURVE('',#2110,#2111,#242,.T.);
#2632=EDGE_CURVE('',#2111,#2101,#1231,.T.);
#2633=EDGE_CURVE('',#2112,#2113,#243,.T.);
#2634=EDGE_CURVE('',#2113,#2114,#244,.T.);
#2635=EDGE_CURVE('',#2114,#2115,#1232,.T.);
#2636=EDGE_CURVE('',#2115,#2116,#245,.T.);
#2637=EDGE_CURVE('',#2116,#2117,#246,.T.);
#2638=EDGE_CURVE('',#2117,#2118,#247,.T.);
#2639=EDGE_CURVE('',#2118,#2119,#248,.T.);
#2640=EDGE_CURVE('',#2119,#2120,#249,.T.);
#2641=EDGE_CURVE('',#2120,#2121,#250,.T.);
#2642=EDGE_CURVE('',#2121,#2122,#251,.T.);
#2643=EDGE_CURVE('',#2122,#2123,#252,.T.);
#2644=EDGE_CURVE('',#2123,#2124,#253,.T.);
#2645=EDGE_CURVE('',#2124,#2125,#254,.T.);
#2646=EDGE_CURVE('',#2125,#2126,#255,.T.);
#2647=EDGE_CURVE('',#2126,#2127,#256,.T.);
#2648=EDGE_CURVE('',#2127,#2128,#257,.T.);
#2649=EDGE_CURVE('',#2128,#2129,#258,.T.);
#2650=EDGE_CURVE('',#2129,#2130,#259,.T.);
#2651=EDGE_CURVE('',#2130,#2131,#260,.T.);
#2652=EDGE_CURVE('',#2131,#2132,#261,.T.);
#2653=EDGE_CURVE('',#2132,#2133,#262,.T.);
#2654=EDGE_CURVE('',#2133,#2134,#1233,.T.);
#2655=EDGE_CURVE('',#2134,#2135,#263,.T.);
#2656=EDGE_CURVE('',#2135,#2136,#264,.T.);
#2657=EDGE_CURVE('',#2136,#2137,#265,.T.);
#2658=EDGE_CURVE('',#2137,#2138,#266,.T.);
#2659=EDGE_CURVE('',#2138,#2139,#267,.T.);
#2660=EDGE_CURVE('',#2139,#2140,#268,.T.);
#2661=EDGE_CURVE('',#2140,#2141,#269,.T.);
#2662=EDGE_CURVE('',#2141,#2142,#270,.T.);
#2663=EDGE_CURVE('',#2142,#2143,#271,.T.);
#2664=EDGE_CURVE('',#2143,#2144,#272,.T.);
#2665=EDGE_CURVE('',#2144,#2145,#273,.T.);
#2666=EDGE_CURVE('',#2145,#2146,#274,.T.);
#2667=EDGE_CURVE('',#2146,#2112,#275,.T.);
#2668=EDGE_CURVE('',#2147,#2148,#1234,.T.);
#2669=EDGE_CURVE('',#2148,#2149,#1235,.T.);
#2670=EDGE_CURVE('',#2149,#2150,#1236,.T.);
#2671=EDGE_CURVE('',#2150,#2151,#1237,.T.);
#2672=EDGE_CURVE('',#2151,#2152,#1238,.T.);
#2673=EDGE_CURVE('',#2152,#2153,#1239,.T.);
#2674=EDGE_CURVE('',#2153,#2154,#1240,.T.);
#2675=EDGE_CURVE('',#2154,#2155,#1241,.T.);
#2676=EDGE_CURVE('',#2155,#2156,#1242,.T.);
#2677=EDGE_CURVE('',#2156,#2157,#1243,.T.);
#2678=EDGE_CURVE('',#2157,#2158,#1244,.T.);
#2679=EDGE_CURVE('',#2158,#2147,#1245,.T.);
#2680=EDGE_CURVE('',#2159,#2160,#1246,.T.);
#2681=EDGE_CURVE('',#2160,#2161,#1247,.T.);
#2682=EDGE_CURVE('',#2161,#2162,#1248,.T.);
#2683=EDGE_CURVE('',#2162,#2159,#1249,.T.);
#2684=EDGE_CURVE('',#2163,#2164,#1250,.T.);
#2685=EDGE_CURVE('',#2165,#2163,#1251,.T.);
#2686=EDGE_CURVE('',#2166,#2165,#1252,.T.);
#2687=EDGE_CURVE('',#2164,#2166,#1253,.T.);
#2688=EDGE_CURVE('',#2167,#2168,#1254,.T.);
#2689=EDGE_CURVE('',#2169,#2167,#1255,.T.);
#2690=EDGE_CURVE('',#2170,#2169,#1256,.T.);
#2691=EDGE_CURVE('',#2168,#2170,#1257,.T.);
#2692=EDGE_CURVE('',#2160,#2163,#1258,.T.);
#2693=EDGE_CURVE('',#2161,#2164,#1259,.T.);
#2694=EDGE_CURVE('',#2162,#2166,#1260,.T.);
#2695=EDGE_CURVE('',#2159,#2165,#1261,.T.);
#2696=EDGE_CURVE('',#2094,#2167,#1262,.T.);
#2697=EDGE_CURVE('',#2095,#2168,#1263,.T.);
#2698=EDGE_CURVE('',#2096,#2170,#1264,.T.);
#2699=EDGE_CURVE('',#2093,#2169,#1265,.T.);
#2700=EDGE_CURVE('',#2171,#2172,#1266,.T.);
#2701=EDGE_CURVE('',#2173,#2171,#1267,.T.);
#2702=EDGE_CURVE('',#2174,#2173,#1268,.T.);
#2703=EDGE_CURVE('',#2175,#2174,#276,.T.);
#2704=EDGE_CURVE('',#2176,#2175,#277,.T.);
#2705=EDGE_CURVE('',#2177,#2176,#278,.T.);
#2706=EDGE_CURVE('',#2178,#2177,#279,.T.);
#2707=EDGE_CURVE('',#2179,#2178,#280,.T.);
#2708=EDGE_CURVE('',#2180,#2179,#281,.T.);
#2709=EDGE_CURVE('',#2181,#2180,#1269,.T.);
#2710=EDGE_CURVE('',#2172,#2181,#1270,.T.);
#2711=EDGE_CURVE('',#2182,#2183,#1271,.T.);
#2712=EDGE_CURVE('',#2184,#2182,#1272,.T.);
#2713=EDGE_CURVE('',#2185,#2184,#282,.T.);
#2714=EDGE_CURVE('',#2186,#2185,#283,.T.);
#2715=EDGE_CURVE('',#2187,#2186,#284,.T.);
#2716=EDGE_CURVE('',#2188,#2187,#285,.T.);
#2717=EDGE_CURVE('',#2189,#2188,#286,.T.);
#2718=EDGE_CURVE('',#2183,#2189,#1273,.T.);
#2719=EDGE_CURVE('',#2102,#2171,#1274,.T.);
#2720=EDGE_CURVE('',#2103,#2172,#1275,.T.);
#2721=EDGE_CURVE('',#2104,#2181,#1276,.T.);
#2722=EDGE_CURVE('',#2105,#2180,#1277,.T.);
#2723=EDGE_CURVE('',#2106,#2179,#1278,.T.);
#2724=EDGE_CURVE('',#2107,#2178,#1279,.T.);
#2725=EDGE_CURVE('',#2108,#2177,#1280,.T.);
#2726=EDGE_CURVE('',#2109,#2176,#1281,.T.);
#2727=EDGE_CURVE('',#2110,#2175,#1282,.T.);
#2728=EDGE_CURVE('',#2111,#2174,#1283,.T.);
#2729=EDGE_CURVE('',#2101,#2173,#1284,.T.);
#2730=EDGE_CURVE('',#2000,#2182,#1285,.T.);
#2731=EDGE_CURVE('',#2001,#2183,#1286,.T.);
#2732=EDGE_CURVE('',#2002,#2189,#1287,.T.);
#2733=EDGE_CURVE('',#2003,#2188,#1288,.T.);
#2734=EDGE_CURVE('',#2004,#2187,#1289,.T.);
#2735=EDGE_CURVE('',#2005,#2186,#1290,.T.);
#2736=EDGE_CURVE('',#2006,#2185,#1291,.T.);
#2737=EDGE_CURVE('',#1999,#2184,#1292,.T.);
#2738=EDGE_CURVE('',#2190,#2191,#287,.T.);
#2739=EDGE_CURVE('',#2192,#2190,#288,.T.);
#2740=EDGE_CURVE('',#2193,#2192,#289,.T.);
#2741=EDGE_CURVE('',#2194,#2193,#290,.T.);
#2742=EDGE_CURVE('',#2195,#2194,#291,.T.);
#2743=EDGE_CURVE('',#2196,#2195,#292,.T.);
#2744=EDGE_CURVE('',#2197,#2196,#293,.T.);
#2745=EDGE_CURVE('',#2198,#2197,#294,.T.);
#2746=EDGE_CURVE('',#2199,#2198,#295,.T.);
#2747=EDGE_CURVE('',#2200,#2199,#296,.T.);
#2748=EDGE_CURVE('',#2201,#2200,#297,.T.);
#2749=EDGE_CURVE('',#2202,#2201,#298,.T.);
#2750=EDGE_CURVE('',#2203,#2202,#299,.T.);
#2751=EDGE_CURVE('',#2204,#2203,#300,.T.);
#2752=EDGE_CURVE('',#2205,#2204,#301,.T.);
#2753=EDGE_CURVE('',#2206,#2205,#1293,.T.);
#2754=EDGE_CURVE('',#2207,#2206,#302,.T.);
#2755=EDGE_CURVE('',#2208,#2207,#303,.T.);
#2756=EDGE_CURVE('',#2209,#2208,#304,.T.);
#2757=EDGE_CURVE('',#2210,#2209,#305,.T.);
#2758=EDGE_CURVE('',#2211,#2210,#306,.T.);
#2759=EDGE_CURVE('',#2212,#2211,#307,.T.);
#2760=EDGE_CURVE('',#2213,#2212,#308,.T.);
#2761=EDGE_CURVE('',#2214,#2213,#309,.T.);
#2762=EDGE_CURVE('',#2215,#2214,#310,.T.);
#2763=EDGE_CURVE('',#2216,#2215,#311,.T.);
#2764=EDGE_CURVE('',#2217,#2216,#312,.T.);
#2765=EDGE_CURVE('',#2218,#2217,#313,.T.);
#2766=EDGE_CURVE('',#2219,#2218,#314,.T.);
#2767=EDGE_CURVE('',#2220,#2219,#315,.T.);
#2768=EDGE_CURVE('',#2221,#2220,#316,.T.);
#2769=EDGE_CURVE('',#2222,#2221,#317,.T.);
#2770=EDGE_CURVE('',#2223,#2222,#318,.T.);
#2771=EDGE_CURVE('',#2224,#2223,#319,.T.);
#2772=EDGE_CURVE('',#2191,#2224,#1294,.T.);
#2773=EDGE_CURVE('',#2113,#2190,#1295,.T.);
#2774=EDGE_CURVE('',#2114,#2191,#1296,.T.);
#2775=EDGE_CURVE('',#2115,#2224,#1297,.T.);
#2776=EDGE_CURVE('',#2116,#2223,#1298,.T.);
#2777=EDGE_CURVE('',#2117,#2222,#1299,.T.);
#2778=EDGE_CURVE('',#2118,#2221,#1300,.T.);
#2779=EDGE_CURVE('',#2119,#2220,#1301,.T.);
#2780=EDGE_CURVE('',#2120,#2219,#1302,.T.);
#2781=EDGE_CURVE('',#2121,#2218,#1303,.T.);
#2782=EDGE_CURVE('',#2122,#2217,#1304,.T.);
#2783=EDGE_CURVE('',#2123,#2216,#1305,.T.);
#2784=EDGE_CURVE('',#2124,#2215,#1306,.T.);
#2785=EDGE_CURVE('',#2125,#2214,#1307,.T.);
#2786=EDGE_CURVE('',#2126,#2213,#1308,.T.);
#2787=EDGE_CURVE('',#2127,#2212,#1309,.T.);
#2788=EDGE_CURVE('',#2128,#2211,#1310,.T.);
#2789=EDGE_CURVE('',#2129,#2210,#1311,.T.);
#2790=EDGE_CURVE('',#2130,#2209,#1312,.T.);
#2791=EDGE_CURVE('',#2131,#2208,#1313,.T.);
#2792=EDGE_CURVE('',#2132,#2207,#1314,.T.);
#2793=EDGE_CURVE('',#2133,#2206,#1315,.T.);
#2794=EDGE_CURVE('',#2134,#2205,#1316,.T.);
#2795=EDGE_CURVE('',#2135,#2204,#1317,.T.);
#2796=EDGE_CURVE('',#2136,#2203,#1318,.T.);
#2797=EDGE_CURVE('',#2137,#2202,#1319,.T.);
#2798=EDGE_CURVE('',#2138,#2201,#1320,.T.);
#2799=EDGE_CURVE('',#2139,#2200,#1321,.T.);
#2800=EDGE_CURVE('',#2140,#2199,#1322,.T.);
#2801=EDGE_CURVE('',#2141,#2198,#1323,.T.);
#2802=EDGE_CURVE('',#2142,#2197,#1324,.T.);
#2803=EDGE_CURVE('',#2143,#2196,#1325,.T.);
#2804=EDGE_CURVE('',#2144,#2195,#1326,.T.);
#2805=EDGE_CURVE('',#2145,#2194,#1327,.T.);
#2806=EDGE_CURVE('',#2146,#2193,#1328,.T.);
#2807=EDGE_CURVE('',#2112,#2192,#1329,.T.);
#2808=EDGE_CURVE('',#2225,#2226,#1330,.T.);
#2809=EDGE_CURVE('',#2227,#2225,#1331,.T.);
#2810=EDGE_CURVE('',#2228,#2227,#1332,.T.);
#2811=EDGE_CURVE('',#2229,#2228,#1333,.T.);
#2812=EDGE_CURVE('',#2230,#2229,#1334,.T.);
#2813=EDGE_CURVE('',#2231,#2230,#1335,.T.);
#2814=EDGE_CURVE('',#2232,#2231,#1336,.T.);
#2815=EDGE_CURVE('',#2233,#2232,#1337,.T.);
#2816=EDGE_CURVE('',#2234,#2233,#1338,.T.);
#2817=EDGE_CURVE('',#2235,#2234,#1339,.T.);
#2818=EDGE_CURVE('',#2236,#2235,#1340,.T.);
#2819=EDGE_CURVE('',#2226,#2236,#1341,.T.);
#2820=EDGE_CURVE('',#2148,#2225,#1342,.T.);
#2821=EDGE_CURVE('',#2149,#2226,#1343,.T.);
#2822=EDGE_CURVE('',#2150,#2236,#1344,.T.);
#2823=EDGE_CURVE('',#2151,#2235,#1345,.T.);
#2824=EDGE_CURVE('',#2152,#2234,#1346,.T.);
#2825=EDGE_CURVE('',#2153,#2233,#1347,.T.);
#2826=EDGE_CURVE('',#2154,#2232,#1348,.T.);
#2827=EDGE_CURVE('',#2155,#2231,#1349,.T.);
#2828=EDGE_CURVE('',#2156,#2230,#1350,.T.);
#2829=EDGE_CURVE('',#2157,#2229,#1351,.T.);
#2830=EDGE_CURVE('',#2158,#2228,#1352,.T.);
#2831=EDGE_CURVE('',#2147,#2227,#1353,.T.);
#2832=EDGE_CURVE('',#2237,#2237,#1855,.T.);
#2833=EDGE_CURVE('',#2238,#2238,#1856,.T.);
#2834=EDGE_CURVE('',#2238,#2099,#1354,.T.);
#2835=EDGE_CURVE('',#2238,#2237,#1355,.T.);
#2836=EDGE_CURVE('',#2239,#2239,#1857,.T.);
#2837=EDGE_CURVE('',#2240,#2240,#1858,.T.);
#2838=EDGE_CURVE('',#2240,#2100,#1356,.T.);
#2839=EDGE_CURVE('',#2240,#2239,#1357,.T.);
#2840=EDGE_CURVE('',#2241,#2241,#1859,.T.);
#2841=EDGE_CURVE('',#2242,#2242,#1860,.T.);
#2842=EDGE_CURVE('',#2242,#2098,#1358,.T.);
#2843=EDGE_CURVE('',#2242,#2241,#1359,.T.);
#2844=EDGE_CURVE('',#2243,#2243,#1861,.T.);
#2845=EDGE_CURVE('',#2244,#2244,#1862,.T.);
#2846=EDGE_CURVE('',#2244,#2097,#1360,.T.);
#2847=EDGE_CURVE('',#2244,#2243,#1361,.T.);
#2848=EDGE_CURVE('',#2245,#2246,#1362,.T.);
#2849=EDGE_CURVE('',#2247,#2245,#1363,.T.);
#2850=EDGE_CURVE('',#2248,#2247,#1364,.T.);
#2851=EDGE_CURVE('',#2246,#2248,#1365,.T.);
#2852=EDGE_CURVE('',#1905,#2249,#1366,.T.);
#2853=EDGE_CURVE('',#1948,#2249,#1367,.T.);
#2854=EDGE_CURVE('',#2249,#1901,#1368,.T.);
#2855=EDGE_CURVE('',#2247,#1901,#1369,.T.);
#2856=EDGE_CURVE('',#2245,#2249,#1370,.T.);
#2857=EDGE_CURVE('',#2248,#1902,#1371,.T.);
#2858=EDGE_CURVE('',#2246,#1905,#1372,.T.);
#2859=EDGE_CURVE('',#2250,#2251,#1373,.T.);
#2860=EDGE_CURVE('',#2252,#2250,#1374,.T.);
#2861=EDGE_CURVE('',#2253,#2252,#1375,.T.);
#2862=EDGE_CURVE('',#2251,#2253,#1376,.T.);
#2863=EDGE_CURVE('',#1911,#2254,#1377,.T.);
#2864=EDGE_CURVE('',#1949,#2254,#1378,.T.);
#2865=EDGE_CURVE('',#2254,#1907,#1379,.T.);
#2866=EDGE_CURVE('',#2252,#1907,#1380,.T.);
#2867=EDGE_CURVE('',#2250,#2254,#1381,.T.);
#2868=EDGE_CURVE('',#2253,#1908,#1382,.T.);
#2869=EDGE_CURVE('',#2251,#1911,#1383,.T.);
#2870=EDGE_CURVE('',#2255,#2256,#1384,.T.);
#2871=EDGE_CURVE('',#2257,#2255,#1385,.T.);
#2872=EDGE_CURVE('',#2258,#2257,#1386,.T.);
#2873=EDGE_CURVE('',#2256,#2258,#1387,.T.);
#2874=EDGE_CURVE('',#1914,#2259,#1388,.T.);
#2875=EDGE_CURVE('',#1950,#2259,#1389,.T.);
#2876=EDGE_CURVE('',#2259,#1917,#1390,.T.);
#2877=EDGE_CURVE('',#2257,#1917,#1391,.T.);
#2878=EDGE_CURVE('',#2255,#2259,#1392,.T.);
#2879=EDGE_CURVE('',#2258,#1913,#1393,.T.);
#2880=EDGE_CURVE('',#2256,#1914,#1394,.T.);
#2881=EDGE_CURVE('',#2260,#2261,#1395,.T.);
#2882=EDGE_CURVE('',#2262,#2260,#1396,.T.);
#2883=EDGE_CURVE('',#2263,#2262,#1397,.T.);
#2884=EDGE_CURVE('',#2261,#2263,#1398,.T.);
#2885=EDGE_CURVE('',#1923,#2264,#1399,.T.);
#2886=EDGE_CURVE('',#1951,#2264,#1400,.T.);
#2887=EDGE_CURVE('',#2264,#1919,#1401,.T.);
#2888=EDGE_CURVE('',#2262,#1919,#1402,.T.);
#2889=EDGE_CURVE('',#2260,#2264,#1403,.T.);
#2890=EDGE_CURVE('',#2263,#1920,#1404,.T.);
#2891=EDGE_CURVE('',#2261,#1923,#1405,.T.);
#2892=EDGE_CURVE('',#2265,#2266,#1406,.T.);
#2893=EDGE_CURVE('',#2267,#2265,#1407,.T.);
#2894=EDGE_CURVE('',#2268,#2267,#1408,.T.);
#2895=EDGE_CURVE('',#2266,#2268,#1409,.T.);
#2896=EDGE_CURVE('',#2269,#2265,#1410,.T.);
#2897=EDGE_CURVE('',#2270,#2269,#1411,.T.);
#2898=EDGE_CURVE('',#2270,#2267,#1412,.T.);
#2899=EDGE_CURVE('',#2271,#2270,#1413,.T.);
#2900=EDGE_CURVE('',#2271,#2268,#1414,.T.);
#2901=EDGE_CURVE('',#2272,#2266,#1415,.T.);
#2902=EDGE_CURVE('',#2269,#2272,#1416,.T.);
#2903=EDGE_CURVE('',#2272,#2271,#1417,.T.);
#2904=EDGE_CURVE('',#1878,#2273,#1418,.T.);
#2905=EDGE_CURVE('',#2274,#1880,#1419,.T.);
#2906=EDGE_CURVE('',#2273,#2274,#1420,.T.);
#2907=EDGE_CURVE('',#2273,#2275,#1421,.T.);
#2908=EDGE_CURVE('',#2276,#2274,#1422,.T.);
#2909=EDGE_CURVE('',#2275,#2276,#1423,.T.);
#2910=EDGE_CURVE('',#2275,#1877,#1424,.T.);
#2911=EDGE_CURVE('',#1879,#2276,#1425,.T.);
#2912=ORIENTED_EDGE('',*,*,#2277,.F.);
#2913=ORIENTED_EDGE('',*,*,#2278,.T.);
#2914=ORIENTED_EDGE('',*,*,#2279,.T.);
#2915=ORIENTED_EDGE('',*,*,#2278,.F.);
#2916=ORIENTED_EDGE('',*,*,#2279,.F.);
#2917=ORIENTED_EDGE('',*,*,#2280,.F.);
#2918=ORIENTED_EDGE('',*,*,#2281,.T.);
#2919=ORIENTED_EDGE('',*,*,#2282,.T.);
#2920=ORIENTED_EDGE('',*,*,#2281,.F.);
#2921=ORIENTED_EDGE('',*,*,#2282,.F.);
#2922=ORIENTED_EDGE('',*,*,#2283,.T.);
#2923=ORIENTED_EDGE('',*,*,#2284,.T.);
#2924=ORIENTED_EDGE('',*,*,#2285,.T.);
#2925=ORIENTED_EDGE('',*,*,#2286,.T.);
#2926=ORIENTED_EDGE('',*,*,#2284,.F.);
#2927=ORIENTED_EDGE('',*,*,#2287,.F.);
#2928=ORIENTED_EDGE('',*,*,#2288,.T.);
#2929=ORIENTED_EDGE('',*,*,#2285,.F.);
#2930=ORIENTED_EDGE('',*,*,#2286,.F.);
#2931=ORIENTED_EDGE('',*,*,#2288,.F.);
#2932=ORIENTED_EDGE('',*,*,#2289,.F.);
#2933=ORIENTED_EDGE('',*,*,#2290,.F.);
#2934=ORIENTED_EDGE('',*,*,#2291,.T.);
#2935=ORIENTED_EDGE('',*,*,#2292,.T.);
#2936=ORIENTED_EDGE('',*,*,#2293,.F.);
#2937=ORIENTED_EDGE('',*,*,#2283,.F.);
#2938=ORIENTED_EDGE('',*,*,#2294,.T.);
#2939=ORIENTED_EDGE('',*,*,#2295,.T.);
#2940=ORIENTED_EDGE('',*,*,#2289,.T.);
#2941=ORIENTED_EDGE('',*,*,#2287,.T.);
#2942=ORIENTED_EDGE('',*,*,#2295,.F.);
#2943=ORIENTED_EDGE('',*,*,#2296,.F.);
#2944=ORIENTED_EDGE('',*,*,#2297,.T.);
#2945=ORIENTED_EDGE('',*,*,#2298,.F.);
#2946=ORIENTED_EDGE('',*,*,#2299,.F.);
#2947=ORIENTED_EDGE('',*,*,#2277,.T.);
#2948=ORIENTED_EDGE('',*,*,#2280,.T.);
#2949=ORIENTED_EDGE('',*,*,#2294,.F.);
#2950=ORIENTED_EDGE('',*,*,#2300,.F.);
#2951=ORIENTED_EDGE('',*,*,#2301,.T.);
#2952=ORIENTED_EDGE('',*,*,#2302,.F.);
#2953=ORIENTED_EDGE('',*,*,#2303,.T.);
#2954=ORIENTED_EDGE('',*,*,#2302,.T.);
#2955=ORIENTED_EDGE('',*,*,#2304,.T.);
#2956=ORIENTED_EDGE('',*,*,#2305,.F.);
#2957=ORIENTED_EDGE('',*,*,#2306,.T.);
#2958=ORIENTED_EDGE('',*,*,#2301,.F.);
#2959=ORIENTED_EDGE('',*,*,#2307,.T.);
#2960=ORIENTED_EDGE('',*,*,#2308,.T.);
#2961=ORIENTED_EDGE('',*,*,#2309,.F.);
#2962=ORIENTED_EDGE('',*,*,#2300,.T.);
#2963=ORIENTED_EDGE('',*,*,#2310,.T.);
#2964=ORIENTED_EDGE('',*,*,#2311,.F.);
#2965=ORIENTED_EDGE('',*,*,#2312,.T.);
#2966=ORIENTED_EDGE('',*,*,#2312,.F.);
#2967=ORIENTED_EDGE('',*,*,#2293,.T.);
#2968=ORIENTED_EDGE('',*,*,#2313,.T.);
#2969=ORIENTED_EDGE('',*,*,#2307,.F.);
#2970=ORIENTED_EDGE('',*,*,#2311,.T.);
#2971=ORIENTED_EDGE('',*,*,#2314,.T.);
#2972=ORIENTED_EDGE('',*,*,#2305,.T.);
#2973=ORIENTED_EDGE('',*,*,#2290,.T.);
#2974=ORIENTED_EDGE('',*,*,#2315,.F.);
#2975=ORIENTED_EDGE('',*,*,#2316,.T.);
#2976=ORIENTED_EDGE('',*,*,#2310,.F.);
#2977=ORIENTED_EDGE('',*,*,#2317,.F.);
#2978=ORIENTED_EDGE('',*,*,#2318,.F.);
#2979=ORIENTED_EDGE('',*,*,#2319,.T.);
#2980=ORIENTED_EDGE('',*,*,#2314,.F.);
#2981=ORIENTED_EDGE('',*,*,#2316,.F.);
#2982=ORIENTED_EDGE('',*,*,#2320,.F.);
#2983=ORIENTED_EDGE('',*,*,#2321,.T.);
#2984=ORIENTED_EDGE('',*,*,#2306,.F.);
#2985=ORIENTED_EDGE('',*,*,#2319,.F.);
#2986=ORIENTED_EDGE('',*,*,#2322,.F.);
#2987=ORIENTED_EDGE('',*,*,#2317,.T.);
#2988=ORIENTED_EDGE('',*,*,#2303,.F.);
#2989=ORIENTED_EDGE('',*,*,#2321,.F.);
#2990=ORIENTED_EDGE('',*,*,#2323,.T.);
#2991=ORIENTED_EDGE('',*,*,#2324,.T.);
#2992=ORIENTED_EDGE('',*,*,#2325,.T.);
#2993=ORIENTED_EDGE('',*,*,#2326,.T.);
#2994=ORIENTED_EDGE('',*,*,#2327,.T.);
#2995=ORIENTED_EDGE('',*,*,#2328,.T.);
#2996=ORIENTED_EDGE('',*,*,#2329,.T.);
#2997=ORIENTED_EDGE('',*,*,#2330,.T.);
#2998=ORIENTED_EDGE('',*,*,#2304,.F.);
#2999=ORIENTED_EDGE('',*,*,#2309,.T.);
#3000=ORIENTED_EDGE('',*,*,#2331,.T.);
#3001=ORIENTED_EDGE('',*,*,#2291,.F.);
#3002=ORIENTED_EDGE('',*,*,#2332,.F.);
#3003=ORIENTED_EDGE('',*,*,#2333,.F.);
#3004=ORIENTED_EDGE('',*,*,#2334,.F.);
#3005=ORIENTED_EDGE('',*,*,#2335,.T.);
#3006=ORIENTED_EDGE('',*,*,#2336,.F.);
#3007=ORIENTED_EDGE('',*,*,#2335,.F.);
#3008=ORIENTED_EDGE('',*,*,#2337,.F.);
#3009=ORIENTED_EDGE('',*,*,#2338,.T.);
#3010=ORIENTED_EDGE('',*,*,#2339,.F.);
#3011=ORIENTED_EDGE('',*,*,#2340,.F.);
#3012=ORIENTED_EDGE('',*,*,#2341,.F.);
#3013=ORIENTED_EDGE('',*,*,#2342,.T.);
#3014=ORIENTED_EDGE('',*,*,#2343,.F.);
#3015=ORIENTED_EDGE('',*,*,#2342,.F.);
#3016=ORIENTED_EDGE('',*,*,#2344,.F.);
#3017=ORIENTED_EDGE('',*,*,#2345,.T.);
#3018=ORIENTED_EDGE('',*,*,#2346,.F.);
#3019=ORIENTED_EDGE('',*,*,#2347,.F.);
#3020=ORIENTED_EDGE('',*,*,#2348,.F.);
#3021=ORIENTED_EDGE('',*,*,#2349,.T.);
#3022=ORIENTED_EDGE('',*,*,#2350,.F.);
#3023=ORIENTED_EDGE('',*,*,#2351,.F.);
#3024=ORIENTED_EDGE('',*,*,#2352,.F.);
#3025=ORIENTED_EDGE('',*,*,#2347,.T.);
#3026=ORIENTED_EDGE('',*,*,#2353,.F.);
#3027=ORIENTED_EDGE('',*,*,#2354,.F.);
#3028=ORIENTED_EDGE('',*,*,#2355,.F.);
#3029=ORIENTED_EDGE('',*,*,#2356,.T.);
#3030=ORIENTED_EDGE('',*,*,#2357,.F.);
#3031=ORIENTED_EDGE('',*,*,#2356,.F.);
#3032=ORIENTED_EDGE('',*,*,#2358,.F.);
#3033=ORIENTED_EDGE('',*,*,#2359,.T.);
#3034=ORIENTED_EDGE('',*,*,#2360,.T.);
#3035=ORIENTED_EDGE('',*,*,#2361,.T.);
#3036=ORIENTED_EDGE('',*,*,#2362,.T.);
#3037=ORIENTED_EDGE('',*,*,#2363,.T.);
#3038=ORIENTED_EDGE('',*,*,#2364,.T.);
#3039=ORIENTED_EDGE('',*,*,#2365,.T.);
#3040=ORIENTED_EDGE('',*,*,#2366,.T.);
#3041=ORIENTED_EDGE('',*,*,#2367,.T.);
#3042=ORIENTED_EDGE('',*,*,#2368,.T.);
#3043=ORIENTED_EDGE('',*,*,#2369,.T.);
#3044=ORIENTED_EDGE('',*,*,#2370,.T.);
#3045=ORIENTED_EDGE('',*,*,#2371,.T.);
#3046=ORIENTED_EDGE('',*,*,#2372,.T.);
#3047=ORIENTED_EDGE('',*,*,#2373,.T.);
#3048=ORIENTED_EDGE('',*,*,#2374,.T.);
#3049=ORIENTED_EDGE('',*,*,#2375,.T.);
#3050=ORIENTED_EDGE('',*,*,#2376,.T.);
#3051=ORIENTED_EDGE('',*,*,#2377,.T.);
#3052=ORIENTED_EDGE('',*,*,#2378,.T.);
#3053=ORIENTED_EDGE('',*,*,#2379,.T.);
#3054=ORIENTED_EDGE('',*,*,#2380,.T.);
#3055=ORIENTED_EDGE('',*,*,#2381,.T.);
#3056=ORIENTED_EDGE('',*,*,#2382,.T.);
#3057=ORIENTED_EDGE('',*,*,#2383,.T.);
#3058=ORIENTED_EDGE('',*,*,#2337,.T.);
#3059=ORIENTED_EDGE('',*,*,#2334,.T.);
#3060=ORIENTED_EDGE('',*,*,#2384,.T.);
#3061=ORIENTED_EDGE('',*,*,#2344,.T.);
#3062=ORIENTED_EDGE('',*,*,#2341,.T.);
#3063=ORIENTED_EDGE('',*,*,#2385,.T.);
#3064=ORIENTED_EDGE('',*,*,#2386,.T.);
#3065=ORIENTED_EDGE('',*,*,#2352,.T.);
#3066=ORIENTED_EDGE('',*,*,#2387,.T.);
#3067=ORIENTED_EDGE('',*,*,#2388,.T.);
#3068=ORIENTED_EDGE('',*,*,#2348,.T.);
#3069=ORIENTED_EDGE('',*,*,#2389,.T.);
#3070=ORIENTED_EDGE('',*,*,#2358,.T.);
#3071=ORIENTED_EDGE('',*,*,#2355,.T.);
#3072=ORIENTED_EDGE('',*,*,#2390,.T.);
#3073=ORIENTED_EDGE('',*,*,#2391,.T.);
#3074=ORIENTED_EDGE('',*,*,#2392,.T.);
#3075=ORIENTED_EDGE('',*,*,#2393,.T.);
#3076=ORIENTED_EDGE('',*,*,#2394,.T.);
#3077=ORIENTED_EDGE('',*,*,#2395,.T.);
#3078=ORIENTED_EDGE('',*,*,#2396,.T.);
#3079=ORIENTED_EDGE('',*,*,#2397,.T.);
#3080=ORIENTED_EDGE('',*,*,#2398,.T.);
#3081=ORIENTED_EDGE('',*,*,#2399,.T.);
#3082=ORIENTED_EDGE('',*,*,#2400,.T.);
#3083=ORIENTED_EDGE('',*,*,#2401,.T.);
#3084=ORIENTED_EDGE('',*,*,#2402,.T.);
#3085=ORIENTED_EDGE('',*,*,#2403,.T.);
#3086=ORIENTED_EDGE('',*,*,#2404,.T.);
#3087=ORIENTED_EDGE('',*,*,#2405,.T.);
#3088=ORIENTED_EDGE('',*,*,#2406,.T.);
#3089=ORIENTED_EDGE('',*,*,#2407,.T.);
#3090=ORIENTED_EDGE('',*,*,#2408,.T.);
#3091=ORIENTED_EDGE('',*,*,#2409,.T.);
#3092=ORIENTED_EDGE('',*,*,#2410,.T.);
#3093=ORIENTED_EDGE('',*,*,#2411,.T.);
#3094=ORIENTED_EDGE('',*,*,#2412,.T.);
#3095=ORIENTED_EDGE('',*,*,#2413,.T.);
#3096=ORIENTED_EDGE('',*,*,#2414,.T.);
#3097=ORIENTED_EDGE('',*,*,#2415,.T.);
#3098=ORIENTED_EDGE('',*,*,#2416,.T.);
#3099=ORIENTED_EDGE('',*,*,#2417,.T.);
#3100=ORIENTED_EDGE('',*,*,#2418,.T.);
#3101=ORIENTED_EDGE('',*,*,#2419,.T.);
#3102=ORIENTED_EDGE('',*,*,#2420,.T.);
#3103=ORIENTED_EDGE('',*,*,#2421,.T.);
#3104=ORIENTED_EDGE('',*,*,#2422,.T.);
#3105=ORIENTED_EDGE('',*,*,#2423,.T.);
#3106=ORIENTED_EDGE('',*,*,#2424,.T.);
#3107=ORIENTED_EDGE('',*,*,#2425,.T.);
#3108=ORIENTED_EDGE('',*,*,#2426,.T.);
#3109=ORIENTED_EDGE('',*,*,#2427,.T.);
#3110=ORIENTED_EDGE('',*,*,#2428,.T.);
#3111=ORIENTED_EDGE('',*,*,#2429,.T.);
#3112=ORIENTED_EDGE('',*,*,#2430,.T.);
#3113=ORIENTED_EDGE('',*,*,#2431,.T.);
#3114=ORIENTED_EDGE('',*,*,#2432,.T.);
#3115=ORIENTED_EDGE('',*,*,#2433,.T.);
#3116=ORIENTED_EDGE('',*,*,#2434,.T.);
#3117=ORIENTED_EDGE('',*,*,#2435,.T.);
#3118=ORIENTED_EDGE('',*,*,#2436,.T.);
#3119=ORIENTED_EDGE('',*,*,#2437,.T.);
#3120=ORIENTED_EDGE('',*,*,#2438,.T.);
#3121=ORIENTED_EDGE('',*,*,#2439,.T.);
#3122=ORIENTED_EDGE('',*,*,#2440,.T.);
#3123=ORIENTED_EDGE('',*,*,#2441,.T.);
#3124=ORIENTED_EDGE('',*,*,#2442,.T.);
#3125=ORIENTED_EDGE('',*,*,#2443,.T.);
#3126=ORIENTED_EDGE('',*,*,#2444,.T.);
#3127=ORIENTED_EDGE('',*,*,#2445,.T.);
#3128=ORIENTED_EDGE('',*,*,#2446,.F.);
#3129=ORIENTED_EDGE('',*,*,#2447,.F.);
#3130=ORIENTED_EDGE('',*,*,#2448,.F.);
#3131=ORIENTED_EDGE('',*,*,#2449,.F.);
#3132=ORIENTED_EDGE('',*,*,#2450,.F.);
#3133=ORIENTED_EDGE('',*,*,#2451,.F.);
#3134=ORIENTED_EDGE('',*,*,#2452,.F.);
#3135=ORIENTED_EDGE('',*,*,#2453,.F.);
#3136=ORIENTED_EDGE('',*,*,#2454,.F.);
#3137=ORIENTED_EDGE('',*,*,#2455,.T.);
#3138=ORIENTED_EDGE('',*,*,#2446,.T.);
#3139=ORIENTED_EDGE('',*,*,#2456,.F.);
#3140=ORIENTED_EDGE('',*,*,#2457,.F.);
#3141=ORIENTED_EDGE('',*,*,#2456,.T.);
#3142=ORIENTED_EDGE('',*,*,#2449,.T.);
#3143=ORIENTED_EDGE('',*,*,#2458,.F.);
#3144=ORIENTED_EDGE('',*,*,#2459,.F.);
#3145=ORIENTED_EDGE('',*,*,#2458,.T.);
#3146=ORIENTED_EDGE('',*,*,#2448,.T.);
#3147=ORIENTED_EDGE('',*,*,#2460,.F.);
#3148=ORIENTED_EDGE('',*,*,#2461,.F.);
#3149=ORIENTED_EDGE('',*,*,#2460,.T.);
#3150=ORIENTED_EDGE('',*,*,#2447,.T.);
#3151=ORIENTED_EDGE('',*,*,#2455,.F.);
#3152=ORIENTED_EDGE('',*,*,#2380,.F.);
#3153=ORIENTED_EDGE('',*,*,#2462,.T.);
#3154=ORIENTED_EDGE('',*,*,#2450,.T.);
#3155=ORIENTED_EDGE('',*,*,#2463,.F.);
#3156=ORIENTED_EDGE('',*,*,#2381,.F.);
#3157=ORIENTED_EDGE('',*,*,#2463,.T.);
#3158=ORIENTED_EDGE('',*,*,#2453,.T.);
#3159=ORIENTED_EDGE('',*,*,#2464,.F.);
#3160=ORIENTED_EDGE('',*,*,#2382,.F.);
#3161=ORIENTED_EDGE('',*,*,#2464,.T.);
#3162=ORIENTED_EDGE('',*,*,#2452,.T.);
#3163=ORIENTED_EDGE('',*,*,#2465,.F.);
#3164=ORIENTED_EDGE('',*,*,#2379,.F.);
#3165=ORIENTED_EDGE('',*,*,#2465,.T.);
#3166=ORIENTED_EDGE('',*,*,#2451,.T.);
#3167=ORIENTED_EDGE('',*,*,#2462,.F.);
#3168=ORIENTED_EDGE('',*,*,#2466,.F.);
#3169=ORIENTED_EDGE('',*,*,#2467,.F.);
#3170=ORIENTED_EDGE('',*,*,#2468,.F.);
#3171=ORIENTED_EDGE('',*,*,#2469,.F.);
#3172=ORIENTED_EDGE('',*,*,#2470,.F.);
#3173=ORIENTED_EDGE('',*,*,#2471,.F.);
#3174=ORIENTED_EDGE('',*,*,#2472,.F.);
#3175=ORIENTED_EDGE('',*,*,#2473,.F.);
#3176=ORIENTED_EDGE('',*,*,#2474,.F.);
#3177=ORIENTED_EDGE('',*,*,#2475,.F.);
#3178=ORIENTED_EDGE('',*,*,#2476,.F.);
#3179=ORIENTED_EDGE('',*,*,#2477,.F.);
#3180=ORIENTED_EDGE('',*,*,#2478,.F.);
#3181=ORIENTED_EDGE('',*,*,#2479,.F.);
#3182=ORIENTED_EDGE('',*,*,#2480,.F.);
#3183=ORIENTED_EDGE('',*,*,#2481,.F.);
#3184=ORIENTED_EDGE('',*,*,#2482,.F.);
#3185=ORIENTED_EDGE('',*,*,#2483,.F.);
#3186=ORIENTED_EDGE('',*,*,#2484,.F.);
#3187=ORIENTED_EDGE('',*,*,#2485,.F.);
#3188=ORIENTED_EDGE('',*,*,#2486,.F.);
#3189=ORIENTED_EDGE('',*,*,#2487,.F.);
#3190=ORIENTED_EDGE('',*,*,#2488,.F.);
#3191=ORIENTED_EDGE('',*,*,#2489,.F.);
#3192=ORIENTED_EDGE('',*,*,#2490,.F.);
#3193=ORIENTED_EDGE('',*,*,#2491,.F.);
#3194=ORIENTED_EDGE('',*,*,#2492,.F.);
#3195=ORIENTED_EDGE('',*,*,#2493,.F.);
#3196=ORIENTED_EDGE('',*,*,#2494,.F.);
#3197=ORIENTED_EDGE('',*,*,#2495,.F.);
#3198=ORIENTED_EDGE('',*,*,#2496,.F.);
#3199=ORIENTED_EDGE('',*,*,#2497,.F.);
#3200=ORIENTED_EDGE('',*,*,#2498,.F.);
#3201=ORIENTED_EDGE('',*,*,#2392,.F.);
#3202=ORIENTED_EDGE('',*,*,#2499,.T.);
#3203=ORIENTED_EDGE('',*,*,#2466,.T.);
#3204=ORIENTED_EDGE('',*,*,#2500,.F.);
#3205=ORIENTED_EDGE('',*,*,#2393,.F.);
#3206=ORIENTED_EDGE('',*,*,#2500,.T.);
#3207=ORIENTED_EDGE('',*,*,#2479,.T.);
#3208=ORIENTED_EDGE('',*,*,#2501,.F.);
#3209=ORIENTED_EDGE('',*,*,#2394,.F.);
#3210=ORIENTED_EDGE('',*,*,#2501,.T.);
#3211=ORIENTED_EDGE('',*,*,#2478,.T.);
#3212=ORIENTED_EDGE('',*,*,#2502,.F.);
#3213=ORIENTED_EDGE('',*,*,#2395,.F.);
#3214=ORIENTED_EDGE('',*,*,#2502,.T.);
#3215=ORIENTED_EDGE('',*,*,#2477,.T.);
#3216=ORIENTED_EDGE('',*,*,#2503,.F.);
#3217=ORIENTED_EDGE('',*,*,#2396,.F.);
#3218=ORIENTED_EDGE('',*,*,#2503,.T.);
#3219=ORIENTED_EDGE('',*,*,#2476,.T.);
#3220=ORIENTED_EDGE('',*,*,#2504,.F.);
#3221=ORIENTED_EDGE('',*,*,#2397,.F.);
#3222=ORIENTED_EDGE('',*,*,#2504,.T.);
#3223=ORIENTED_EDGE('',*,*,#2475,.T.);
#3224=ORIENTED_EDGE('',*,*,#2505,.F.);
#3225=ORIENTED_EDGE('',*,*,#2398,.F.);
#3226=ORIENTED_EDGE('',*,*,#2505,.T.);
#3227=ORIENTED_EDGE('',*,*,#2474,.T.);
#3228=ORIENTED_EDGE('',*,*,#2506,.F.);
#3229=ORIENTED_EDGE('',*,*,#2399,.F.);
#3230=ORIENTED_EDGE('',*,*,#2506,.T.);
#3231=ORIENTED_EDGE('',*,*,#2473,.T.);
#3232=ORIENTED_EDGE('',*,*,#2507,.F.);
#3233=ORIENTED_EDGE('',*,*,#2400,.F.);
#3234=ORIENTED_EDGE('',*,*,#2507,.T.);
#3235=ORIENTED_EDGE('',*,*,#2472,.T.);
#3236=ORIENTED_EDGE('',*,*,#2508,.F.);
#3237=ORIENTED_EDGE('',*,*,#2401,.F.);
#3238=ORIENTED_EDGE('',*,*,#2508,.T.);
#3239=ORIENTED_EDGE('',*,*,#2471,.T.);
#3240=ORIENTED_EDGE('',*,*,#2509,.F.);
#3241=ORIENTED_EDGE('',*,*,#2402,.F.);
#3242=ORIENTED_EDGE('',*,*,#2509,.T.);
#3243=ORIENTED_EDGE('',*,*,#2470,.T.);
#3244=ORIENTED_EDGE('',*,*,#2510,.F.);
#3245=ORIENTED_EDGE('',*,*,#2403,.F.);
#3246=ORIENTED_EDGE('',*,*,#2510,.T.);
#3247=ORIENTED_EDGE('',*,*,#2469,.T.);
#3248=ORIENTED_EDGE('',*,*,#2511,.F.);
#3249=ORIENTED_EDGE('',*,*,#2404,.F.);
#3250=ORIENTED_EDGE('',*,*,#2511,.T.);
#3251=ORIENTED_EDGE('',*,*,#2468,.T.);
#3252=ORIENTED_EDGE('',*,*,#2512,.F.);
#3253=ORIENTED_EDGE('',*,*,#2391,.F.);
#3254=ORIENTED_EDGE('',*,*,#2512,.T.);
#3255=ORIENTED_EDGE('',*,*,#2467,.T.);
#3256=ORIENTED_EDGE('',*,*,#2499,.F.);
#3257=ORIENTED_EDGE('',*,*,#2370,.F.);
#3258=ORIENTED_EDGE('',*,*,#2513,.T.);
#3259=ORIENTED_EDGE('',*,*,#2480,.T.);
#3260=ORIENTED_EDGE('',*,*,#2514,.F.);
#3261=ORIENTED_EDGE('',*,*,#2371,.F.);
#3262=ORIENTED_EDGE('',*,*,#2514,.T.);
#3263=ORIENTED_EDGE('',*,*,#2489,.T.);
#3264=ORIENTED_EDGE('',*,*,#2515,.F.);
#3265=ORIENTED_EDGE('',*,*,#2372,.F.);
#3266=ORIENTED_EDGE('',*,*,#2515,.T.);
#3267=ORIENTED_EDGE('',*,*,#2488,.T.);
#3268=ORIENTED_EDGE('',*,*,#2516,.F.);
#3269=ORIENTED_EDGE('',*,*,#2373,.F.);
#3270=ORIENTED_EDGE('',*,*,#2516,.T.);
#3271=ORIENTED_EDGE('',*,*,#2487,.T.);
#3272=ORIENTED_EDGE('',*,*,#2517,.F.);
#3273=ORIENTED_EDGE('',*,*,#2374,.F.);
#3274=ORIENTED_EDGE('',*,*,#2517,.T.);
#3275=ORIENTED_EDGE('',*,*,#2486,.T.);
#3276=ORIENTED_EDGE('',*,*,#2518,.F.);
#3277=ORIENTED_EDGE('',*,*,#2375,.F.);
#3278=ORIENTED_EDGE('',*,*,#2518,.T.);
#3279=ORIENTED_EDGE('',*,*,#2485,.T.);
#3280=ORIENTED_EDGE('',*,*,#2519,.F.);
#3281=ORIENTED_EDGE('',*,*,#2376,.F.);
#3282=ORIENTED_EDGE('',*,*,#2519,.T.);
#3283=ORIENTED_EDGE('',*,*,#2484,.T.);
#3284=ORIENTED_EDGE('',*,*,#2520,.F.);
#3285=ORIENTED_EDGE('',*,*,#2377,.F.);
#3286=ORIENTED_EDGE('',*,*,#2520,.T.);
#3287=ORIENTED_EDGE('',*,*,#2483,.T.);
#3288=ORIENTED_EDGE('',*,*,#2521,.F.);
#3289=ORIENTED_EDGE('',*,*,#2378,.F.);
#3290=ORIENTED_EDGE('',*,*,#2521,.T.);
#3291=ORIENTED_EDGE('',*,*,#2482,.T.);
#3292=ORIENTED_EDGE('',*,*,#2522,.F.);
#3293=ORIENTED_EDGE('',*,*,#2369,.F.);
#3294=ORIENTED_EDGE('',*,*,#2522,.T.);
#3295=ORIENTED_EDGE('',*,*,#2481,.T.);
#3296=ORIENTED_EDGE('',*,*,#2513,.F.);
#3297=ORIENTED_EDGE('',*,*,#2361,.F.);
#3298=ORIENTED_EDGE('',*,*,#2523,.T.);
#3299=ORIENTED_EDGE('',*,*,#2490,.T.);
#3300=ORIENTED_EDGE('',*,*,#2524,.F.);
#3301=ORIENTED_EDGE('',*,*,#2362,.F.);
#3302=ORIENTED_EDGE('',*,*,#2524,.T.);
#3303=ORIENTED_EDGE('',*,*,#2498,.T.);
#3304=ORIENTED_EDGE('',*,*,#2525,.F.);
#3305=ORIENTED_EDGE('',*,*,#2363,.F.);
#3306=ORIENTED_EDGE('',*,*,#2525,.T.);
#3307=ORIENTED_EDGE('',*,*,#2497,.T.);
#3308=ORIENTED_EDGE('',*,*,#2526,.F.);
#3309=ORIENTED_EDGE('',*,*,#2364,.F.);
#3310=ORIENTED_EDGE('',*,*,#2526,.T.);
#3311=ORIENTED_EDGE('',*,*,#2496,.T.);
#3312=ORIENTED_EDGE('',*,*,#2527,.F.);
#3313=ORIENTED_EDGE('',*,*,#2365,.F.);
#3314=ORIENTED_EDGE('',*,*,#2527,.T.);
#3315=ORIENTED_EDGE('',*,*,#2495,.T.);
#3316=ORIENTED_EDGE('',*,*,#2528,.F.);
#3317=ORIENTED_EDGE('',*,*,#2366,.F.);
#3318=ORIENTED_EDGE('',*,*,#2528,.T.);
#3319=ORIENTED_EDGE('',*,*,#2494,.T.);
#3320=ORIENTED_EDGE('',*,*,#2529,.F.);
#3321=ORIENTED_EDGE('',*,*,#2367,.F.);
#3322=ORIENTED_EDGE('',*,*,#2529,.T.);
#3323=ORIENTED_EDGE('',*,*,#2493,.T.);
#3324=ORIENTED_EDGE('',*,*,#2530,.F.);
#3325=ORIENTED_EDGE('',*,*,#2368,.F.);
#3326=ORIENTED_EDGE('',*,*,#2530,.T.);
#3327=ORIENTED_EDGE('',*,*,#2492,.T.);
#3328=ORIENTED_EDGE('',*,*,#2531,.F.);
#3329=ORIENTED_EDGE('',*,*,#2360,.F.);
#3330=ORIENTED_EDGE('',*,*,#2531,.T.);
#3331=ORIENTED_EDGE('',*,*,#2491,.T.);
#3332=ORIENTED_EDGE('',*,*,#2523,.F.);
#3333=ORIENTED_EDGE('',*,*,#2532,.F.);
#3334=ORIENTED_EDGE('',*,*,#2533,.F.);
#3335=ORIENTED_EDGE('',*,*,#2534,.F.);
#3336=ORIENTED_EDGE('',*,*,#2535,.F.);
#3337=ORIENTED_EDGE('',*,*,#2536,.F.);
#3338=ORIENTED_EDGE('',*,*,#2537,.F.);
#3339=ORIENTED_EDGE('',*,*,#2538,.F.);
#3340=ORIENTED_EDGE('',*,*,#2539,.F.);
#3341=ORIENTED_EDGE('',*,*,#2540,.F.);
#3342=ORIENTED_EDGE('',*,*,#2541,.F.);
#3343=ORIENTED_EDGE('',*,*,#2542,.F.);
#3344=ORIENTED_EDGE('',*,*,#2543,.F.);
#3345=ORIENTED_EDGE('',*,*,#2544,.F.);
#3346=ORIENTED_EDGE('',*,*,#2545,.F.);
#3347=ORIENTED_EDGE('',*,*,#2546,.F.);
#3348=ORIENTED_EDGE('',*,*,#2547,.F.);
#3349=ORIENTED_EDGE('',*,*,#2548,.F.);
#3350=ORIENTED_EDGE('',*,*,#2549,.F.);
#3351=ORIENTED_EDGE('',*,*,#2550,.F.);
#3352=ORIENTED_EDGE('',*,*,#2551,.F.);
#3353=ORIENTED_EDGE('',*,*,#2552,.F.);
#3354=ORIENTED_EDGE('',*,*,#2553,.F.);
#3355=ORIENTED_EDGE('',*,*,#2406,.F.);
#3356=ORIENTED_EDGE('',*,*,#2554,.T.);
#3357=ORIENTED_EDGE('',*,*,#2532,.T.);
#3358=ORIENTED_EDGE('',*,*,#2555,.F.);
#3359=ORIENTED_EDGE('',*,*,#2407,.F.);
#3360=ORIENTED_EDGE('',*,*,#2555,.T.);
#3361=ORIENTED_EDGE('',*,*,#2553,.T.);
#3362=ORIENTED_EDGE('',*,*,#2556,.F.);
#3363=ORIENTED_EDGE('',*,*,#2408,.F.);
#3364=ORIENTED_EDGE('',*,*,#2556,.T.);
#3365=ORIENTED_EDGE('',*,*,#2552,.T.);
#3366=ORIENTED_EDGE('',*,*,#2557,.F.);
#3367=ORIENTED_EDGE('',*,*,#2409,.F.);
#3368=ORIENTED_EDGE('',*,*,#2557,.T.);
#3369=ORIENTED_EDGE('',*,*,#2551,.T.);
#3370=ORIENTED_EDGE('',*,*,#2558,.F.);
#3371=ORIENTED_EDGE('',*,*,#2410,.F.);
#3372=ORIENTED_EDGE('',*,*,#2558,.T.);
#3373=ORIENTED_EDGE('',*,*,#2550,.T.);
#3374=ORIENTED_EDGE('',*,*,#2559,.F.);
#3375=ORIENTED_EDGE('',*,*,#2411,.F.);
#3376=ORIENTED_EDGE('',*,*,#2559,.T.);
#3377=ORIENTED_EDGE('',*,*,#2549,.T.);
#3378=ORIENTED_EDGE('',*,*,#2560,.F.);
#3379=ORIENTED_EDGE('',*,*,#2412,.F.);
#3380=ORIENTED_EDGE('',*,*,#2560,.T.);
#3381=ORIENTED_EDGE('',*,*,#2548,.T.);
#3382=ORIENTED_EDGE('',*,*,#2561,.F.);
#3383=ORIENTED_EDGE('',*,*,#2413,.F.);
#3384=ORIENTED_EDGE('',*,*,#2561,.T.);
#3385=ORIENTED_EDGE('',*,*,#2547,.T.);
#3386=ORIENTED_EDGE('',*,*,#2562,.F.);
#3387=ORIENTED_EDGE('',*,*,#2414,.F.);
#3388=ORIENTED_EDGE('',*,*,#2562,.T.);
#3389=ORIENTED_EDGE('',*,*,#2546,.T.);
#3390=ORIENTED_EDGE('',*,*,#2563,.F.);
#3391=ORIENTED_EDGE('',*,*,#2415,.F.);
#3392=ORIENTED_EDGE('',*,*,#2563,.T.);
#3393=ORIENTED_EDGE('',*,*,#2545,.T.);
#3394=ORIENTED_EDGE('',*,*,#2564,.F.);
#3395=ORIENTED_EDGE('',*,*,#2416,.F.);
#3396=ORIENTED_EDGE('',*,*,#2564,.T.);
#3397=ORIENTED_EDGE('',*,*,#2544,.T.);
#3398=ORIENTED_EDGE('',*,*,#2565,.F.);
#3399=ORIENTED_EDGE('',*,*,#2417,.F.);
#3400=ORIENTED_EDGE('',*,*,#2565,.T.);
#3401=ORIENTED_EDGE('',*,*,#2543,.T.);
#3402=ORIENTED_EDGE('',*,*,#2566,.F.);
#3403=ORIENTED_EDGE('',*,*,#2418,.F.);
#3404=ORIENTED_EDGE('',*,*,#2566,.T.);
#3405=ORIENTED_EDGE('',*,*,#2542,.T.);
#3406=ORIENTED_EDGE('',*,*,#2567,.F.);
#3407=ORIENTED_EDGE('',*,*,#2419,.F.);
#3408=ORIENTED_EDGE('',*,*,#2567,.T.);
#3409=ORIENTED_EDGE('',*,*,#2541,.T.);
#3410=ORIENTED_EDGE('',*,*,#2568,.F.);
#3411=ORIENTED_EDGE('',*,*,#2420,.F.);
#3412=ORIENTED_EDGE('',*,*,#2568,.T.);
#3413=ORIENTED_EDGE('',*,*,#2540,.T.);
#3414=ORIENTED_EDGE('',*,*,#2569,.F.);
#3415=ORIENTED_EDGE('',*,*,#2421,.F.);
#3416=ORIENTED_EDGE('',*,*,#2569,.T.);
#3417=ORIENTED_EDGE('',*,*,#2539,.T.);
#3418=ORIENTED_EDGE('',*,*,#2570,.F.);
#3419=ORIENTED_EDGE('',*,*,#2422,.F.);
#3420=ORIENTED_EDGE('',*,*,#2570,.T.);
#3421=ORIENTED_EDGE('',*,*,#2538,.T.);
#3422=ORIENTED_EDGE('',*,*,#2571,.F.);
#3423=ORIENTED_EDGE('',*,*,#2423,.F.);
#3424=ORIENTED_EDGE('',*,*,#2571,.T.);
#3425=ORIENTED_EDGE('',*,*,#2537,.T.);
#3426=ORIENTED_EDGE('',*,*,#2572,.F.);
#3427=ORIENTED_EDGE('',*,*,#2424,.F.);
#3428=ORIENTED_EDGE('',*,*,#2572,.T.);
#3429=ORIENTED_EDGE('',*,*,#2536,.T.);
#3430=ORIENTED_EDGE('',*,*,#2573,.F.);
#3431=ORIENTED_EDGE('',*,*,#2425,.F.);
#3432=ORIENTED_EDGE('',*,*,#2573,.T.);
#3433=ORIENTED_EDGE('',*,*,#2535,.T.);
#3434=ORIENTED_EDGE('',*,*,#2574,.F.);
#3435=ORIENTED_EDGE('',*,*,#2426,.F.);
#3436=ORIENTED_EDGE('',*,*,#2574,.T.);
#3437=ORIENTED_EDGE('',*,*,#2534,.T.);
#3438=ORIENTED_EDGE('',*,*,#2575,.F.);
#3439=ORIENTED_EDGE('',*,*,#2405,.F.);
#3440=ORIENTED_EDGE('',*,*,#2575,.T.);
#3441=ORIENTED_EDGE('',*,*,#2533,.T.);
#3442=ORIENTED_EDGE('',*,*,#2554,.F.);
#3443=ORIENTED_EDGE('',*,*,#2576,.F.);
#3444=ORIENTED_EDGE('',*,*,#2577,.F.);
#3445=ORIENTED_EDGE('',*,*,#2578,.F.);
#3446=ORIENTED_EDGE('',*,*,#2579,.F.);
#3447=ORIENTED_EDGE('',*,*,#2580,.F.);
#3448=ORIENTED_EDGE('',*,*,#2581,.F.);
#3449=ORIENTED_EDGE('',*,*,#2582,.F.);
#3450=ORIENTED_EDGE('',*,*,#2583,.F.);
#3451=ORIENTED_EDGE('',*,*,#2584,.F.);
#3452=ORIENTED_EDGE('',*,*,#2585,.F.);
#3453=ORIENTED_EDGE('',*,*,#2586,.F.);
#3454=ORIENTED_EDGE('',*,*,#2587,.F.);
#3455=ORIENTED_EDGE('',*,*,#2588,.F.);
#3456=ORIENTED_EDGE('',*,*,#2589,.F.);
#3457=ORIENTED_EDGE('',*,*,#2590,.F.);
#3458=ORIENTED_EDGE('',*,*,#2591,.F.);
#3459=ORIENTED_EDGE('',*,*,#2592,.F.);
#3460=ORIENTED_EDGE('',*,*,#2593,.F.);
#3461=ORIENTED_EDGE('',*,*,#2594,.F.);
#3462=ORIENTED_EDGE('',*,*,#2428,.F.);
#3463=ORIENTED_EDGE('',*,*,#2595,.T.);
#3464=ORIENTED_EDGE('',*,*,#2576,.T.);
#3465=ORIENTED_EDGE('',*,*,#2596,.F.);
#3466=ORIENTED_EDGE('',*,*,#2429,.F.);
#3467=ORIENTED_EDGE('',*,*,#2596,.T.);
#3468=ORIENTED_EDGE('',*,*,#2586,.T.);
#3469=ORIENTED_EDGE('',*,*,#2597,.F.);
#3470=ORIENTED_EDGE('',*,*,#2430,.F.);
#3471=ORIENTED_EDGE('',*,*,#2597,.T.);
#3472=ORIENTED_EDGE('',*,*,#2585,.T.);
#3473=ORIENTED_EDGE('',*,*,#2598,.F.);
#3474=ORIENTED_EDGE('',*,*,#2431,.F.);
#3475=ORIENTED_EDGE('',*,*,#2598,.T.);
#3476=ORIENTED_EDGE('',*,*,#2584,.T.);
#3477=ORIENTED_EDGE('',*,*,#2599,.F.);
#3478=ORIENTED_EDGE('',*,*,#2432,.F.);
#3479=ORIENTED_EDGE('',*,*,#2599,.T.);
#3480=ORIENTED_EDGE('',*,*,#2583,.T.);
#3481=ORIENTED_EDGE('',*,*,#2600,.F.);
#3482=ORIENTED_EDGE('',*,*,#2433,.F.);
#3483=ORIENTED_EDGE('',*,*,#2600,.T.);
#3484=ORIENTED_EDGE('',*,*,#2582,.T.);
#3485=ORIENTED_EDGE('',*,*,#2601,.F.);
#3486=ORIENTED_EDGE('',*,*,#2434,.F.);
#3487=ORIENTED_EDGE('',*,*,#2601,.T.);
#3488=ORIENTED_EDGE('',*,*,#2581,.T.);
#3489=ORIENTED_EDGE('',*,*,#2602,.F.);
#3490=ORIENTED_EDGE('',*,*,#2435,.F.);
#3491=ORIENTED_EDGE('',*,*,#2602,.T.);
#3492=ORIENTED_EDGE('',*,*,#2580,.T.);
#3493=ORIENTED_EDGE('',*,*,#2603,.F.);
#3494=ORIENTED_EDGE('',*,*,#2436,.F.);
#3495=ORIENTED_EDGE('',*,*,#2603,.T.);
#3496=ORIENTED_EDGE('',*,*,#2579,.T.);
#3497=ORIENTED_EDGE('',*,*,#2604,.F.);
#3498=ORIENTED_EDGE('',*,*,#2437,.F.);
#3499=ORIENTED_EDGE('',*,*,#2604,.T.);
#3500=ORIENTED_EDGE('',*,*,#2578,.T.);
#3501=ORIENTED_EDGE('',*,*,#2605,.F.);
#3502=ORIENTED_EDGE('',*,*,#2427,.F.);
#3503=ORIENTED_EDGE('',*,*,#2605,.T.);
#3504=ORIENTED_EDGE('',*,*,#2577,.T.);
#3505=ORIENTED_EDGE('',*,*,#2595,.F.);
#3506=ORIENTED_EDGE('',*,*,#2324,.F.);
#3507=ORIENTED_EDGE('',*,*,#2606,.T.);
#3508=ORIENTED_EDGE('',*,*,#2587,.T.);
#3509=ORIENTED_EDGE('',*,*,#2607,.F.);
#3510=ORIENTED_EDGE('',*,*,#2325,.F.);
#3511=ORIENTED_EDGE('',*,*,#2607,.T.);
#3512=ORIENTED_EDGE('',*,*,#2594,.T.);
#3513=ORIENTED_EDGE('',*,*,#2608,.F.);
#3514=ORIENTED_EDGE('',*,*,#2326,.F.);
#3515=ORIENTED_EDGE('',*,*,#2608,.T.);
#3516=ORIENTED_EDGE('',*,*,#2593,.T.);
#3517=ORIENTED_EDGE('',*,*,#2609,.F.);
#3518=ORIENTED_EDGE('',*,*,#2327,.F.);
#3519=ORIENTED_EDGE('',*,*,#2609,.T.);
#3520=ORIENTED_EDGE('',*,*,#2592,.T.);
#3521=ORIENTED_EDGE('',*,*,#2610,.F.);
#3522=ORIENTED_EDGE('',*,*,#2328,.F.);
#3523=ORIENTED_EDGE('',*,*,#2610,.T.);
#3524=ORIENTED_EDGE('',*,*,#2591,.T.);
#3525=ORIENTED_EDGE('',*,*,#2611,.F.);
#3526=ORIENTED_EDGE('',*,*,#2329,.F.);
#3527=ORIENTED_EDGE('',*,*,#2611,.T.);
#3528=ORIENTED_EDGE('',*,*,#2590,.T.);
#3529=ORIENTED_EDGE('',*,*,#2612,.F.);
#3530=ORIENTED_EDGE('',*,*,#2330,.F.);
#3531=ORIENTED_EDGE('',*,*,#2612,.T.);
#3532=ORIENTED_EDGE('',*,*,#2589,.T.);
#3533=ORIENTED_EDGE('',*,*,#2613,.F.);
#3534=ORIENTED_EDGE('',*,*,#2323,.F.);
#3535=ORIENTED_EDGE('',*,*,#2613,.T.);
#3536=ORIENTED_EDGE('',*,*,#2588,.T.);
#3537=ORIENTED_EDGE('',*,*,#2606,.F.);
#3538=ORIENTED_EDGE('',*,*,#2614,.T.);
#3539=ORIENTED_EDGE('',*,*,#2615,.T.);
#3540=ORIENTED_EDGE('',*,*,#2616,.T.);
#3541=ORIENTED_EDGE('',*,*,#2617,.T.);
#3542=ORIENTED_EDGE('',*,*,#2618,.T.);
#3543=ORIENTED_EDGE('',*,*,#2619,.T.);
#3544=ORIENTED_EDGE('',*,*,#2620,.T.);
#3545=ORIENTED_EDGE('',*,*,#2621,.T.);
#3546=ORIENTED_EDGE('',*,*,#2622,.T.);
#3547=ORIENTED_EDGE('',*,*,#2623,.T.);
#3548=ORIENTED_EDGE('',*,*,#2624,.T.);
#3549=ORIENTED_EDGE('',*,*,#2625,.T.);
#3550=ORIENTED_EDGE('',*,*,#2626,.T.);
#3551=ORIENTED_EDGE('',*,*,#2627,.T.);
#3552=ORIENTED_EDGE('',*,*,#2628,.T.);
#3553=ORIENTED_EDGE('',*,*,#2629,.T.);
#3554=ORIENTED_EDGE('',*,*,#2630,.T.);
#3555=ORIENTED_EDGE('',*,*,#2631,.T.);
#3556=ORIENTED_EDGE('',*,*,#2632,.T.);
#3557=ORIENTED_EDGE('',*,*,#2633,.T.);
#3558=ORIENTED_EDGE('',*,*,#2634,.T.);
#3559=ORIENTED_EDGE('',*,*,#2635,.T.);
#3560=ORIENTED_EDGE('',*,*,#2636,.T.);
#3561=ORIENTED_EDGE('',*,*,#2637,.T.);
#3562=ORIENTED_EDGE('',*,*,#2638,.T.);
#3563=ORIENTED_EDGE('',*,*,#2639,.T.);
#3564=ORIENTED_EDGE('',*,*,#2640,.T.);
#3565=ORIENTED_EDGE('',*,*,#2641,.T.);
#3566=ORIENTED_EDGE('',*,*,#2642,.T.);
#3567=ORIENTED_EDGE('',*,*,#2643,.T.);
#3568=ORIENTED_EDGE('',*,*,#2644,.T.);
#3569=ORIENTED_EDGE('',*,*,#2645,.T.);
#3570=ORIENTED_EDGE('',*,*,#2646,.T.);
#3571=ORIENTED_EDGE('',*,*,#2647,.T.);
#3572=ORIENTED_EDGE('',*,*,#2648,.T.);
#3573=ORIENTED_EDGE('',*,*,#2649,.T.);
#3574=ORIENTED_EDGE('',*,*,#2650,.T.);
#3575=ORIENTED_EDGE('',*,*,#2651,.T.);
#3576=ORIENTED_EDGE('',*,*,#2652,.T.);
#3577=ORIENTED_EDGE('',*,*,#2653,.T.);
#3578=ORIENTED_EDGE('',*,*,#2654,.T.);
#3579=ORIENTED_EDGE('',*,*,#2655,.T.);
#3580=ORIENTED_EDGE('',*,*,#2656,.T.);
#3581=ORIENTED_EDGE('',*,*,#2657,.T.);
#3582=ORIENTED_EDGE('',*,*,#2658,.T.);
#3583=ORIENTED_EDGE('',*,*,#2659,.T.);
#3584=ORIENTED_EDGE('',*,*,#2660,.T.);
#3585=ORIENTED_EDGE('',*,*,#2661,.T.);
#3586=ORIENTED_EDGE('',*,*,#2662,.T.);
#3587=ORIENTED_EDGE('',*,*,#2663,.T.);
#3588=ORIENTED_EDGE('',*,*,#2664,.T.);
#3589=ORIENTED_EDGE('',*,*,#2665,.T.);
#3590=ORIENTED_EDGE('',*,*,#2666,.T.);
#3591=ORIENTED_EDGE('',*,*,#2667,.T.);
#3592=ORIENTED_EDGE('',*,*,#2668,.T.);
#3593=ORIENTED_EDGE('',*,*,#2669,.T.);
#3594=ORIENTED_EDGE('',*,*,#2670,.T.);
#3595=ORIENTED_EDGE('',*,*,#2671,.T.);
#3596=ORIENTED_EDGE('',*,*,#2672,.T.);
#3597=ORIENTED_EDGE('',*,*,#2673,.T.);
#3598=ORIENTED_EDGE('',*,*,#2674,.T.);
#3599=ORIENTED_EDGE('',*,*,#2675,.T.);
#3600=ORIENTED_EDGE('',*,*,#2676,.T.);
#3601=ORIENTED_EDGE('',*,*,#2677,.T.);
#3602=ORIENTED_EDGE('',*,*,#2678,.T.);
#3603=ORIENTED_EDGE('',*,*,#2679,.T.);
#3604=ORIENTED_EDGE('',*,*,#2308,.F.);
#3605=ORIENTED_EDGE('',*,*,#2313,.F.);
#3606=ORIENTED_EDGE('',*,*,#2292,.F.);
#3607=ORIENTED_EDGE('',*,*,#2331,.F.);
#3608=ORIENTED_EDGE('',*,*,#2680,.T.);
#3609=ORIENTED_EDGE('',*,*,#2681,.T.);
#3610=ORIENTED_EDGE('',*,*,#2682,.T.);
#3611=ORIENTED_EDGE('',*,*,#2683,.T.);
#3612=ORIENTED_EDGE('',*,*,#2461,.T.);
#3613=ORIENTED_EDGE('',*,*,#2454,.T.);
#3614=ORIENTED_EDGE('',*,*,#2457,.T.);
#3615=ORIENTED_EDGE('',*,*,#2459,.T.);
#3616=ORIENTED_EDGE('',*,*,#2684,.F.);
#3617=ORIENTED_EDGE('',*,*,#2685,.F.);
#3618=ORIENTED_EDGE('',*,*,#2686,.F.);
#3619=ORIENTED_EDGE('',*,*,#2687,.F.);
#3620=ORIENTED_EDGE('',*,*,#2688,.F.);
#3621=ORIENTED_EDGE('',*,*,#2689,.F.);
#3622=ORIENTED_EDGE('',*,*,#2690,.F.);
#3623=ORIENTED_EDGE('',*,*,#2691,.F.);
#3624=ORIENTED_EDGE('',*,*,#2681,.F.);
#3625=ORIENTED_EDGE('',*,*,#2692,.T.);
#3626=ORIENTED_EDGE('',*,*,#2684,.T.);
#3627=ORIENTED_EDGE('',*,*,#2693,.F.);
#3628=ORIENTED_EDGE('',*,*,#2682,.F.);
#3629=ORIENTED_EDGE('',*,*,#2693,.T.);
#3630=ORIENTED_EDGE('',*,*,#2687,.T.);
#3631=ORIENTED_EDGE('',*,*,#2694,.F.);
#3632=ORIENTED_EDGE('',*,*,#2683,.F.);
#3633=ORIENTED_EDGE('',*,*,#2694,.T.);
#3634=ORIENTED_EDGE('',*,*,#2686,.T.);
#3635=ORIENTED_EDGE('',*,*,#2695,.F.);
#3636=ORIENTED_EDGE('',*,*,#2680,.F.);
#3637=ORIENTED_EDGE('',*,*,#2695,.T.);
#3638=ORIENTED_EDGE('',*,*,#2685,.T.);
#3639=ORIENTED_EDGE('',*,*,#2692,.F.);
#3640=ORIENTED_EDGE('',*,*,#2615,.F.);
#3641=ORIENTED_EDGE('',*,*,#2696,.T.);
#3642=ORIENTED_EDGE('',*,*,#2688,.T.);
#3643=ORIENTED_EDGE('',*,*,#2697,.F.);
#3644=ORIENTED_EDGE('',*,*,#2616,.F.);
#3645=ORIENTED_EDGE('',*,*,#2697,.T.);
#3646=ORIENTED_EDGE('',*,*,#2691,.T.);
#3647=ORIENTED_EDGE('',*,*,#2698,.F.);
#3648=ORIENTED_EDGE('',*,*,#2617,.F.);
#3649=ORIENTED_EDGE('',*,*,#2698,.T.);
#3650=ORIENTED_EDGE('',*,*,#2690,.T.);
#3651=ORIENTED_EDGE('',*,*,#2699,.F.);
#3652=ORIENTED_EDGE('',*,*,#2614,.F.);
#3653=ORIENTED_EDGE('',*,*,#2699,.T.);
#3654=ORIENTED_EDGE('',*,*,#2689,.T.);
#3655=ORIENTED_EDGE('',*,*,#2696,.F.);
#3656=ORIENTED_EDGE('',*,*,#2700,.F.);
#3657=ORIENTED_EDGE('',*,*,#2701,.F.);
#3658=ORIENTED_EDGE('',*,*,#2702,.F.);
#3659=ORIENTED_EDGE('',*,*,#2703,.F.);
#3660=ORIENTED_EDGE('',*,*,#2704,.F.);
#3661=ORIENTED_EDGE('',*,*,#2705,.F.);
#3662=ORIENTED_EDGE('',*,*,#2706,.F.);
#3663=ORIENTED_EDGE('',*,*,#2707,.F.);
#3664=ORIENTED_EDGE('',*,*,#2708,.F.);
#3665=ORIENTED_EDGE('',*,*,#2709,.F.);
#3666=ORIENTED_EDGE('',*,*,#2710,.F.);
#3667=ORIENTED_EDGE('',*,*,#2711,.F.);
#3668=ORIENTED_EDGE('',*,*,#2712,.F.);
#3669=ORIENTED_EDGE('',*,*,#2713,.F.);
#3670=ORIENTED_EDGE('',*,*,#2714,.F.);
#3671=ORIENTED_EDGE('',*,*,#2715,.F.);
#3672=ORIENTED_EDGE('',*,*,#2716,.F.);
#3673=ORIENTED_EDGE('',*,*,#2717,.F.);
#3674=ORIENTED_EDGE('',*,*,#2718,.F.);
#3675=ORIENTED_EDGE('',*,*,#2623,.F.);
#3676=ORIENTED_EDGE('',*,*,#2719,.T.);
#3677=ORIENTED_EDGE('',*,*,#2700,.T.);
#3678=ORIENTED_EDGE('',*,*,#2720,.F.);
#3679=ORIENTED_EDGE('',*,*,#2624,.F.);
#3680=ORIENTED_EDGE('',*,*,#2720,.T.);
#3681=ORIENTED_EDGE('',*,*,#2710,.T.);
#3682=ORIENTED_EDGE('',*,*,#2721,.F.);
#3683=ORIENTED_EDGE('',*,*,#2625,.F.);
#3684=ORIENTED_EDGE('',*,*,#2721,.T.);
#3685=ORIENTED_EDGE('',*,*,#2709,.T.);
#3686=ORIENTED_EDGE('',*,*,#2722,.F.);
#3687=ORIENTED_EDGE('',*,*,#2626,.F.);
#3688=ORIENTED_EDGE('',*,*,#2722,.T.);
#3689=ORIENTED_EDGE('',*,*,#2708,.T.);
#3690=ORIENTED_EDGE('',*,*,#2723,.F.);
#3691=ORIENTED_EDGE('',*,*,#2627,.F.);
#3692=ORIENTED_EDGE('',*,*,#2723,.T.);
#3693=ORIENTED_EDGE('',*,*,#2707,.T.);
#3694=ORIENTED_EDGE('',*,*,#2724,.F.);
#3695=ORIENTED_EDGE('',*,*,#2628,.F.);
#3696=ORIENTED_EDGE('',*,*,#2724,.T.);
#3697=ORIENTED_EDGE('',*,*,#2706,.T.);
#3698=ORIENTED_EDGE('',*,*,#2725,.F.);
#3699=ORIENTED_EDGE('',*,*,#2629,.F.);
#3700=ORIENTED_EDGE('',*,*,#2725,.T.);
#3701=ORIENTED_EDGE('',*,*,#2705,.T.);
#3702=ORIENTED_EDGE('',*,*,#2726,.F.);
#3703=ORIENTED_EDGE('',*,*,#2630,.F.);
#3704=ORIENTED_EDGE('',*,*,#2726,.T.);
#3705=ORIENTED_EDGE('',*,*,#2704,.T.);
#3706=ORIENTED_EDGE('',*,*,#2727,.F.);
#3707=ORIENTED_EDGE('',*,*,#2631,.F.);
#3708=ORIENTED_EDGE('',*,*,#2727,.T.);
#3709=ORIENTED_EDGE('',*,*,#2703,.T.);
#3710=ORIENTED_EDGE('',*,*,#2728,.F.);
#3711=ORIENTED_EDGE('',*,*,#2632,.F.);
#3712=ORIENTED_EDGE('',*,*,#2728,.T.);
#3713=ORIENTED_EDGE('',*,*,#2702,.T.);
#3714=ORIENTED_EDGE('',*,*,#2729,.F.);
#3715=ORIENTED_EDGE('',*,*,#2622,.F.);
#3716=ORIENTED_EDGE('',*,*,#2729,.T.);
#3717=ORIENTED_EDGE('',*,*,#2701,.T.);
#3718=ORIENTED_EDGE('',*,*,#2719,.F.);
#3719=ORIENTED_EDGE('',*,*,#2439,.F.);
#3720=ORIENTED_EDGE('',*,*,#2730,.T.);
#3721=ORIENTED_EDGE('',*,*,#2711,.T.);
#3722=ORIENTED_EDGE('',*,*,#2731,.F.);
#3723=ORIENTED_EDGE('',*,*,#2440,.F.);
#3724=ORIENTED_EDGE('',*,*,#2731,.T.);
#3725=ORIENTED_EDGE('',*,*,#2718,.T.);
#3726=ORIENTED_EDGE('',*,*,#2732,.F.);
#3727=ORIENTED_EDGE('',*,*,#2441,.F.);
#3728=ORIENTED_EDGE('',*,*,#2732,.T.);
#3729=ORIENTED_EDGE('',*,*,#2717,.T.);
#3730=ORIENTED_EDGE('',*,*,#2733,.F.);
#3731=ORIENTED_EDGE('',*,*,#2442,.F.);
#3732=ORIENTED_EDGE('',*,*,#2733,.T.);
#3733=ORIENTED_EDGE('',*,*,#2716,.T.);
#3734=ORIENTED_EDGE('',*,*,#2734,.F.);
#3735=ORIENTED_EDGE('',*,*,#2443,.F.);
#3736=ORIENTED_EDGE('',*,*,#2734,.T.);
#3737=ORIENTED_EDGE('',*,*,#2715,.T.);
#3738=ORIENTED_EDGE('',*,*,#2735,.F.);
#3739=ORIENTED_EDGE('',*,*,#2444,.F.);
#3740=ORIENTED_EDGE('',*,*,#2735,.T.);
#3741=ORIENTED_EDGE('',*,*,#2714,.T.);
#3742=ORIENTED_EDGE('',*,*,#2736,.F.);
#3743=ORIENTED_EDGE('',*,*,#2445,.F.);
#3744=ORIENTED_EDGE('',*,*,#2736,.T.);
#3745=ORIENTED_EDGE('',*,*,#2713,.T.);
#3746=ORIENTED_EDGE('',*,*,#2737,.F.);
#3747=ORIENTED_EDGE('',*,*,#2438,.F.);
#3748=ORIENTED_EDGE('',*,*,#2737,.T.);
#3749=ORIENTED_EDGE('',*,*,#2712,.T.);
#3750=ORIENTED_EDGE('',*,*,#2730,.F.);
#3751=ORIENTED_EDGE('',*,*,#2738,.F.);
#3752=ORIENTED_EDGE('',*,*,#2739,.F.);
#3753=ORIENTED_EDGE('',*,*,#2740,.F.);
#3754=ORIENTED_EDGE('',*,*,#2741,.F.);
#3755=ORIENTED_EDGE('',*,*,#2742,.F.);
#3756=ORIENTED_EDGE('',*,*,#2743,.F.);
#3757=ORIENTED_EDGE('',*,*,#2744,.F.);
#3758=ORIENTED_EDGE('',*,*,#2745,.F.);
#3759=ORIENTED_EDGE('',*,*,#2746,.F.);
#3760=ORIENTED_EDGE('',*,*,#2747,.F.);
#3761=ORIENTED_EDGE('',*,*,#2748,.F.);
#3762=ORIENTED_EDGE('',*,*,#2749,.F.);
#3763=ORIENTED_EDGE('',*,*,#2750,.F.);
#3764=ORIENTED_EDGE('',*,*,#2751,.F.);
#3765=ORIENTED_EDGE('',*,*,#2752,.F.);
#3766=ORIENTED_EDGE('',*,*,#2753,.F.);
#3767=ORIENTED_EDGE('',*,*,#2754,.F.);
#3768=ORIENTED_EDGE('',*,*,#2755,.F.);
#3769=ORIENTED_EDGE('',*,*,#2756,.F.);
#3770=ORIENTED_EDGE('',*,*,#2757,.F.);
#3771=ORIENTED_EDGE('',*,*,#2758,.F.);
#3772=ORIENTED_EDGE('',*,*,#2759,.F.);
#3773=ORIENTED_EDGE('',*,*,#2760,.F.);
#3774=ORIENTED_EDGE('',*,*,#2761,.F.);
#3775=ORIENTED_EDGE('',*,*,#2762,.F.);
#3776=ORIENTED_EDGE('',*,*,#2763,.F.);
#3777=ORIENTED_EDGE('',*,*,#2764,.F.);
#3778=ORIENTED_EDGE('',*,*,#2765,.F.);
#3779=ORIENTED_EDGE('',*,*,#2766,.F.);
#3780=ORIENTED_EDGE('',*,*,#2767,.F.);
#3781=ORIENTED_EDGE('',*,*,#2768,.F.);
#3782=ORIENTED_EDGE('',*,*,#2769,.F.);
#3783=ORIENTED_EDGE('',*,*,#2770,.F.);
#3784=ORIENTED_EDGE('',*,*,#2771,.F.);
#3785=ORIENTED_EDGE('',*,*,#2772,.F.);
#3786=ORIENTED_EDGE('',*,*,#2634,.F.);
#3787=ORIENTED_EDGE('',*,*,#2773,.T.);
#3788=ORIENTED_EDGE('',*,*,#2738,.T.);
#3789=ORIENTED_EDGE('',*,*,#2774,.F.);
#3790=ORIENTED_EDGE('',*,*,#2635,.F.);
#3791=ORIENTED_EDGE('',*,*,#2774,.T.);
#3792=ORIENTED_EDGE('',*,*,#2772,.T.);
#3793=ORIENTED_EDGE('',*,*,#2775,.F.);
#3794=ORIENTED_EDGE('',*,*,#2636,.F.);
#3795=ORIENTED_EDGE('',*,*,#2775,.T.);
#3796=ORIENTED_EDGE('',*,*,#2771,.T.);
#3797=ORIENTED_EDGE('',*,*,#2776,.F.);
#3798=ORIENTED_EDGE('',*,*,#2637,.F.);
#3799=ORIENTED_EDGE('',*,*,#2776,.T.);
#3800=ORIENTED_EDGE('',*,*,#2770,.T.);
#3801=ORIENTED_EDGE('',*,*,#2777,.F.);
#3802=ORIENTED_EDGE('',*,*,#2638,.F.);
#3803=ORIENTED_EDGE('',*,*,#2777,.T.);
#3804=ORIENTED_EDGE('',*,*,#2769,.T.);
#3805=ORIENTED_EDGE('',*,*,#2778,.F.);
#3806=ORIENTED_EDGE('',*,*,#2639,.F.);
#3807=ORIENTED_EDGE('',*,*,#2778,.T.);
#3808=ORIENTED_EDGE('',*,*,#2768,.T.);
#3809=ORIENTED_EDGE('',*,*,#2779,.F.);
#3810=ORIENTED_EDGE('',*,*,#2640,.F.);
#3811=ORIENTED_EDGE('',*,*,#2779,.T.);
#3812=ORIENTED_EDGE('',*,*,#2767,.T.);
#3813=ORIENTED_EDGE('',*,*,#2780,.F.);
#3814=ORIENTED_EDGE('',*,*,#2641,.F.);
#3815=ORIENTED_EDGE('',*,*,#2780,.T.);
#3816=ORIENTED_EDGE('',*,*,#2766,.T.);
#3817=ORIENTED_EDGE('',*,*,#2781,.F.);
#3818=ORIENTED_EDGE('',*,*,#2642,.F.);
#3819=ORIENTED_EDGE('',*,*,#2781,.T.);
#3820=ORIENTED_EDGE('',*,*,#2765,.T.);
#3821=ORIENTED_EDGE('',*,*,#2782,.F.);
#3822=ORIENTED_EDGE('',*,*,#2643,.F.);
#3823=ORIENTED_EDGE('',*,*,#2782,.T.);
#3824=ORIENTED_EDGE('',*,*,#2764,.T.);
#3825=ORIENTED_EDGE('',*,*,#2783,.F.);
#3826=ORIENTED_EDGE('',*,*,#2644,.F.);
#3827=ORIENTED_EDGE('',*,*,#2783,.T.);
#3828=ORIENTED_EDGE('',*,*,#2763,.T.);
#3829=ORIENTED_EDGE('',*,*,#2784,.F.);
#3830=ORIENTED_EDGE('',*,*,#2645,.F.);
#3831=ORIENTED_EDGE('',*,*,#2784,.T.);
#3832=ORIENTED_EDGE('',*,*,#2762,.T.);
#3833=ORIENTED_EDGE('',*,*,#2785,.F.);
#3834=ORIENTED_EDGE('',*,*,#2646,.F.);
#3835=ORIENTED_EDGE('',*,*,#2785,.T.);
#3836=ORIENTED_EDGE('',*,*,#2761,.T.);
#3837=ORIENTED_EDGE('',*,*,#2786,.F.);
#3838=ORIENTED_EDGE('',*,*,#2647,.F.);
#3839=ORIENTED_EDGE('',*,*,#2786,.T.);
#3840=ORIENTED_EDGE('',*,*,#2760,.T.);
#3841=ORIENTED_EDGE('',*,*,#2787,.F.);
#3842=ORIENTED_EDGE('',*,*,#2648,.F.);
#3843=ORIENTED_EDGE('',*,*,#2787,.T.);
#3844=ORIENTED_EDGE('',*,*,#2759,.T.);
#3845=ORIENTED_EDGE('',*,*,#2788,.F.);
#3846=ORIENTED_EDGE('',*,*,#2649,.F.);
#3847=ORIENTED_EDGE('',*,*,#2788,.T.);
#3848=ORIENTED_EDGE('',*,*,#2758,.T.);
#3849=ORIENTED_EDGE('',*,*,#2789,.F.);
#3850=ORIENTED_EDGE('',*,*,#2650,.F.);
#3851=ORIENTED_EDGE('',*,*,#2789,.T.);
#3852=ORIENTED_EDGE('',*,*,#2757,.T.);
#3853=ORIENTED_EDGE('',*,*,#2790,.F.);
#3854=ORIENTED_EDGE('',*,*,#2651,.F.);
#3855=ORIENTED_EDGE('',*,*,#2790,.T.);
#3856=ORIENTED_EDGE('',*,*,#2756,.T.);
#3857=ORIENTED_EDGE('',*,*,#2791,.F.);
#3858=ORIENTED_EDGE('',*,*,#2652,.F.);
#3859=ORIENTED_EDGE('',*,*,#2791,.T.);
#3860=ORIENTED_EDGE('',*,*,#2755,.T.);
#3861=ORIENTED_EDGE('',*,*,#2792,.F.);
#3862=ORIENTED_EDGE('',*,*,#2653,.F.);
#3863=ORIENTED_EDGE('',*,*,#2792,.T.);
#3864=ORIENTED_EDGE('',*,*,#2754,.T.);
#3865=ORIENTED_EDGE('',*,*,#2793,.F.);
#3866=ORIENTED_EDGE('',*,*,#2654,.F.);
#3867=ORIENTED_EDGE('',*,*,#2793,.T.);
#3868=ORIENTED_EDGE('',*,*,#2753,.T.);
#3869=ORIENTED_EDGE('',*,*,#2794,.F.);
#3870=ORIENTED_EDGE('',*,*,#2655,.F.);
#3871=ORIENTED_EDGE('',*,*,#2794,.T.);
#3872=ORIENTED_EDGE('',*,*,#2752,.T.);
#3873=ORIENTED_EDGE('',*,*,#2795,.F.);
#3874=ORIENTED_EDGE('',*,*,#2656,.F.);
#3875=ORIENTED_EDGE('',*,*,#2795,.T.);
#3876=ORIENTED_EDGE('',*,*,#2751,.T.);
#3877=ORIENTED_EDGE('',*,*,#2796,.F.);
#3878=ORIENTED_EDGE('',*,*,#2657,.F.);
#3879=ORIENTED_EDGE('',*,*,#2796,.T.);
#3880=ORIENTED_EDGE('',*,*,#2750,.T.);
#3881=ORIENTED_EDGE('',*,*,#2797,.F.);
#3882=ORIENTED_EDGE('',*,*,#2658,.F.);
#3883=ORIENTED_EDGE('',*,*,#2797,.T.);
#3884=ORIENTED_EDGE('',*,*,#2749,.T.);
#3885=ORIENTED_EDGE('',*,*,#2798,.F.);
#3886=ORIENTED_EDGE('',*,*,#2659,.F.);
#3887=ORIENTED_EDGE('',*,*,#2798,.T.);
#3888=ORIENTED_EDGE('',*,*,#2748,.T.);
#3889=ORIENTED_EDGE('',*,*,#2799,.F.);
#3890=ORIENTED_EDGE('',*,*,#2660,.F.);
#3891=ORIENTED_EDGE('',*,*,#2799,.T.);
#3892=ORIENTED_EDGE('',*,*,#2747,.T.);
#3893=ORIENTED_EDGE('',*,*,#2800,.F.);
#3894=ORIENTED_EDGE('',*,*,#2661,.F.);
#3895=ORIENTED_EDGE('',*,*,#2800,.T.);
#3896=ORIENTED_EDGE('',*,*,#2746,.T.);
#3897=ORIENTED_EDGE('',*,*,#2801,.F.);
#3898=ORIENTED_EDGE('',*,*,#2662,.F.);
#3899=ORIENTED_EDGE('',*,*,#2801,.T.);
#3900=ORIENTED_EDGE('',*,*,#2745,.T.);
#3901=ORIENTED_EDGE('',*,*,#2802,.F.);
#3902=ORIENTED_EDGE('',*,*,#2663,.F.);
#3903=ORIENTED_EDGE('',*,*,#2802,.T.);
#3904=ORIENTED_EDGE('',*,*,#2744,.T.);
#3905=ORIENTED_EDGE('',*,*,#2803,.F.);
#3906=ORIENTED_EDGE('',*,*,#2664,.F.);
#3907=ORIENTED_EDGE('',*,*,#2803,.T.);
#3908=ORIENTED_EDGE('',*,*,#2743,.T.);
#3909=ORIENTED_EDGE('',*,*,#2804,.F.);
#3910=ORIENTED_EDGE('',*,*,#2665,.F.);
#3911=ORIENTED_EDGE('',*,*,#2804,.T.);
#3912=ORIENTED_EDGE('',*,*,#2742,.T.);
#3913=ORIENTED_EDGE('',*,*,#2805,.F.);
#3914=ORIENTED_EDGE('',*,*,#2666,.F.);
#3915=ORIENTED_EDGE('',*,*,#2805,.T.);
#3916=ORIENTED_EDGE('',*,*,#2741,.T.);
#3917=ORIENTED_EDGE('',*,*,#2806,.F.);
#3918=ORIENTED_EDGE('',*,*,#2667,.F.);
#3919=ORIENTED_EDGE('',*,*,#2806,.T.);
#3920=ORIENTED_EDGE('',*,*,#2740,.T.);
#3921=ORIENTED_EDGE('',*,*,#2807,.F.);
#3922=ORIENTED_EDGE('',*,*,#2633,.F.);
#3923=ORIENTED_EDGE('',*,*,#2807,.T.);
#3924=ORIENTED_EDGE('',*,*,#2739,.T.);
#3925=ORIENTED_EDGE('',*,*,#2773,.F.);
#3926=ORIENTED_EDGE('',*,*,#2808,.F.);
#3927=ORIENTED_EDGE('',*,*,#2809,.F.);
#3928=ORIENTED_EDGE('',*,*,#2810,.F.);
#3929=ORIENTED_EDGE('',*,*,#2811,.F.);
#3930=ORIENTED_EDGE('',*,*,#2812,.F.);
#3931=ORIENTED_EDGE('',*,*,#2813,.F.);
#3932=ORIENTED_EDGE('',*,*,#2814,.F.);
#3933=ORIENTED_EDGE('',*,*,#2815,.F.);
#3934=ORIENTED_EDGE('',*,*,#2816,.F.);
#3935=ORIENTED_EDGE('',*,*,#2817,.F.);
#3936=ORIENTED_EDGE('',*,*,#2818,.F.);
#3937=ORIENTED_EDGE('',*,*,#2819,.F.);
#3938=ORIENTED_EDGE('',*,*,#2669,.F.);
#3939=ORIENTED_EDGE('',*,*,#2820,.T.);
#3940=ORIENTED_EDGE('',*,*,#2808,.T.);
#3941=ORIENTED_EDGE('',*,*,#2821,.F.);
#3942=ORIENTED_EDGE('',*,*,#2670,.F.);
#3943=ORIENTED_EDGE('',*,*,#2821,.T.);
#3944=ORIENTED_EDGE('',*,*,#2819,.T.);
#3945=ORIENTED_EDGE('',*,*,#2822,.F.);
#3946=ORIENTED_EDGE('',*,*,#2671,.F.);
#3947=ORIENTED_EDGE('',*,*,#2822,.T.);
#3948=ORIENTED_EDGE('',*,*,#2818,.T.);
#3949=ORIENTED_EDGE('',*,*,#2823,.F.);
#3950=ORIENTED_EDGE('',*,*,#2672,.F.);
#3951=ORIENTED_EDGE('',*,*,#2823,.T.);
#3952=ORIENTED_EDGE('',*,*,#2817,.T.);
#3953=ORIENTED_EDGE('',*,*,#2824,.F.);
#3954=ORIENTED_EDGE('',*,*,#2673,.F.);
#3955=ORIENTED_EDGE('',*,*,#2824,.T.);
#3956=ORIENTED_EDGE('',*,*,#2816,.T.);
#3957=ORIENTED_EDGE('',*,*,#2825,.F.);
#3958=ORIENTED_EDGE('',*,*,#2674,.F.);
#3959=ORIENTED_EDGE('',*,*,#2825,.T.);
#3960=ORIENTED_EDGE('',*,*,#2815,.T.);
#3961=ORIENTED_EDGE('',*,*,#2826,.F.);
#3962=ORIENTED_EDGE('',*,*,#2675,.F.);
#3963=ORIENTED_EDGE('',*,*,#2826,.T.);
#3964=ORIENTED_EDGE('',*,*,#2814,.T.);
#3965=ORIENTED_EDGE('',*,*,#2827,.F.);
#3966=ORIENTED_EDGE('',*,*,#2676,.F.);
#3967=ORIENTED_EDGE('',*,*,#2827,.T.);
#3968=ORIENTED_EDGE('',*,*,#2813,.T.);
#3969=ORIENTED_EDGE('',*,*,#2828,.F.);
#3970=ORIENTED_EDGE('',*,*,#2677,.F.);
#3971=ORIENTED_EDGE('',*,*,#2828,.T.);
#3972=ORIENTED_EDGE('',*,*,#2812,.T.);
#3973=ORIENTED_EDGE('',*,*,#2829,.F.);
#3974=ORIENTED_EDGE('',*,*,#2678,.F.);
#3975=ORIENTED_EDGE('',*,*,#2829,.T.);
#3976=ORIENTED_EDGE('',*,*,#2811,.T.);
#3977=ORIENTED_EDGE('',*,*,#2830,.F.);
#3978=ORIENTED_EDGE('',*,*,#2679,.F.);
#3979=ORIENTED_EDGE('',*,*,#2830,.T.);
#3980=ORIENTED_EDGE('',*,*,#2810,.T.);
#3981=ORIENTED_EDGE('',*,*,#2831,.F.);
#3982=ORIENTED_EDGE('',*,*,#2668,.F.);
#3983=ORIENTED_EDGE('',*,*,#2831,.T.);
#3984=ORIENTED_EDGE('',*,*,#2809,.T.);
#3985=ORIENTED_EDGE('',*,*,#2820,.F.);
#3986=ORIENTED_EDGE('',*,*,#2832,.F.);
#3987=ORIENTED_EDGE('',*,*,#2833,.F.);
#3988=ORIENTED_EDGE('',*,*,#2834,.T.);
#3989=ORIENTED_EDGE('',*,*,#2620,.F.);
#3990=ORIENTED_EDGE('',*,*,#2834,.F.);
#3991=ORIENTED_EDGE('',*,*,#2833,.T.);
#3992=ORIENTED_EDGE('',*,*,#2835,.T.);
#3993=ORIENTED_EDGE('',*,*,#2832,.T.);
#3994=ORIENTED_EDGE('',*,*,#2835,.F.);
#3995=ORIENTED_EDGE('',*,*,#2836,.F.);
#3996=ORIENTED_EDGE('',*,*,#2837,.F.);
#3997=ORIENTED_EDGE('',*,*,#2838,.T.);
#3998=ORIENTED_EDGE('',*,*,#2621,.F.);
#3999=ORIENTED_EDGE('',*,*,#2838,.F.);
#4000=ORIENTED_EDGE('',*,*,#2837,.T.);
#4001=ORIENTED_EDGE('',*,*,#2839,.T.);
#4002=ORIENTED_EDGE('',*,*,#2836,.T.);
#4003=ORIENTED_EDGE('',*,*,#2839,.F.);
#4004=ORIENTED_EDGE('',*,*,#2840,.F.);
#4005=ORIENTED_EDGE('',*,*,#2841,.F.);
#4006=ORIENTED_EDGE('',*,*,#2842,.T.);
#4007=ORIENTED_EDGE('',*,*,#2619,.F.);
#4008=ORIENTED_EDGE('',*,*,#2842,.F.);
#4009=ORIENTED_EDGE('',*,*,#2841,.T.);
#4010=ORIENTED_EDGE('',*,*,#2843,.T.);
#4011=ORIENTED_EDGE('',*,*,#2840,.T.);
#4012=ORIENTED_EDGE('',*,*,#2843,.F.);
#4013=ORIENTED_EDGE('',*,*,#2844,.F.);
#4014=ORIENTED_EDGE('',*,*,#2845,.F.);
#4015=ORIENTED_EDGE('',*,*,#2846,.T.);
#4016=ORIENTED_EDGE('',*,*,#2618,.F.);
#4017=ORIENTED_EDGE('',*,*,#2846,.F.);
#4018=ORIENTED_EDGE('',*,*,#2845,.T.);
#4019=ORIENTED_EDGE('',*,*,#2847,.T.);
#4020=ORIENTED_EDGE('',*,*,#2844,.T.);
#4021=ORIENTED_EDGE('',*,*,#2847,.F.);
#4022=ORIENTED_EDGE('',*,*,#2848,.F.);
#4023=ORIENTED_EDGE('',*,*,#2849,.F.);
#4024=ORIENTED_EDGE('',*,*,#2850,.F.);
#4025=ORIENTED_EDGE('',*,*,#2851,.F.);
#4026=ORIENTED_EDGE('',*,*,#2852,.F.);
#4027=ORIENTED_EDGE('',*,*,#2338,.F.);
#4028=ORIENTED_EDGE('',*,*,#2383,.F.);
#4029=ORIENTED_EDGE('',*,*,#2853,.T.);
#4030=ORIENTED_EDGE('',*,*,#2854,.F.);
#4031=ORIENTED_EDGE('',*,*,#2853,.F.);
#4032=ORIENTED_EDGE('',*,*,#2384,.F.);
#4033=ORIENTED_EDGE('',*,*,#2333,.T.);
#4034=ORIENTED_EDGE('',*,*,#2854,.T.);
#4035=ORIENTED_EDGE('',*,*,#2855,.F.);
#4036=ORIENTED_EDGE('',*,*,#2849,.T.);
#4037=ORIENTED_EDGE('',*,*,#2856,.T.);
#4038=ORIENTED_EDGE('',*,*,#2850,.T.);
#4039=ORIENTED_EDGE('',*,*,#2855,.T.);
#4040=ORIENTED_EDGE('',*,*,#2332,.T.);
#4041=ORIENTED_EDGE('',*,*,#2857,.F.);
#4042=ORIENTED_EDGE('',*,*,#2851,.T.);
#4043=ORIENTED_EDGE('',*,*,#2857,.T.);
#4044=ORIENTED_EDGE('',*,*,#2336,.T.);
#4045=ORIENTED_EDGE('',*,*,#2858,.F.);
#4046=ORIENTED_EDGE('',*,*,#2848,.T.);
#4047=ORIENTED_EDGE('',*,*,#2858,.T.);
#4048=ORIENTED_EDGE('',*,*,#2852,.T.);
#4049=ORIENTED_EDGE('',*,*,#2856,.F.);
#4050=ORIENTED_EDGE('',*,*,#2859,.F.);
#4051=ORIENTED_EDGE('',*,*,#2860,.F.);
#4052=ORIENTED_EDGE('',*,*,#2861,.F.);
#4053=ORIENTED_EDGE('',*,*,#2862,.F.);
#4054=ORIENTED_EDGE('',*,*,#2863,.F.);
#4055=ORIENTED_EDGE('',*,*,#2345,.F.);
#4056=ORIENTED_EDGE('',*,*,#2386,.F.);
#4057=ORIENTED_EDGE('',*,*,#2864,.T.);
#4058=ORIENTED_EDGE('',*,*,#2865,.F.);
#4059=ORIENTED_EDGE('',*,*,#2864,.F.);
#4060=ORIENTED_EDGE('',*,*,#2385,.F.);
#4061=ORIENTED_EDGE('',*,*,#2340,.T.);
#4062=ORIENTED_EDGE('',*,*,#2865,.T.);
#4063=ORIENTED_EDGE('',*,*,#2866,.F.);
#4064=ORIENTED_EDGE('',*,*,#2860,.T.);
#4065=ORIENTED_EDGE('',*,*,#2867,.T.);
#4066=ORIENTED_EDGE('',*,*,#2861,.T.);
#4067=ORIENTED_EDGE('',*,*,#2866,.T.);
#4068=ORIENTED_EDGE('',*,*,#2339,.T.);
#4069=ORIENTED_EDGE('',*,*,#2868,.F.);
#4070=ORIENTED_EDGE('',*,*,#2862,.T.);
#4071=ORIENTED_EDGE('',*,*,#2868,.T.);
#4072=ORIENTED_EDGE('',*,*,#2343,.T.);
#4073=ORIENTED_EDGE('',*,*,#2869,.F.);
#4074=ORIENTED_EDGE('',*,*,#2859,.T.);
#4075=ORIENTED_EDGE('',*,*,#2869,.T.);
#4076=ORIENTED_EDGE('',*,*,#2863,.T.);
#4077=ORIENTED_EDGE('',*,*,#2867,.F.);
#4078=ORIENTED_EDGE('',*,*,#2870,.F.);
#4079=ORIENTED_EDGE('',*,*,#2871,.F.);
#4080=ORIENTED_EDGE('',*,*,#2872,.F.);
#4081=ORIENTED_EDGE('',*,*,#2873,.F.);
#4082=ORIENTED_EDGE('',*,*,#2874,.F.);
#4083=ORIENTED_EDGE('',*,*,#2349,.F.);
#4084=ORIENTED_EDGE('',*,*,#2388,.F.);
#4085=ORIENTED_EDGE('',*,*,#2875,.T.);
#4086=ORIENTED_EDGE('',*,*,#2876,.F.);
#4087=ORIENTED_EDGE('',*,*,#2875,.F.);
#4088=ORIENTED_EDGE('',*,*,#2387,.F.);
#4089=ORIENTED_EDGE('',*,*,#2351,.T.);
#4090=ORIENTED_EDGE('',*,*,#2876,.T.);
#4091=ORIENTED_EDGE('',*,*,#2877,.F.);
#4092=ORIENTED_EDGE('',*,*,#2871,.T.);
#4093=ORIENTED_EDGE('',*,*,#2878,.T.);
#4094=ORIENTED_EDGE('',*,*,#2872,.T.);
#4095=ORIENTED_EDGE('',*,*,#2877,.T.);
#4096=ORIENTED_EDGE('',*,*,#2350,.T.);
#4097=ORIENTED_EDGE('',*,*,#2879,.F.);
#4098=ORIENTED_EDGE('',*,*,#2873,.T.);
#4099=ORIENTED_EDGE('',*,*,#2879,.T.);
#4100=ORIENTED_EDGE('',*,*,#2346,.T.);
#4101=ORIENTED_EDGE('',*,*,#2880,.F.);
#4102=ORIENTED_EDGE('',*,*,#2870,.T.);
#4103=ORIENTED_EDGE('',*,*,#2880,.T.);
#4104=ORIENTED_EDGE('',*,*,#2874,.T.);
#4105=ORIENTED_EDGE('',*,*,#2878,.F.);
#4106=ORIENTED_EDGE('',*,*,#2881,.F.);
#4107=ORIENTED_EDGE('',*,*,#2882,.F.);
#4108=ORIENTED_EDGE('',*,*,#2883,.F.);
#4109=ORIENTED_EDGE('',*,*,#2884,.F.);
#4110=ORIENTED_EDGE('',*,*,#2885,.F.);
#4111=ORIENTED_EDGE('',*,*,#2359,.F.);
#4112=ORIENTED_EDGE('',*,*,#2389,.F.);
#4113=ORIENTED_EDGE('',*,*,#2886,.T.);
#4114=ORIENTED_EDGE('',*,*,#2887,.F.);
#4115=ORIENTED_EDGE('',*,*,#2886,.F.);
#4116=ORIENTED_EDGE('',*,*,#2390,.F.);
#4117=ORIENTED_EDGE('',*,*,#2354,.T.);
#4118=ORIENTED_EDGE('',*,*,#2887,.T.);
#4119=ORIENTED_EDGE('',*,*,#2888,.F.);
#4120=ORIENTED_EDGE('',*,*,#2882,.T.);
#4121=ORIENTED_EDGE('',*,*,#2889,.T.);
#4122=ORIENTED_EDGE('',*,*,#2883,.T.);
#4123=ORIENTED_EDGE('',*,*,#2888,.T.);
#4124=ORIENTED_EDGE('',*,*,#2353,.T.);
#4125=ORIENTED_EDGE('',*,*,#2890,.F.);
#4126=ORIENTED_EDGE('',*,*,#2884,.T.);
#4127=ORIENTED_EDGE('',*,*,#2890,.T.);
#4128=ORIENTED_EDGE('',*,*,#2357,.T.);
#4129=ORIENTED_EDGE('',*,*,#2891,.F.);
#4130=ORIENTED_EDGE('',*,*,#2881,.T.);
#4131=ORIENTED_EDGE('',*,*,#2891,.T.);
#4132=ORIENTED_EDGE('',*,*,#2885,.T.);
#4133=ORIENTED_EDGE('',*,*,#2889,.F.);
#4134=ORIENTED_EDGE('',*,*,#2892,.F.);
#4135=ORIENTED_EDGE('',*,*,#2893,.F.);
#4136=ORIENTED_EDGE('',*,*,#2894,.F.);
#4137=ORIENTED_EDGE('',*,*,#2895,.F.);
#4138=ORIENTED_EDGE('',*,*,#2315,.T.);
#4139=ORIENTED_EDGE('',*,*,#2322,.T.);
#4140=ORIENTED_EDGE('',*,*,#2320,.T.);
#4141=ORIENTED_EDGE('',*,*,#2318,.T.);
#4142=ORIENTED_EDGE('',*,*,#2893,.T.);
#4143=ORIENTED_EDGE('',*,*,#2896,.F.);
#4144=ORIENTED_EDGE('',*,*,#2897,.F.);
#4145=ORIENTED_EDGE('',*,*,#2898,.T.);
#4146=ORIENTED_EDGE('',*,*,#2894,.T.);
#4147=ORIENTED_EDGE('',*,*,#2898,.F.);
#4148=ORIENTED_EDGE('',*,*,#2899,.F.);
#4149=ORIENTED_EDGE('',*,*,#2900,.T.);
#4150=ORIENTED_EDGE('',*,*,#2892,.T.);
#4151=ORIENTED_EDGE('',*,*,#2901,.F.);
#4152=ORIENTED_EDGE('',*,*,#2902,.F.);
#4153=ORIENTED_EDGE('',*,*,#2896,.T.);
#4154=ORIENTED_EDGE('',*,*,#2895,.T.);
#4155=ORIENTED_EDGE('',*,*,#2900,.F.);
#4156=ORIENTED_EDGE('',*,*,#2903,.F.);
#4157=ORIENTED_EDGE('',*,*,#2901,.T.);
#4158=ORIENTED_EDGE('',*,*,#2904,.F.);
#4159=ORIENTED_EDGE('',*,*,#2299,.T.);
#4160=ORIENTED_EDGE('',*,*,#2905,.F.);
#4161=ORIENTED_EDGE('',*,*,#2906,.F.);
#4162=ORIENTED_EDGE('',*,*,#2907,.F.);
#4163=ORIENTED_EDGE('',*,*,#2906,.T.);
#4164=ORIENTED_EDGE('',*,*,#2908,.F.);
#4165=ORIENTED_EDGE('',*,*,#2909,.F.);
#4166=ORIENTED_EDGE('',*,*,#2910,.F.);
#4167=ORIENTED_EDGE('',*,*,#2909,.T.);
#4168=ORIENTED_EDGE('',*,*,#2911,.F.);
#4169=ORIENTED_EDGE('',*,*,#2297,.F.);
#4170=ORIENTED_EDGE('',*,*,#2298,.T.);
#4171=ORIENTED_EDGE('',*,*,#2911,.T.);
#4172=ORIENTED_EDGE('',*,*,#2908,.T.);
#4173=ORIENTED_EDGE('',*,*,#2905,.T.);
#4174=ORIENTED_EDGE('',*,*,#2903,.T.);
#4175=ORIENTED_EDGE('',*,*,#2899,.T.);
#4176=ORIENTED_EDGE('',*,*,#2897,.T.);
#4177=ORIENTED_EDGE('',*,*,#2902,.T.);
#4178=ORIENTED_EDGE('',*,*,#2296,.T.);
#4179=ORIENTED_EDGE('',*,*,#2904,.T.);
#4180=ORIENTED_EDGE('',*,*,#2907,.T.);
#4181=ORIENTED_EDGE('',*,*,#2910,.T.);
#4182=CYLINDRICAL_SURFACE('',#4448,0.999999999999996);
#4183=CYLINDRICAL_SURFACE('',#4452,0.999999999999996);
#4184=CYLINDRICAL_SURFACE('',#4461,5.);
#4185=ADVANCED_FACE('',(#487),#4182,.F.);
#4186=ADVANCED_FACE('',(#488),#350,.T.);
#4187=ADVANCED_FACE('',(#489),#4183,.F.);
#4188=ADVANCED_FACE('',(#490),#351,.T.);
#4189=ADVANCED_FACE('',(#491),#348,.T.);
#4190=ADVANCED_FACE('',(#492),#4184,.F.);
#4191=ADVANCED_FACE('',(#493,#320),#352,.F.);
#4192=ADVANCED_FACE('',(#494),#349,.T.);
#4193=ADVANCED_FACE('',(#495,#321,#322,#323),#353,.T.);
#4194=ADVANCED_FACE('',(#496),#354,.T.);
#4195=ADVANCED_FACE('',(#497),#355,.T.);
#4196=ADVANCED_FACE('',(#498),#356,.F.);
#4197=ADVANCED_FACE('',(#499),#357,.T.);
#4198=ADVANCED_FACE('',(#500),#358,.F.);
#4199=ADVANCED_FACE('',(#501),#359,.T.);
#4200=ADVANCED_FACE('',(#502),#360,.F.);
#4201=ADVANCED_FACE('',(#503),#361,.F.);
#4202=ADVANCED_FACE('',(#504),#362,.F.);
#4203=ADVANCED_FACE('',(#505),#363,.F.);
#4204=ADVANCED_FACE('',(#506),#364,.F.);
#4205=ADVANCED_FACE('',(#507),#365,.F.);
#4206=ADVANCED_FACE('',(#508),#366,.T.);
#4207=ADVANCED_FACE('',(#509),#367,.T.);
#4208=ADVANCED_FACE('',(#510),#368,.T.);
#4209=ADVANCED_FACE('',(#511),#369,.T.);
#4210=ADVANCED_FACE('',(#512),#370,.T.);
#4211=ADVANCED_FACE('',(#513),#371,.T.);
#4212=ADVANCED_FACE('',(#514),#372,.T.);
#4213=ADVANCED_FACE('',(#515),#373,.T.);
#4214=ADVANCED_FACE('',(#516),#374,.F.);
#4215=ADVANCED_FACE('',(#517),#375,.F.);
#4216=ADVANCED_FACE('',(#518,#324,#325,#326,#327,#328,#329,#330),#376,.F.);
#4217=ADVANCED_FACE('',(#519),#377,.F.);
#4218=ADVANCED_FACE('',(#520,#331),#378,.F.);
#4219=ADVANCED_FACE('',(#521),#379,.F.);
#4220=ADVANCED_FACE('',(#522),#380,.F.);
#4221=ADVANCED_FACE('',(#523),#381,.F.);
#4222=ADVANCED_FACE('',(#524),#382,.F.);
#4223=ADVANCED_FACE('',(#525),#383,.F.);
#4224=ADVANCED_FACE('',(#526),#384,.F.);
#4225=ADVANCED_FACE('',(#527),#385,.F.);
#4226=ADVANCED_FACE('',(#528),#386,.F.);
#4227=ADVANCED_FACE('',(#529,#332,#333),#387,.T.);
#4228=ADVANCED_FACE('',(#530),#388,.F.);
#4229=ADVANCED_FACE('',(#531),#389,.F.);
#4230=ADVANCED_FACE('',(#532),#390,.F.);
#4231=ADVANCED_FACE('',(#533),#23,.F.);
#4232=ADVANCED_FACE('',(#534),#24,.F.);
#4233=ADVANCED_FACE('',(#535),#25,.F.);
#4234=ADVANCED_FACE('',(#536),#26,.F.);
#4235=ADVANCED_FACE('',(#537),#27,.F.);
#4236=ADVANCED_FACE('',(#538),#28,.F.);
#4237=ADVANCED_FACE('',(#539),#29,.F.);
#4238=ADVANCED_FACE('',(#540),#30,.F.);
#4239=ADVANCED_FACE('',(#541),#31,.F.);
#4240=ADVANCED_FACE('',(#542),#32,.F.);
#4241=ADVANCED_FACE('',(#543),#33,.F.);
#4242=ADVANCED_FACE('',(#544),#391,.F.);
#4243=ADVANCED_FACE('',(#545),#392,.F.);
#4244=ADVANCED_FACE('',(#546),#34,.F.);
#4245=ADVANCED_FACE('',(#547),#35,.F.);
#4246=ADVANCED_FACE('',(#548),#36,.F.);
#4247=ADVANCED_FACE('',(#549),#37,.F.);
#4248=ADVANCED_FACE('',(#550),#38,.F.);
#4249=ADVANCED_FACE('',(#551),#39,.F.);
#4250=ADVANCED_FACE('',(#552),#40,.F.);
#4251=ADVANCED_FACE('',(#553),#393,.F.);
#4252=ADVANCED_FACE('',(#554),#394,.F.);
#4253=ADVANCED_FACE('',(#555),#395,.F.);
#4254=ADVANCED_FACE('',(#556),#41,.F.);
#4255=ADVANCED_FACE('',(#557),#42,.F.);
#4256=ADVANCED_FACE('',(#558),#43,.F.);
#4257=ADVANCED_FACE('',(#559),#44,.F.);
#4258=ADVANCED_FACE('',(#560),#45,.F.);
#4259=ADVANCED_FACE('',(#561),#46,.F.);
#4260=ADVANCED_FACE('',(#562),#396,.F.);
#4261=ADVANCED_FACE('',(#563),#397,.T.);
#4262=ADVANCED_FACE('',(#564),#47,.F.);
#4263=ADVANCED_FACE('',(#565),#398,.F.);
#4264=ADVANCED_FACE('',(#566),#48,.F.);
#4265=ADVANCED_FACE('',(#567),#49,.F.);
#4266=ADVANCED_FACE('',(#568),#50,.F.);
#4267=ADVANCED_FACE('',(#569),#51,.F.);
#4268=ADVANCED_FACE('',(#570),#52,.F.);
#4269=ADVANCED_FACE('',(#571),#53,.F.);
#4270=ADVANCED_FACE('',(#572),#54,.F.);
#4271=ADVANCED_FACE('',(#573),#55,.F.);
#4272=ADVANCED_FACE('',(#574),#56,.F.);
#4273=ADVANCED_FACE('',(#575),#57,.F.);
#4274=ADVANCED_FACE('',(#576),#399,.F.);
#4275=ADVANCED_FACE('',(#577),#58,.F.);
#4276=ADVANCED_FACE('',(#578),#59,.F.);
#4277=ADVANCED_FACE('',(#579),#60,.F.);
#4278=ADVANCED_FACE('',(#580),#61,.F.);
#4279=ADVANCED_FACE('',(#581),#62,.F.);
#4280=ADVANCED_FACE('',(#582),#63,.F.);
#4281=ADVANCED_FACE('',(#583),#64,.F.);
#4282=ADVANCED_FACE('',(#584),#65,.F.);
#4283=ADVANCED_FACE('',(#585),#66,.F.);
#4284=ADVANCED_FACE('',(#586,#334),#400,.T.);
#4285=ADVANCED_FACE('',(#587),#401,.F.);
#4286=ADVANCED_FACE('',(#588),#402,.F.);
#4287=ADVANCED_FACE('',(#589),#403,.F.);
#4288=ADVANCED_FACE('',(#590),#67,.F.);
#4289=ADVANCED_FACE('',(#591),#68,.F.);
#4290=ADVANCED_FACE('',(#592),#69,.F.);
#4291=ADVANCED_FACE('',(#593),#70,.F.);
#4292=ADVANCED_FACE('',(#594),#71,.F.);
#4293=ADVANCED_FACE('',(#595),#72,.F.);
#4294=ADVANCED_FACE('',(#596),#404,.F.);
#4295=ADVANCED_FACE('',(#597),#405,.F.);
#4296=ADVANCED_FACE('',(#598),#406,.F.);
#4297=ADVANCED_FACE('',(#599),#407,.F.);
#4298=ADVANCED_FACE('',(#600),#73,.F.);
#4299=ADVANCED_FACE('',(#601),#74,.F.);
#4300=ADVANCED_FACE('',(#602),#75,.F.);
#4301=ADVANCED_FACE('',(#603),#76,.F.);
#4302=ADVANCED_FACE('',(#604),#77,.F.);
#4303=ADVANCED_FACE('',(#605),#408,.F.);
#4304=ADVANCED_FACE('',(#606,#335,#336,#337,#338,#339,#340,#341),#409,.F.);
#4305=ADVANCED_FACE('',(#607,#342,#343),#410,.F.);
#4306=ADVANCED_FACE('',(#608,#344),#411,.F.);
#4307=ADVANCED_FACE('',(#609),#412,.F.);
#4308=ADVANCED_FACE('',(#610),#413,.F.);
#4309=ADVANCED_FACE('',(#611),#414,.F.);
#4310=ADVANCED_FACE('',(#612),#415,.F.);
#4311=ADVANCED_FACE('',(#613),#416,.F.);
#4312=ADVANCED_FACE('',(#614),#417,.F.);
#4313=ADVANCED_FACE('',(#615),#418,.F.);
#4314=ADVANCED_FACE('',(#616),#419,.F.);
#4315=ADVANCED_FACE('',(#617,#345),#420,.T.);
#4316=ADVANCED_FACE('',(#618),#421,.F.);
#4317=ADVANCED_FACE('',(#619),#422,.F.);
#4318=ADVANCED_FACE('',(#620),#423,.F.);
#4319=ADVANCED_FACE('',(#621),#78,.F.);
#4320=ADVANCED_FACE('',(#622),#79,.F.);
#4321=ADVANCED_FACE('',(#623),#80,.F.);
#4322=ADVANCED_FACE('',(#624),#81,.F.);
#4323=ADVANCED_FACE('',(#625),#82,.F.);
#4324=ADVANCED_FACE('',(#626),#83,.F.);
#4325=ADVANCED_FACE('',(#627),#424,.F.);
#4326=ADVANCED_FACE('',(#628),#425,.F.);
#4327=ADVANCED_FACE('',(#629),#426,.F.);
#4328=ADVANCED_FACE('',(#630),#427,.F.);
#4329=ADVANCED_FACE('',(#631),#84,.F.);
#4330=ADVANCED_FACE('',(#632),#85,.F.);
#4331=ADVANCED_FACE('',(#633),#86,.F.);
#4332=ADVANCED_FACE('',(#634),#87,.F.);
#4333=ADVANCED_FACE('',(#635),#88,.F.);
#4334=ADVANCED_FACE('',(#636),#428,.F.);
#4335=ADVANCED_FACE('',(#637),#429,.T.);
#4336=ADVANCED_FACE('',(#638),#89,.F.);
#4337=ADVANCED_FACE('',(#639),#430,.F.);
#4338=ADVANCED_FACE('',(#640),#90,.F.);
#4339=ADVANCED_FACE('',(#641),#91,.F.);
#4340=ADVANCED_FACE('',(#642),#92,.F.);
#4341=ADVANCED_FACE('',(#643),#93,.F.);
#4342=ADVANCED_FACE('',(#644),#94,.F.);
#4343=ADVANCED_FACE('',(#645),#95,.F.);
#4344=ADVANCED_FACE('',(#646),#96,.F.);
#4345=ADVANCED_FACE('',(#647),#97,.F.);
#4346=ADVANCED_FACE('',(#648),#98,.F.);
#4347=ADVANCED_FACE('',(#649),#99,.F.);
#4348=ADVANCED_FACE('',(#650),#100,.F.);
#4349=ADVANCED_FACE('',(#651),#101,.F.);
#4350=ADVANCED_FACE('',(#652),#102,.F.);
#4351=ADVANCED_FACE('',(#653),#103,.F.);
#4352=ADVANCED_FACE('',(#654),#104,.F.);
#4353=ADVANCED_FACE('',(#655),#105,.F.);
#4354=ADVANCED_FACE('',(#656),#106,.F.);
#4355=ADVANCED_FACE('',(#657),#107,.F.);
#4356=ADVANCED_FACE('',(#658),#431,.F.);
#4357=ADVANCED_FACE('',(#659),#108,.F.);
#4358=ADVANCED_FACE('',(#660),#109,.F.);
#4359=ADVANCED_FACE('',(#661),#110,.F.);
#4360=ADVANCED_FACE('',(#662),#111,.F.);
#4361=ADVANCED_FACE('',(#663),#112,.F.);
#4362=ADVANCED_FACE('',(#664),#113,.F.);
#4363=ADVANCED_FACE('',(#665),#114,.F.);
#4364=ADVANCED_FACE('',(#666),#115,.F.);
#4365=ADVANCED_FACE('',(#667),#116,.F.);
#4366=ADVANCED_FACE('',(#668),#117,.F.);
#4367=ADVANCED_FACE('',(#669),#118,.F.);
#4368=ADVANCED_FACE('',(#670),#119,.F.);
#4369=ADVANCED_FACE('',(#671),#120,.F.);
#4370=ADVANCED_FACE('',(#672),#121,.F.);
#4371=ADVANCED_FACE('',(#673),#432,.F.);
#4372=ADVANCED_FACE('',(#674),#433,.F.);
#4373=ADVANCED_FACE('',(#675),#434,.F.);
#4374=ADVANCED_FACE('',(#676),#435,.F.);
#4375=ADVANCED_FACE('',(#677),#436,.F.);
#4376=ADVANCED_FACE('',(#678),#437,.F.);
#4377=ADVANCED_FACE('',(#679),#438,.F.);
#4378=ADVANCED_FACE('',(#680),#439,.F.);
#4379=ADVANCED_FACE('',(#681),#440,.F.);
#4380=ADVANCED_FACE('',(#682),#441,.F.);
#4381=ADVANCED_FACE('',(#683),#442,.F.);
#4382=ADVANCED_FACE('',(#684),#443,.F.);
#4383=ADVANCED_FACE('',(#685),#444,.F.);
#4384=ADVANCED_FACE('',(#686),#445,.T.);
#4385=ADVANCED_FACE('',(#687),#15,.T.);
#4386=ADVANCED_FACE('',(#688),#16,.T.);
#4387=ADVANCED_FACE('',(#689),#446,.T.);
#4388=ADVANCED_FACE('',(#690),#17,.T.);
#4389=ADVANCED_FACE('',(#691),#18,.T.);
#4390=ADVANCED_FACE('',(#692),#447,.T.);
#4391=ADVANCED_FACE('',(#693),#19,.T.);
#4392=ADVANCED_FACE('',(#694),#20,.T.);
#4393=ADVANCED_FACE('',(#695),#448,.T.);
#4394=ADVANCED_FACE('',(#696),#21,.T.);
#4395=ADVANCED_FACE('',(#697),#22,.T.);
#4396=ADVANCED_FACE('',(#698),#449,.T.);
#4397=ADVANCED_FACE('',(#699),#450,.T.);
#4398=ADVANCED_FACE('',(#700),#451,.T.);
#4399=ADVANCED_FACE('',(#701),#452,.T.);
#4400=ADVANCED_FACE('',(#702),#453,.T.);
#4401=ADVANCED_FACE('',(#703),#454,.T.);
#4402=ADVANCED_FACE('',(#704),#455,.T.);
#4403=ADVANCED_FACE('',(#705),#456,.T.);
#4404=ADVANCED_FACE('',(#706),#457,.T.);
#4405=ADVANCED_FACE('',(#707),#458,.T.);
#4406=ADVANCED_FACE('',(#708),#459,.T.);
#4407=ADVANCED_FACE('',(#709),#460,.T.);
#4408=ADVANCED_FACE('',(#710),#461,.T.);
#4409=ADVANCED_FACE('',(#711),#462,.T.);
#4410=ADVANCED_FACE('',(#712),#463,.T.);
#4411=ADVANCED_FACE('',(#713),#464,.T.);
#4412=ADVANCED_FACE('',(#714),#465,.T.);
#4413=ADVANCED_FACE('',(#715),#466,.T.);
#4414=ADVANCED_FACE('',(#716),#467,.T.);
#4415=ADVANCED_FACE('',(#717),#468,.T.);
#4416=ADVANCED_FACE('',(#718),#469,.T.);
#4417=ADVANCED_FACE('',(#719),#470,.T.);
#4418=ADVANCED_FACE('',(#720),#471,.T.);
#4419=ADVANCED_FACE('',(#721),#472,.T.);
#4420=ADVANCED_FACE('',(#722),#473,.T.);
#4421=ADVANCED_FACE('',(#723),#474,.T.);
#4422=ADVANCED_FACE('',(#724),#475,.T.);
#4423=ADVANCED_FACE('',(#725),#476,.T.);
#4424=ADVANCED_FACE('',(#726,#346),#477,.T.);
#4425=ADVANCED_FACE('',(#727),#478,.F.);
#4426=ADVANCED_FACE('',(#728),#479,.F.);
#4427=ADVANCED_FACE('',(#729),#480,.F.);
#4428=ADVANCED_FACE('',(#730),#481,.F.);
#4429=ADVANCED_FACE('',(#731),#482,.T.);
#4430=ADVANCED_FACE('',(#732),#483,.T.);
#4431=ADVANCED_FACE('',(#733),#484,.T.);
#4432=ADVANCED_FACE('',(#734,#347),#485,.T.);
#4433=ADVANCED_FACE('',(#735),#486,.F.);
#4434=CLOSED_SHELL('',(#4185,#4186,#4187,#4188,#4189,#4190,#4191,#4192,
#4193,#4194,#4195,#4196,#4197,#4198,#4199,#4200,#4201,#4202,#4203,#4204,
#4205,#4206,#4207,#4208,#4209,#4210,#4211,#4212,#4213,#4214,#4215,#4216,
#4217,#4218,#4219,#4220,#4221,#4222,#4223,#4224,#4225,#4226,#4227,#4228,
#4229,#4230,#4231,#4232,#4233,#4234,#4235,#4236,#4237,#4238,#4239,#4240,
#4241,#4242,#4243,#4244,#4245,#4246,#4247,#4248,#4249,#4250,#4251,#4252,
#4253,#4254,#4255,#4256,#4257,#4258,#4259,#4260,#4261,#4262,#4263,#4264,
#4265,#4266,#4267,#4268,#4269,#4270,#4271,#4272,#4273,#4274,#4275,#4276,
#4277,#4278,#4279,#4280,#4281,#4282,#4283,#4284,#4285,#4286,#4287,#4288,
#4289,#4290,#4291,#4292,#4293,#4294,#4295,#4296,#4297,#4298,#4299,#4300,
#4301,#4302,#4303,#4304,#4305,#4306,#4307,#4308,#4309,#4310,#4311,#4312,
#4313,#4314,#4315,#4316,#4317,#4318,#4319,#4320,#4321,#4322,#4323,#4324,
#4325,#4326,#4327,#4328,#4329,#4330,#4331,#4332,#4333,#4334,#4335,#4336,
#4337,#4338,#4339,#4340,#4341,#4342,#4343,#4344,#4345,#4346,#4347,#4348,
#4349,#4350,#4351,#4352,#4353,#4354,#4355,#4356,#4357,#4358,#4359,#4360,
#4361,#4362,#4363,#4364,#4365,#4366,#4367,#4368,#4369,#4370,#4371,#4372,
#4373,#4374,#4375,#4376,#4377,#4378,#4379,#4380,#4381,#4382,#4383,#4384,
#4385,#4386,#4387,#4388,#4389,#4390,#4391,#4392,#4393,#4394,#4395,#4396,
#4397,#4398,#4399,#4400,#4401,#4402,#4403,#4404,#4405,#4406,#4407,#4408,
#4409,#4410,#4411,#4412,#4413,#4414,#4415,#4416,#4417,#4418,#4419,#4420,
#4421,#4422,#4423,#4424,#4425,#4426,#4427,#4428,#4429,#4430,#4431,#4432,
#4433));
#4435=DERIVED_UNIT_ELEMENT(#4437,1.);
#4436=DERIVED_UNIT_ELEMENT(#8372,-3.);
#4437=(
MASS_UNIT()
NAMED_UNIT(*)
SI_UNIT(.KILO.,.GRAM.)
);
#4438=DERIVED_UNIT((#4435,#4436));
#4439=MEASURE_REPRESENTATION_ITEM('density measure',
POSITIVE_RATIO_MEASURE(7850.),#4438);
#4440=PROPERTY_DEFINITION_REPRESENTATION(#4445,#4442);
#4441=PROPERTY_DEFINITION_REPRESENTATION(#4446,#4443);
#4442=REPRESENTATION('material name',(#4444),#8369);
#4443=REPRESENTATION('density',(#4439),#8369);
#4444=DESCRIPTIVE_REPRESENTATION_ITEM('Stahl','Stahl');
#4445=PROPERTY_DEFINITION('material property','material name',#8379);
#4446=PROPERTY_DEFINITION('material property','density of part',#8379);
#4447=AXIS2_PLACEMENT_3D('',#5385,#4622,#4623);
#4448=AXIS2_PLACEMENT_3D('',#5386,#4624,#4625);
#4449=AXIS2_PLACEMENT_3D('',#5388,#4626,#4627);
#4450=AXIS2_PLACEMENT_3D('',#5391,#4629,#4630);
#4451=AXIS2_PLACEMENT_3D('',#5392,#4631,#4632);
#4452=AXIS2_PLACEMENT_3D('',#5393,#4633,#4634);
#4453=AXIS2_PLACEMENT_3D('',#5395,#4635,#4636);
#4454=AXIS2_PLACEMENT_3D('',#5398,#4638,#4639);
#4455=AXIS2_PLACEMENT_3D('',#5399,#4640,#4641);
#4456=AXIS2_PLACEMENT_3D('',#5400,#4642,#4643);
#4457=AXIS2_PLACEMENT_3D('',#5402,#4644,#4645);
#4458=AXIS2_PLACEMENT_3D('',#5404,#4646,#4647);
#4459=AXIS2_PLACEMENT_3D('',#5406,#4648,#4649);
#4460=AXIS2_PLACEMENT_3D('',#5407,#4650,#4651);
#4461=AXIS2_PLACEMENT_3D('',#5408,#4652,#4653);
#4462=AXIS2_PLACEMENT_3D('',#5411,#4654,#4655);
#4463=AXIS2_PLACEMENT_3D('',#5413,#4657,#4658);
#4464=AXIS2_PLACEMENT_3D('',#5414,#4659,#4660);
#4465=AXIS2_PLACEMENT_3D('',#5423,#4665,#4666);
#4466=AXIS2_PLACEMENT_3D('',#5425,#4667,#4668);
#4467=AXIS2_PLACEMENT_3D('',#5426,#4669,#4670);
#4468=AXIS2_PLACEMENT_3D('',#5427,#4671,#4672);
#4469=AXIS2_PLACEMENT_3D('',#5436,#4677,#4678);
#4470=AXIS2_PLACEMENT_3D('',#5445,#4683,#4684);
#4471=AXIS2_PLACEMENT_3D('',#5450,#4688,#4689);
#4472=AXIS2_PLACEMENT_3D('',#5456,#4693,#4694);
#4473=AXIS2_PLACEMENT_3D('',#5461,#4698,#4699);
#4474=AXIS2_PLACEMENT_3D('',#5463,#4701,#4702);
#4475=AXIS2_PLACEMENT_3D('',#5465,#4704,#4705);
#4476=AXIS2_PLACEMENT_3D('',#5471,#4709,#4710);
#4477=AXIS2_PLACEMENT_3D('',#5475,#4713,#4714);
#4478=AXIS2_PLACEMENT_3D('',#5479,#4717,#4718);
#4479=AXIS2_PLACEMENT_3D('',#5481,#4720,#4721);
#4480=AXIS2_PLACEMENT_3D('',#5518,#4725,#4726);
#4481=AXIS2_PLACEMENT_3D('',#5520,#4728,#4729);
#4482=AXIS2_PLACEMENT_3D('',#5529,#4734,#4735);
#4483=AXIS2_PLACEMENT_3D('',#5535,#4739,#4740);
#4484=AXIS2_PLACEMENT_3D('',#5544,#4745,#4746);
#4485=AXIS2_PLACEMENT_3D('',#5550,#4750,#4751);
#4486=AXIS2_PLACEMENT_3D('',#5559,#4756,#4757);
#4487=AXIS2_PLACEMENT_3D('',#5565,#4761,#4762);
#4488=AXIS2_PLACEMENT_3D('',#5574,#4767,#4768);
#4489=AXIS2_PLACEMENT_3D('',#5580,#4772,#4773);
#4490=AXIS2_PLACEMENT_3D('',#5623,#4777,#4778);
#4491=AXIS2_PLACEMENT_3D('',#5672,#4782,#4783);
#4492=AXIS2_PLACEMENT_3D('',#5935,#4806,#4807);
#4493=AXIS2_PLACEMENT_3D('',#5972,#4811,#4812);
#4494=AXIS2_PLACEMENT_3D('',#5989,#4821,#4822);
#4495=AXIS2_PLACEMENT_3D('',#5995,#4826,#4827);
#4496=AXIS2_PLACEMENT_3D('',#5999,#4830,#4831);
#4497=AXIS2_PLACEMENT_3D('',#6003,#4834,#4835);
#4498=AXIS2_PLACEMENT_3D('',#6005,#4837,#4838);
#4499=AXIS2_PLACEMENT_3D('',#6008,#4841,#4842);
#4500=AXIS2_PLACEMENT_3D('',#6010,#4844,#4845);
#4501=AXIS2_PLACEMENT_3D('',#6012,#4847,#4848);
#4502=AXIS2_PLACEMENT_3D('',#6013,#4849,#4850);
#4503=AXIS2_PLACEMENT_3D('',#6176,#4860,#4861);
#4504=AXIS2_PLACEMENT_3D('',#6179,#4864,#4865);
#4505=AXIS2_PLACEMENT_3D('',#6181,#4867,#4868);
#4506=AXIS2_PLACEMENT_3D('',#6303,#4880,#4881);
#4507=AXIS2_PLACEMENT_3D('',#6306,#4884,#4885);
#4508=AXIS2_PLACEMENT_3D('',#6385,#4894,#4895);
#4509=AXIS2_PLACEMENT_3D('',#6386,#4896,#4897);
#4510=AXIS2_PLACEMENT_3D('',#6389,#4900,#4901);
#4511=AXIS2_PLACEMENT_3D('',#6457,#4909,#4910);
#4512=AXIS2_PLACEMENT_3D('',#6458,#4911,#4912);
#4513=AXIS2_PLACEMENT_3D('',#6595,#4917,#4918);
#4514=AXIS2_PLACEMENT_3D('',#6707,#4930,#4931);
#4515=AXIS2_PLACEMENT_3D('',#6807,#4941,#4942);
#4516=AXIS2_PLACEMENT_3D('',#6890,#4951,#4952);
#4517=AXIS2_PLACEMENT_3D('',#6893,#4955,#4956);
#4518=AXIS2_PLACEMENT_3D('',#6895,#4958,#4959);
#4519=AXIS2_PLACEMENT_3D('',#6963,#4967,#4968);
#4520=AXIS2_PLACEMENT_3D('',#6965,#4970,#4971);
#4521=AXIS2_PLACEMENT_3D('',#6966,#4972,#4973);
#4522=AXIS2_PLACEMENT_3D('',#6969,#4976,#4977);
#4523=AXIS2_PLACEMENT_3D('',#7026,#4984,#4985);
#4524=AXIS2_PLACEMENT_3D('',#7027,#4986,#4987);
#4525=AXIS2_PLACEMENT_3D('',#7037,#4992,#4993);
#4526=AXIS2_PLACEMENT_3D('',#7039,#4994,#4995);
#4527=AXIS2_PLACEMENT_3D('',#7041,#4996,#4997);
#4528=AXIS2_PLACEMENT_3D('',#7043,#4998,#4999);
#4529=AXIS2_PLACEMENT_3D('',#7316,#5019,#5020);
#4530=AXIS2_PLACEMENT_3D('',#7325,#5025,#5026);
#4531=AXIS2_PLACEMENT_3D('',#7342,#5035,#5036);
#4532=AXIS2_PLACEMENT_3D('',#7345,#5039,#5040);
#4533=AXIS2_PLACEMENT_3D('',#7347,#5042,#5043);
#4534=AXIS2_PLACEMENT_3D('',#7349,#5045,#5046);
#4535=AXIS2_PLACEMENT_3D('',#7350,#5047,#5048);
#4536=AXIS2_PLACEMENT_3D('',#7353,#5051,#5052);
#4537=AXIS2_PLACEMENT_3D('',#7355,#5054,#5055);
#4538=AXIS2_PLACEMENT_3D('',#7357,#5057,#5058);
#4539=AXIS2_PLACEMENT_3D('',#7358,#5059,#5060);
#4540=AXIS2_PLACEMENT_3D('',#7441,#5069,#5070);
#4541=AXIS2_PLACEMENT_3D('',#7444,#5073,#5074);
#4542=AXIS2_PLACEMENT_3D('',#7446,#5076,#5077);
#4543=AXIS2_PLACEMENT_3D('',#7514,#5085,#5086);
#4544=AXIS2_PLACEMENT_3D('',#7516,#5088,#5089);
#4545=AXIS2_PLACEMENT_3D('',#7517,#5090,#5091);
#4546=AXIS2_PLACEMENT_3D('',#7520,#5094,#5095);
#4547=AXIS2_PLACEMENT_3D('',#7577,#5102,#5103);
#4548=AXIS2_PLACEMENT_3D('',#7578,#5104,#5105);
#4549=AXIS2_PLACEMENT_3D('',#7793,#5110,#5111);
#4550=AXIS2_PLACEMENT_3D('',#7993,#5131,#5132);
#4551=AXIS2_PLACEMENT_3D('',#8148,#5147,#5148);
#4552=AXIS2_PLACEMENT_3D('',#8173,#5161,#5162);
#4553=AXIS2_PLACEMENT_3D('',#8176,#5165,#5166);
#4554=AXIS2_PLACEMENT_3D('',#8178,#5168,#5169);
#4555=AXIS2_PLACEMENT_3D('',#8180,#5171,#5172);
#4556=AXIS2_PLACEMENT_3D('',#8182,#5174,#5175);
#4557=AXIS2_PLACEMENT_3D('',#8184,#5177,#5178);
#4558=AXIS2_PLACEMENT_3D('',#8186,#5180,#5181);
#4559=AXIS2_PLACEMENT_3D('',#8188,#5183,#5184);
#4560=AXIS2_PLACEMENT_3D('',#8190,#5186,#5187);
#4561=AXIS2_PLACEMENT_3D('',#8192,#5189,#5190);
#4562=AXIS2_PLACEMENT_3D('',#8194,#5192,#5193);
#4563=AXIS2_PLACEMENT_3D('',#8196,#5195,#5196);
#4564=AXIS2_PLACEMENT_3D('',#8197,#5197,#5198);
#4565=AXIS2_PLACEMENT_3D('',#8199,#5199,#5200);
#4566=AXIS2_PLACEMENT_3D('',#8200,#5201,#5202);
#4567=AXIS2_PLACEMENT_3D('',#8202,#5203,#5204);
#4568=AXIS2_PLACEMENT_3D('',#8204,#5206,#5207);
#4569=AXIS2_PLACEMENT_3D('',#8206,#5209,#5210);
#4570=AXIS2_PLACEMENT_3D('',#8208,#5211,#5212);
#4571=AXIS2_PLACEMENT_3D('',#8209,#5213,#5214);
#4572=AXIS2_PLACEMENT_3D('',#8211,#5215,#5216);
#4573=AXIS2_PLACEMENT_3D('',#8213,#5218,#5219);
#4574=AXIS2_PLACEMENT_3D('',#8215,#5221,#5222);
#4575=AXIS2_PLACEMENT_3D('',#8217,#5223,#5224);
#4576=AXIS2_PLACEMENT_3D('',#8218,#5225,#5226);
#4577=AXIS2_PLACEMENT_3D('',#8220,#5227,#5228);
#4578=AXIS2_PLACEMENT_3D('',#8222,#5230,#5231);
#4579=AXIS2_PLACEMENT_3D('',#8224,#5233,#5234);
#4580=AXIS2_PLACEMENT_3D('',#8226,#5235,#5236);
#4581=AXIS2_PLACEMENT_3D('',#8227,#5237,#5238);
#4582=AXIS2_PLACEMENT_3D('',#8229,#5239,#5240);
#4583=AXIS2_PLACEMENT_3D('',#8231,#5242,#5243);
#4584=AXIS2_PLACEMENT_3D('',#8233,#5245,#5246);
#4585=AXIS2_PLACEMENT_3D('',#8242,#5251,#5252);
#4586=AXIS2_PLACEMENT_3D('',#8246,#5255,#5256);
#4587=AXIS2_PLACEMENT_3D('',#8248,#5258,#5259);
#4588=AXIS2_PLACEMENT_3D('',#8251,#5262,#5263);
#4589=AXIS2_PLACEMENT_3D('',#8253,#5265,#5266);
#4590=AXIS2_PLACEMENT_3D('',#8255,#5268,#5269);
#4591=AXIS2_PLACEMENT_3D('',#8256,#5270,#5271);
#4592=AXIS2_PLACEMENT_3D('',#8265,#5276,#5277);
#4593=AXIS2_PLACEMENT_3D('',#8269,#5280,#5281);
#4594=AXIS2_PLACEMENT_3D('',#8271,#5283,#5284);
#4595=AXIS2_PLACEMENT_3D('',#8274,#5287,#5288);
#4596=AXIS2_PLACEMENT_3D('',#8276,#5290,#5291);
#4597=AXIS2_PLACEMENT_3D('',#8278,#5293,#5294);
#4598=AXIS2_PLACEMENT_3D('',#8279,#5295,#5296);
#4599=AXIS2_PLACEMENT_3D('',#8288,#5301,#5302);
#4600=AXIS2_PLACEMENT_3D('',#8292,#5305,#5306);
#4601=AXIS2_PLACEMENT_3D('',#8294,#5308,#5309);
#4602=AXIS2_PLACEMENT_3D('',#8297,#5312,#5313);
#4603=AXIS2_PLACEMENT_3D('',#8299,#5315,#5316);
#4604=AXIS2_PLACEMENT_3D('',#8301,#5318,#5319);
#4605=AXIS2_PLACEMENT_3D('',#8302,#5320,#5321);
#4606=AXIS2_PLACEMENT_3D('',#8311,#5326,#5327);
#4607=AXIS2_PLACEMENT_3D('',#8315,#5330,#5331);
#4608=AXIS2_PLACEMENT_3D('',#8317,#5333,#5334);
#4609=AXIS2_PLACEMENT_3D('',#8320,#5337,#5338);
#4610=AXIS2_PLACEMENT_3D('',#8322,#5340,#5341);
#4611=AXIS2_PLACEMENT_3D('',#8324,#5343,#5344);
#4612=AXIS2_PLACEMENT_3D('',#8325,#5345,#5346);
#4613=AXIS2_PLACEMENT_3D('',#8334,#5351,#5352);
#4614=AXIS2_PLACEMENT_3D('',#8340,#5356,#5357);
#4615=AXIS2_PLACEMENT_3D('',#8344,#5360,#5361);
#4616=AXIS2_PLACEMENT_3D('',#8348,#5364,#5365);
#4617=AXIS2_PLACEMENT_3D('',#8350,#5367,#5368);
#4618=AXIS2_PLACEMENT_3D('',#8356,#5372,#5373);
#4619=AXIS2_PLACEMENT_3D('',#8362,#5377,#5378);
#4620=AXIS2_PLACEMENT_3D('',#8365,#5381,#5382);
#4621=AXIS2_PLACEMENT_3D('',#8366,#5383,#5384);
#4622=DIRECTION('axis',(0.,0.,1.));
#4623=DIRECTION('refdir',(1.,0.,0.));
#4624=DIRECTION('center_axis',(0.,-1.,0.));
#4625=DIRECTION('ref_axis',(-1.,0.,0.));
#4626=DIRECTION('center_axis',(0.,-1.,0.));
#4627=DIRECTION('ref_axis',(-1.,0.,0.));
#4628=DIRECTION('',(0.,-1.,0.));
#4629=DIRECTION('center_axis',(0.,-1.,0.));
#4630=DIRECTION('ref_axis',(-1.,0.,0.));
#4631=DIRECTION('center_axis',(0.,1.,0.));
#4632=DIRECTION('ref_axis',(-1.,0.,0.));
#4633=DIRECTION('center_axis',(0.,-1.,0.));
#4634=DIRECTION('ref_axis',(-1.,0.,0.));
#4635=DIRECTION('center_axis',(0.,-1.,0.));
#4636=DIRECTION('ref_axis',(-1.,0.,0.));
#4637=DIRECTION('',(0.,-1.,0.));
#4638=DIRECTION('center_axis',(0.,-1.,0.));
#4639=DIRECTION('ref_axis',(-1.,0.,0.));
#4640=DIRECTION('center_axis',(0.,1.,0.));
#4641=DIRECTION('ref_axis',(-1.,0.,0.));
#4642=DIRECTION('center_axis',(0.,1.,0.));
#4643=DIRECTION('ref_axis',(0.,0.,1.));
#4644=DIRECTION('center_axis',(0.,-1.,0.));
#4645=DIRECTION('ref_axis',(-1.,0.,0.));
#4646=DIRECTION('center_axis',(-1.,0.,0.));
#4647=DIRECTION('ref_axis',(0.,0.,-1.));
#4648=DIRECTION('center_axis',(0.,1.,0.));
#4649=DIRECTION('ref_axis',(-1.,0.,0.));
#4650=DIRECTION('center_axis',(0.,1.,0.));
#4651=DIRECTION('ref_axis',(-1.,0.,0.));
#4652=DIRECTION('center_axis',(0.,-1.,0.));
#4653=DIRECTION('ref_axis',(-1.,0.,0.));
#4654=DIRECTION('center_axis',(0.,-1.,0.));
#4655=DIRECTION('ref_axis',(-1.,0.,0.));
#4656=DIRECTION('',(0.,-1.,0.));
#4657=DIRECTION('center_axis',(0.,-1.,0.));
#4658=DIRECTION('ref_axis',(-1.,0.,0.));
#4659=DIRECTION('center_axis',(0.,1.,0.));
#4660=DIRECTION('ref_axis',(1.,0.,0.));
#4661=DIRECTION('',(1.,0.,0.));
#4662=DIRECTION('',(0.,0.,-1.));
#4663=DIRECTION('',(1.,0.,0.));
#4664=DIRECTION('',(0.,0.,-1.));
#4665=DIRECTION('center_axis',(0.,-1.,0.));
#4666=DIRECTION('ref_axis',(0.,0.,-1.));
#4667=DIRECTION('center_axis',(0.,1.,0.));
#4668=DIRECTION('ref_axis',(-1.,0.,0.));
#4669=DIRECTION('center_axis',(-1.,0.,0.));
#4670=DIRECTION('ref_axis',(0.,0.,1.));
#4671=DIRECTION('center_axis',(0.,1.,0.));
#4672=DIRECTION('ref_axis',(-1.,0.,0.));
#4673=DIRECTION('',(1.,0.,0.));
#4674=DIRECTION('',(0.,0.,1.));
#4675=DIRECTION('',(-1.,0.,0.));
#4676=DIRECTION('',(0.,0.,1.));
#4677=DIRECTION('center_axis',(0.,0.707106781186548,-0.707106781186548));
#4678=DIRECTION('ref_axis',(-1.,0.,0.));
#4679=DIRECTION('',(-0.577350269189626,0.577350269189626,0.577350269189626));
#4680=DIRECTION('',(-1.,0.,0.));
#4681=DIRECTION('',(-0.577350269189626,-0.577350269189626,-0.577350269189626));
#4682=DIRECTION('',(1.,-1.26882631385771E-16,0.));
#4683=DIRECTION('center_axis',(0.707106781186548,0.,-0.707106781186548));
#4684=DIRECTION('ref_axis',(-0.707106781186548,0.,-0.707106781186548));
#4685=DIRECTION('',(0.,1.,0.));
#4686=DIRECTION('',(-0.577350269189626,0.577350269189626,-0.577350269189626));
#4687=DIRECTION('',(3.61488616817951E-13,-1.,0.));
#4688=DIRECTION('center_axis',(0.,-1.,0.));
#4689=DIRECTION('ref_axis',(-1.,0.,0.));
#4690=DIRECTION('',(0.,0.,-1.));
#4691=DIRECTION('',(-1.,0.,0.));
#4692=DIRECTION('',(0.,0.,-1.));
#4693=DIRECTION('center_axis',(-0.707106781186548,0.,-0.707106781186548));
#4694=DIRECTION('ref_axis',(-0.707106781186548,0.,0.707106781186548));
#4695=DIRECTION('',(0.,1.,0.));
#4696=DIRECTION('',(-0.577350269189626,-0.577350269189626,0.577350269189626));
#4697=DIRECTION('',(0.,-1.,0.));
#4698=DIRECTION('center_axis',(1.,0.,0.));
#4699=DIRECTION('ref_axis',(0.,-1.,0.));
#4700=DIRECTION('',(0.,-1.,0.));
#4701=DIRECTION('center_axis',(0.,-0.707106781186548,-0.707106781186548));
#4702=DIRECTION('ref_axis',(-1.,0.,0.));
#4703=DIRECTION('',(-1.,0.,0.));
#4704=DIRECTION('center_axis',(1.,0.,0.));
#4705=DIRECTION('ref_axis',(0.,-1.,0.));
#4706=DIRECTION('',(0.,-1.,0.));
#4707=DIRECTION('',(0.,0.,-1.));
#4708=DIRECTION('',(0.,0.,-1.));
#4709=DIRECTION('center_axis',(0.,1.,0.));
#4710=DIRECTION('ref_axis',(1.,0.,0.));
#4711=DIRECTION('',(1.,0.,0.));
#4712=DIRECTION('',(0.,0.,-1.));
#4713=DIRECTION('center_axis',(-1.,-3.61488616817951E-13,0.));
#4714=DIRECTION('ref_axis',(-3.61488616817951E-13,1.,0.));
#4715=DIRECTION('',(-3.61488616817951E-13,1.,0.));
#4716=DIRECTION('',(0.,0.,-1.));
#4717=DIRECTION('center_axis',(-1.26882631385771E-16,-1.,0.));
#4718=DIRECTION('ref_axis',(-1.,1.26882631385771E-16,0.));
#4719=DIRECTION('',(-1.,1.26882631385771E-16,0.));
#4720=DIRECTION('center_axis',(0.,0.,-1.));
#4721=DIRECTION('ref_axis',(-1.,0.,0.));
#4722=DIRECTION('',(-1.,0.,0.));
#4723=DIRECTION('',(0.,-1.,0.));
#4724=DIRECTION('',(1.,0.,0.));
#4725=DIRECTION('center_axis',(-1.,0.,0.));
#4726=DIRECTION('ref_axis',(0.,1.,0.));
#4727=DIRECTION('',(0.,1.,0.));
#4728=DIRECTION('center_axis',(1.,0.,0.));
#4729=DIRECTION('ref_axis',(0.,1.,0.));
#4730=DIRECTION('',(0.,1.,0.));
#4731=DIRECTION('',(0.,0.,1.));
#4732=DIRECTION('',(0.,-1.,0.));
#4733=DIRECTION('',(0.,0.,1.));
#4734=DIRECTION('center_axis',(0.,1.,0.));
#4735=DIRECTION('ref_axis',(-1.,0.,0.));
#4736=DIRECTION('',(-1.,0.,0.));
#4737=DIRECTION('',(1.,0.,0.));
#4738=DIRECTION('',(0.,0.,1.));
#4739=DIRECTION('center_axis',(0.,1.,0.));
#4740=DIRECTION('ref_axis',(-1.,0.,0.));
#4741=DIRECTION('',(-1.,0.,0.));
#4742=DIRECTION('',(0.,0.,1.));
#4743=DIRECTION('',(1.,0.,0.));
#4744=DIRECTION('',(0.,0.,1.));
#4745=DIRECTION('center_axis',(-1.,0.,0.));
#4746=DIRECTION('ref_axis',(0.,-1.,0.));
#4747=DIRECTION('',(0.,-1.,0.));
#4748=DIRECTION('',(0.,1.,0.));
#4749=DIRECTION('',(0.,0.,1.));
#4750=DIRECTION('center_axis',(-1.,0.,0.));
#4751=DIRECTION('ref_axis',(0.,-1.,0.));
#4752=DIRECTION('',(0.,-1.,0.));
#4753=DIRECTION('',(0.,0.,1.));
#4754=DIRECTION('',(0.,1.,0.));
#4755=DIRECTION('',(0.,0.,1.));
#4756=DIRECTION('center_axis',(0.,1.,0.));
#4757=DIRECTION('ref_axis',(-1.,0.,0.));
#4758=DIRECTION('',(-1.,0.,0.));
#4759=DIRECTION('',(0.,0.,1.));
#4760=DIRECTION('',(1.,0.,0.));
#4761=DIRECTION('center_axis',(1.,0.,0.));
#4762=DIRECTION('ref_axis',(0.,1.,0.));
#4763=DIRECTION('',(0.,1.,0.));
#4764=DIRECTION('',(0.,0.,1.));
#4765=DIRECTION('',(0.,-1.,0.));
#4766=DIRECTION('',(0.,0.,1.));
#4767=DIRECTION('center_axis',(0.,1.,0.));
#4768=DIRECTION('ref_axis',(-1.,0.,0.));
#4769=DIRECTION('',(-1.,0.,0.));
#4770=DIRECTION('',(1.,0.,0.));
#4771=DIRECTION('',(0.,0.,1.));
#4772=DIRECTION('center_axis',(0.,0.,-1.));
#4773=DIRECTION('ref_axis',(-1.,0.,0.));
#4774=DIRECTION('',(-1.,0.,0.));
#4775=DIRECTION('',(0.,-1.,0.));
#4776=DIRECTION('',(1.,0.,0.));
#4777=DIRECTION('center_axis',(0.,0.,-1.));
#4778=DIRECTION('ref_axis',(-1.,0.,0.));
#4779=DIRECTION('',(-1.,0.,0.));
#4780=DIRECTION('',(0.,-1.,0.));
#4781=DIRECTION('',(1.,0.,0.));
#4782=DIRECTION('center_axis',(0.,0.,-1.));
#4783=DIRECTION('ref_axis',(-1.,0.,0.));
#4784=DIRECTION('',(0.,-1.,0.));
#4785=DIRECTION('',(1.,-4.93432455388958E-17,0.));
#4786=DIRECTION('',(0.,1.,0.));
#4787=DIRECTION('',(-1.,0.,0.));
#4788=DIRECTION('',(0.,1.,0.));
#4789=DIRECTION('',(-1.,0.,0.));
#4790=DIRECTION('',(0.,-1.,0.));
#4791=DIRECTION('',(-1.,0.,0.));
#4792=DIRECTION('',(0.,-1.,0.));
#4793=DIRECTION('',(-1.,0.,0.));
#4794=DIRECTION('',(0.,1.,0.));
#4795=DIRECTION('',(-1.,0.,0.));
#4796=DIRECTION('',(-1.,0.,0.));
#4797=DIRECTION('',(0.,1.,0.));
#4798=DIRECTION('',(1.,0.,0.));
#4799=DIRECTION('',(0.969551696683149,-0.24488672372921,0.));
#4800=DIRECTION('',(-0.973350282715352,-0.229323411665588,0.));
#4801=DIRECTION('',(0.,-1.,0.));
#4802=DIRECTION('',(-1.,0.,0.));
#4803=DIRECTION('',(0.,1.,0.));
#4804=DIRECTION('',(1.,0.,0.));
#4805=DIRECTION('',(-1.,0.,0.));
#4806=DIRECTION('center_axis',(0.,0.,-1.));
#4807=DIRECTION('ref_axis',(-1.,0.,0.));
#4808=DIRECTION('',(-1.,0.,0.));
#4809=DIRECTION('',(0.,-1.,0.));
#4810=DIRECTION('',(1.,0.,0.));
#4811=DIRECTION('center_axis',(0.,0.,-1.));
#4812=DIRECTION('ref_axis',(-1.,0.,0.));
#4813=DIRECTION('',(1.,0.,0.));
#4814=DIRECTION('',(0.,1.,0.));
#4815=DIRECTION('',(-1.,4.82705662880503E-17,0.));
#4816=DIRECTION('',(0.,-1.,0.));
#4817=DIRECTION('',(1.,-4.93432455388958E-17,0.));
#4818=DIRECTION('',(0.,-1.,0.));
#4819=DIRECTION('',(-1.,0.,0.));
#4820=DIRECTION('',(0.,1.,0.));
#4821=DIRECTION('center_axis',(0.,1.,0.));
#4822=DIRECTION('ref_axis',(1.,0.,0.));
#4823=DIRECTION('',(1.,0.,0.));
#4824=DIRECTION('',(0.,0.,-1.));
#4825=DIRECTION('',(0.,0.,-1.));
#4826=DIRECTION('center_axis',(1.,0.,0.));
#4827=DIRECTION('ref_axis',(0.,-1.,0.));
#4828=DIRECTION('',(0.,-1.,0.));
#4829=DIRECTION('',(0.,0.,-1.));
#4830=DIRECTION('center_axis',(-4.82705662880503E-17,-1.,0.));
#4831=DIRECTION('ref_axis',(-1.,4.82705662880503E-17,0.));
#4832=DIRECTION('',(-1.,4.82705662880503E-17,0.));
#4833=DIRECTION('',(0.,0.,-1.));
#4834=DIRECTION('center_axis',(-1.,0.,0.));
#4835=DIRECTION('ref_axis',(0.,1.,0.));
#4836=DIRECTION('',(0.,1.,0.));
#4837=DIRECTION('center_axis',(4.93432455388958E-17,1.,0.));
#4838=DIRECTION('ref_axis',(1.,-4.93432455388958E-17,0.));
#4839=DIRECTION('',(0.,0.,-1.));
#4840=DIRECTION('',(0.,0.,-1.));
#4841=DIRECTION('center_axis',(-1.,0.,0.));
#4842=DIRECTION('ref_axis',(0.,1.,0.));
#4843=DIRECTION('',(0.,0.,-1.));
#4844=DIRECTION('center_axis',(0.,-1.,0.));
#4845=DIRECTION('ref_axis',(-1.,0.,0.));
#4846=DIRECTION('',(0.,0.,-1.));
#4847=DIRECTION('center_axis',(1.,0.,0.));
#4848=DIRECTION('ref_axis',(0.,-1.,0.));
#4849=DIRECTION('center_axis',(0.,0.,1.));
#4850=DIRECTION('ref_axis',(-1.,0.,0.));
#4851=DIRECTION('',(-1.,0.,0.));
#4852=DIRECTION('',(1.,0.,0.));
#4853=DIRECTION('',(0.,1.,0.));
#4854=DIRECTION('',(0.,-1.,0.));
#4855=DIRECTION('',(-1.,0.,0.));
#4856=DIRECTION('',(1.,0.,0.));
#4857=DIRECTION('',(0.,-1.,0.));
#4858=DIRECTION('',(-1.,0.,0.));
#4859=DIRECTION('',(1.,0.,0.));
#4860=DIRECTION('center_axis',(0.,-1.,0.));
#4861=DIRECTION('ref_axis',(-1.,0.,0.));
#4862=DIRECTION('',(0.,0.,-1.));
#4863=DIRECTION('',(0.,0.,-1.));
#4864=DIRECTION('center_axis',(-1.,0.,0.));
#4865=DIRECTION('ref_axis',(0.,1.,0.));
#4866=DIRECTION('',(0.,0.,-1.));
#4867=DIRECTION('center_axis',(0.,1.,0.));
#4868=DIRECTION('ref_axis',(1.,0.,0.));
#4869=DIRECTION('',(0.,0.,-1.));
#4870=DIRECTION('',(0.,0.,-1.));
#4871=DIRECTION('',(0.,0.,-1.));
#4872=DIRECTION('',(0.,0.,-1.));
#4873=DIRECTION('',(0.,0.,-1.));
#4874=DIRECTION('',(0.,0.,-1.));
#4875=DIRECTION('',(0.,0.,-1.));
#4876=DIRECTION('',(0.,0.,-1.));
#4877=DIRECTION('',(0.,0.,-1.));
#4878=DIRECTION('',(0.,0.,-1.));
#4879=DIRECTION('',(0.,0.,-1.));
#4880=DIRECTION('center_axis',(1.,0.,0.));
#4881=DIRECTION('ref_axis',(0.,-1.,0.));
#4882=DIRECTION('',(0.,0.,-1.));
#4883=DIRECTION('',(0.,0.,-1.));
#4884=DIRECTION('center_axis',(0.,1.,0.));
#4885=DIRECTION('ref_axis',(1.,0.,0.));
#4886=DIRECTION('',(0.,0.,-1.));
#4887=DIRECTION('',(0.,0.,-1.));
#4888=DIRECTION('',(0.,0.,-1.));
#4889=DIRECTION('',(0.,0.,-1.));
#4890=DIRECTION('',(0.,0.,-1.));
#4891=DIRECTION('',(0.,0.,-1.));
#4892=DIRECTION('',(0.,0.,-1.));
#4893=DIRECTION('',(0.,0.,-1.));
#4894=DIRECTION('center_axis',(0.,-1.,0.));
#4895=DIRECTION('ref_axis',(-1.,0.,0.));
#4896=DIRECTION('center_axis',(1.,0.,0.));
#4897=DIRECTION('ref_axis',(0.,-1.,0.));
#4898=DIRECTION('',(0.,0.,-1.));
#4899=DIRECTION('',(0.,0.,-1.));
#4900=DIRECTION('center_axis',(0.,1.,0.));
#4901=DIRECTION('ref_axis',(1.,0.,0.));
#4902=DIRECTION('',(0.,0.,-1.));
#4903=DIRECTION('',(0.,0.,-1.));
#4904=DIRECTION('',(0.,0.,-1.));
#4905=DIRECTION('',(0.,0.,-1.));
#4906=DIRECTION('',(0.,0.,-1.));
#4907=DIRECTION('',(0.,0.,-1.));
#4908=DIRECTION('',(0.,0.,-1.));
#4909=DIRECTION('center_axis',(0.,-1.,0.));
#4910=DIRECTION('ref_axis',(-1.,0.,0.));
#4911=DIRECTION('center_axis',(0.,0.,1.));
#4912=DIRECTION('ref_axis',(-1.,0.,0.));
#4913=DIRECTION('',(-0.973350282715352,-0.229323411665588,0.));
#4914=DIRECTION('',(0.969551696683149,-0.24488672372921,0.));
#4915=DIRECTION('',(0.,0.,-1.));
#4916=DIRECTION('',(0.,0.,-1.));
#4917=DIRECTION('center_axis',(0.24488672372921,0.969551696683149,0.));
#4918=DIRECTION('ref_axis',(0.969551696683149,-0.24488672372921,0.));
#4919=DIRECTION('',(0.,0.,-1.));
#4920=DIRECTION('',(0.,0.,-1.));
#4921=DIRECTION('',(0.,0.,-1.));
#4922=DIRECTION('',(0.,0.,-1.));
#4923=DIRECTION('',(0.,0.,-1.));
#4924=DIRECTION('',(0.,0.,-1.));
#4925=DIRECTION('',(0.,0.,-1.));
#4926=DIRECTION('',(0.,0.,-1.));
#4927=DIRECTION('',(0.,0.,-1.));
#4928=DIRECTION('',(0.,0.,-1.));
#4929=DIRECTION('',(0.,0.,-1.));
#4930=DIRECTION('center_axis',(0.229323411665588,-0.973350282715352,0.));
#4931=DIRECTION('ref_axis',(-0.973350282715352,-0.229323411665588,0.));
#4932=DIRECTION('',(0.,0.,-1.));
#4933=DIRECTION('',(0.,0.,-1.));
#4934=DIRECTION('',(0.,0.,-1.));
#4935=DIRECTION('',(0.,0.,-1.));
#4936=DIRECTION('',(0.,0.,-1.));
#4937=DIRECTION('',(0.,0.,-1.));
#4938=DIRECTION('',(0.,0.,-1.));
#4939=DIRECTION('',(0.,0.,-1.));
#4940=DIRECTION('',(0.,0.,-1.));
#4941=DIRECTION('center_axis',(0.,0.,1.));
#4942=DIRECTION('ref_axis',(-1.,0.,0.));
#4943=DIRECTION('',(-1.,0.,0.));
#4944=DIRECTION('',(0.,-1.,0.));
#4945=DIRECTION('',(-1.,0.,0.));
#4946=DIRECTION('',(1.,0.,0.));
#4947=DIRECTION('',(0.,1.,0.));
#4948=DIRECTION('',(0.,-1.,0.));
#4949=DIRECTION('',(-1.,0.,0.));
#4950=DIRECTION('',(1.,0.,0.));
#4951=DIRECTION('center_axis',(0.,-1.,0.));
#4952=DIRECTION('ref_axis',(-1.,0.,0.));
#4953=DIRECTION('',(0.,0.,-1.));
#4954=DIRECTION('',(0.,0.,-1.));
#4955=DIRECTION('center_axis',(-1.,0.,0.));
#4956=DIRECTION('ref_axis',(0.,1.,0.));
#4957=DIRECTION('',(0.,0.,-1.));
#4958=DIRECTION('center_axis',(0.,1.,0.));
#4959=DIRECTION('ref_axis',(1.,0.,0.));
#4960=DIRECTION('',(0.,0.,-1.));
#4961=DIRECTION('',(0.,0.,-1.));
#4962=DIRECTION('',(0.,0.,-1.));
#4963=DIRECTION('',(0.,0.,-1.));
#4964=DIRECTION('',(0.,0.,-1.));
#4965=DIRECTION('',(0.,0.,-1.));
#4966=DIRECTION('',(0.,0.,-1.));
#4967=DIRECTION('center_axis',(0.,-1.,0.));
#4968=DIRECTION('ref_axis',(-1.,0.,0.));
#4969=DIRECTION('',(0.,0.,-1.));
#4970=DIRECTION('center_axis',(1.,0.,0.));
#4971=DIRECTION('ref_axis',(0.,-1.,0.));
#4972=DIRECTION('center_axis',(1.,0.,0.));
#4973=DIRECTION('ref_axis',(0.,-1.,0.));
#4974=DIRECTION('',(0.,0.,-1.));
#4975=DIRECTION('',(0.,0.,-1.));
#4976=DIRECTION('center_axis',(0.,1.,0.));
#4977=DIRECTION('ref_axis',(1.,0.,0.));
#4978=DIRECTION('',(0.,0.,-1.));
#4979=DIRECTION('',(0.,0.,-1.));
#4980=DIRECTION('',(0.,0.,-1.));
#4981=DIRECTION('',(0.,0.,-1.));
#4982=DIRECTION('',(0.,0.,-1.));
#4983=DIRECTION('',(0.,0.,-1.));
#4984=DIRECTION('center_axis',(0.,-1.,0.));
#4985=DIRECTION('ref_axis',(-1.,0.,0.));
#4986=DIRECTION('center_axis',(0.,0.,-1.));
#4987=DIRECTION('ref_axis',(-1.,0.,0.));
#4988=DIRECTION('',(-1.,0.,0.));
#4989=DIRECTION('',(0.,-1.,0.));
#4990=DIRECTION('',(1.,0.,0.));
#4991=DIRECTION('',(3.17215277959931E-17,1.,0.));
#4992=DIRECTION('center_axis',(0.,0.,-1.));
#4993=DIRECTION('ref_axis',(-1.,0.,0.));
#4994=DIRECTION('center_axis',(0.,0.,-1.));
#4995=DIRECTION('ref_axis',(-1.,0.,0.));
#4996=DIRECTION('center_axis',(0.,0.,-1.));
#4997=DIRECTION('ref_axis',(-1.,0.,0.));
#4998=DIRECTION('center_axis',(0.,0.,-1.));
#4999=DIRECTION('ref_axis',(-1.,0.,0.));
#5000=DIRECTION('',(0.,-1.,0.));
#5001=DIRECTION('',(-1.,0.,0.));
#5002=DIRECTION('',(0.,1.,0.));
#5003=DIRECTION('',(1.,0.,0.));
#5004=DIRECTION('',(-1.,0.,0.));
#5005=DIRECTION('',(0.996199640945167,0.0870992272108063,0.));
#5006=DIRECTION('',(-0.997179282672485,-0.0750565001101664,0.));
#5007=DIRECTION('',(0.,-1.,0.));
#5008=DIRECTION('',(-1.,0.,0.));
#5009=DIRECTION('',(0.,1.,0.));
#5010=DIRECTION('',(1.,6.1418376099577E-16,0.));
#5011=DIRECTION('',(0.,-1.,0.));
#5012=DIRECTION('',(-1.,-7.51772269390456E-16,0.));
#5013=DIRECTION('',(0.,-1.,0.));
#5014=DIRECTION('',(1.,8.02755618014946E-16,0.));
#5015=DIRECTION('',(0.,-1.,0.));
#5016=DIRECTION('',(-1.,-8.02755618014946E-16,0.));
#5017=DIRECTION('',(0.,-1.,0.));
#5018=DIRECTION('',(1.,7.23371929848762E-16,0.));
#5019=DIRECTION('center_axis',(0.,0.,-1.));
#5020=DIRECTION('ref_axis',(-1.,0.,0.));
#5021=DIRECTION('',(1.,0.,0.));
#5022=DIRECTION('',(-9.0020418330182E-17,-1.,0.));
#5023=DIRECTION('',(-1.,0.,0.));
#5024=DIRECTION('',(0.,1.,0.));
#5025=DIRECTION('center_axis',(0.,0.,-1.));
#5026=DIRECTION('ref_axis',(-1.,0.,0.));
#5027=DIRECTION('',(-9.0020418330182E-17,-1.,0.));
#5028=DIRECTION('',(1.,0.,0.));
#5029=DIRECTION('',(0.,1.,0.));
#5030=DIRECTION('',(-1.,0.,0.));
#5031=DIRECTION('',(0.,-1.,0.));
#5032=DIRECTION('',(-1.,0.,0.));
#5033=DIRECTION('',(3.17215277959931E-17,1.,0.));
#5034=DIRECTION('',(1.,0.,0.));
#5035=DIRECTION('center_axis',(1.,-9.0020418330182E-17,0.));
#5036=DIRECTION('ref_axis',(-9.0020418330182E-17,-1.,0.));
#5037=DIRECTION('',(0.,0.,-1.));
#5038=DIRECTION('',(0.,0.,-1.));
#5039=DIRECTION('center_axis',(0.,-1.,0.));
#5040=DIRECTION('ref_axis',(-1.,0.,0.));
#5041=DIRECTION('',(0.,0.,-1.));
#5042=DIRECTION('center_axis',(-1.,0.,0.));
#5043=DIRECTION('ref_axis',(0.,1.,0.));
#5044=DIRECTION('',(0.,0.,-1.));
#5045=DIRECTION('center_axis',(0.,1.,0.));
#5046=DIRECTION('ref_axis',(1.,0.,0.));
#5047=DIRECTION('center_axis',(1.,0.,0.));
#5048=DIRECTION('ref_axis',(0.,-1.,0.));
#5049=DIRECTION('',(0.,0.,-1.));
#5050=DIRECTION('',(0.,0.,-1.));
#5051=DIRECTION('center_axis',(0.,1.,0.));
#5052=DIRECTION('ref_axis',(1.,0.,0.));
#5053=DIRECTION('',(0.,0.,-1.));
#5054=DIRECTION('center_axis',(-1.,3.17215277959931E-17,0.));
#5055=DIRECTION('ref_axis',(3.17215277959931E-17,1.,0.));
#5056=DIRECTION('',(0.,0.,-1.));
#5057=DIRECTION('center_axis',(0.,-1.,0.));
#5058=DIRECTION('ref_axis',(-1.,0.,0.));
#5059=DIRECTION('center_axis',(0.,0.,1.));
#5060=DIRECTION('ref_axis',(-1.,0.,0.));
#5061=DIRECTION('',(-1.,0.,0.));
#5062=DIRECTION('',(0.,-1.,0.));
#5063=DIRECTION('',(-1.,0.,0.));
#5064=DIRECTION('',(1.,0.,0.));
#5065=DIRECTION('',(0.,1.,0.));
#5066=DIRECTION('',(0.,-1.,0.));
#5067=DIRECTION('',(-1.,0.,0.));
#5068=DIRECTION('',(1.,0.,0.));
#5069=DIRECTION('center_axis',(0.,-1.,0.));
#5070=DIRECTION('ref_axis',(-1.,0.,0.));
#5071=DIRECTION('',(0.,0.,-1.));
#5072=DIRECTION('',(0.,0.,-1.));
#5073=DIRECTION('center_axis',(-1.,0.,0.));
#5074=DIRECTION('ref_axis',(0.,1.,0.));
#5075=DIRECTION('',(0.,0.,-1.));
#5076=DIRECTION('center_axis',(0.,1.,0.));
#5077=DIRECTION('ref_axis',(1.,0.,0.));
#5078=DIRECTION('',(0.,0.,-1.));
#5079=DIRECTION('',(0.,0.,-1.));
#5080=DIRECTION('',(0.,0.,-1.));
#5081=DIRECTION('',(0.,0.,-1.));
#5082=DIRECTION('',(0.,0.,-1.));
#5083=DIRECTION('',(0.,0.,-1.));
#5084=DIRECTION('',(0.,0.,-1.));
#5085=DIRECTION('center_axis',(0.,-1.,0.));
#5086=DIRECTION('ref_axis',(-1.,0.,0.));
#5087=DIRECTION('',(0.,0.,-1.));
#5088=DIRECTION('center_axis',(1.,0.,0.));
#5089=DIRECTION('ref_axis',(0.,-1.,0.));
#5090=DIRECTION('center_axis',(1.,0.,0.));
#5091=DIRECTION('ref_axis',(0.,-1.,0.));
#5092=DIRECTION('',(0.,0.,-1.));
#5093=DIRECTION('',(0.,0.,-1.));
#5094=DIRECTION('center_axis',(0.,1.,0.));
#5095=DIRECTION('ref_axis',(1.,0.,0.));
#5096=DIRECTION('',(0.,0.,-1.));
#5097=DIRECTION('',(0.,0.,-1.));
#5098=DIRECTION('',(0.,0.,-1.));
#5099=DIRECTION('',(0.,0.,-1.));
#5100=DIRECTION('',(0.,0.,-1.));
#5101=DIRECTION('',(0.,0.,-1.));
#5102=DIRECTION('center_axis',(0.,-1.,0.));
#5103=DIRECTION('ref_axis',(-1.,0.,0.));
#5104=DIRECTION('center_axis',(0.,0.,1.));
#5105=DIRECTION('ref_axis',(-1.,0.,0.));
#5106=DIRECTION('',(-0.997179282672485,-0.0750565001101664,0.));
#5107=DIRECTION('',(0.996199640945167,0.0870992272108063,0.));
#5108=DIRECTION('',(0.,0.,-1.));
#5109=DIRECTION('',(0.,0.,-1.));
#5110=DIRECTION('center_axis',(-0.0870992272108063,0.996199640945167,0.));
#5111=DIRECTION('ref_axis',(0.996199640945167,0.0870992272108063,0.));
#5112=DIRECTION('',(0.,0.,-1.));
#5113=DIRECTION('',(0.,0.,-1.));
#5114=DIRECTION('',(0.,0.,-1.));
#5115=DIRECTION('',(0.,0.,-1.));
#5116=DIRECTION('',(0.,0.,-1.));
#5117=DIRECTION('',(0.,0.,-1.));
#5118=DIRECTION('',(0.,0.,-1.));
#5119=DIRECTION('',(0.,0.,-1.));
#5120=DIRECTION('',(0.,0.,-1.));
#5121=DIRECTION('',(0.,0.,-1.));
#5122=DIRECTION('',(0.,0.,-1.));
#5123=DIRECTION('',(0.,0.,-1.));
#5124=DIRECTION('',(0.,0.,-1.));
#5125=DIRECTION('',(0.,0.,-1.));
#5126=DIRECTION('',(0.,0.,-1.));
#5127=DIRECTION('',(0.,0.,-1.));
#5128=DIRECTION('',(0.,0.,-1.));
#5129=DIRECTION('',(0.,0.,-1.));
#5130=DIRECTION('',(0.,0.,-1.));
#5131=DIRECTION('center_axis',(0.0750565001101665,-0.997179282672486,0.));
#5132=DIRECTION('ref_axis',(-0.997179282672485,-0.0750565001101664,0.));
#5133=DIRECTION('',(0.,0.,-1.));
#5134=DIRECTION('',(0.,0.,-1.));
#5135=DIRECTION('',(0.,0.,-1.));
#5136=DIRECTION('',(0.,0.,-1.));
#5137=DIRECTION('',(0.,0.,-1.));
#5138=DIRECTION('',(0.,0.,-1.));
#5139=DIRECTION('',(0.,0.,-1.));
#5140=DIRECTION('',(0.,0.,-1.));
#5141=DIRECTION('',(0.,0.,-1.));
#5142=DIRECTION('',(0.,0.,-1.));
#5143=DIRECTION('',(0.,0.,-1.));
#5144=DIRECTION('',(0.,0.,-1.));
#5145=DIRECTION('',(0.,0.,-1.));
#5146=DIRECTION('',(0.,0.,-1.));
#5147=DIRECTION('center_axis',(0.,0.,-1.));
#5148=DIRECTION('ref_axis',(-1.,0.,0.));
#5149=DIRECTION('',(-1.,0.,0.));
#5150=DIRECTION('',(0.,-1.,0.));
#5151=DIRECTION('',(1.,7.23371929848762E-16,0.));
#5152=DIRECTION('',(0.,-1.,0.));
#5153=DIRECTION('',(-1.,-8.02755618014946E-16,0.));
#5154=DIRECTION('',(0.,-1.,0.));
#5155=DIRECTION('',(1.,8.02755618014946E-16,0.));
#5156=DIRECTION('',(0.,-1.,0.));
#5157=DIRECTION('',(-1.,-7.51772269390456E-16,0.));
#5158=DIRECTION('',(0.,-1.,0.));
#5159=DIRECTION('',(1.,6.1418376099577E-16,0.));
#5160=DIRECTION('',(0.,1.,0.));
#5161=DIRECTION('center_axis',(0.,-1.,0.));
#5162=DIRECTION('ref_axis',(-1.,0.,0.));
#5163=DIRECTION('',(0.,0.,-1.));
#5164=DIRECTION('',(0.,0.,-1.));
#5165=DIRECTION('center_axis',(-1.,0.,0.));
#5166=DIRECTION('ref_axis',(0.,1.,0.));
#5167=DIRECTION('',(0.,0.,-1.));
#5168=DIRECTION('center_axis',(-6.1418376099577E-16,1.,0.));
#5169=DIRECTION('ref_axis',(1.,6.1418376099577E-16,0.));
#5170=DIRECTION('',(0.,0.,-1.));
#5171=DIRECTION('center_axis',(1.,0.,0.));
#5172=DIRECTION('ref_axis',(0.,-1.,0.));
#5173=DIRECTION('',(0.,0.,-1.));
#5174=DIRECTION('center_axis',(7.51772269390456E-16,-1.,0.));
#5175=DIRECTION('ref_axis',(-1.,-7.51772269390456E-16,0.));
#5176=DIRECTION('',(0.,0.,-1.));
#5177=DIRECTION('center_axis',(1.,0.,0.));
#5178=DIRECTION('ref_axis',(0.,-1.,0.));
#5179=DIRECTION('',(0.,0.,-1.));
#5180=DIRECTION('center_axis',(-8.02755618014946E-16,1.,0.));
#5181=DIRECTION('ref_axis',(1.,8.02755618014946E-16,0.));
#5182=DIRECTION('',(0.,0.,-1.));
#5183=DIRECTION('center_axis',(1.,0.,0.));
#5184=DIRECTION('ref_axis',(0.,-1.,0.));
#5185=DIRECTION('',(0.,0.,-1.));
#5186=DIRECTION('center_axis',(8.02755618014946E-16,-1.,0.));
#5187=DIRECTION('ref_axis',(-1.,-8.02755618014946E-16,0.));
#5188=DIRECTION('',(0.,0.,-1.));
#5189=DIRECTION('center_axis',(1.,0.,0.));
#5190=DIRECTION('ref_axis',(0.,-1.,0.));
#5191=DIRECTION('',(0.,0.,-1.));
#5192=DIRECTION('center_axis',(-7.23371929848763E-16,1.,0.));
#5193=DIRECTION('ref_axis',(1.,7.23371929848762E-16,0.));
#5194=DIRECTION('',(0.,0.,-1.));
#5195=DIRECTION('center_axis',(1.,0.,0.));
#5196=DIRECTION('ref_axis',(0.,-1.,0.));
#5197=DIRECTION('center_axis',(0.,0.,1.));
#5198=DIRECTION('ref_axis',(-1.,0.,0.));
#5199=DIRECTION('center_axis',(0.,0.,-1.));
#5200=DIRECTION('ref_axis',(-1.,0.,0.));
#5201=DIRECTION('center_axis',(0.,0.,-1.));
#5202=DIRECTION('ref_axis',(-1.,0.,0.));
#5203=DIRECTION('center_axis',(0.,0.,1.));
#5204=DIRECTION('ref_axis',(-1.,0.,0.));
#5205=DIRECTION('',(0.0871557427476582,1.0673500138323E-17,-0.996194698091746));
#5206=DIRECTION('center_axis',(0.,0.,-1.));
#5207=DIRECTION('ref_axis',(-1.,0.,0.));
#5208=DIRECTION('',(-0.737277336810122,9.02904330608401E-17,0.675590207615662));
#5209=DIRECTION('center_axis',(0.,0.,1.));
#5210=DIRECTION('ref_axis',(-1.,0.,0.));
#5211=DIRECTION('center_axis',(0.,0.,-1.));
#5212=DIRECTION('ref_axis',(-1.,0.,0.));
#5213=DIRECTION('center_axis',(0.,0.,-1.));
#5214=DIRECTION('ref_axis',(-1.,0.,0.));
#5215=DIRECTION('center_axis',(0.,0.,1.));
#5216=DIRECTION('ref_axis',(-1.,0.,0.));
#5217=DIRECTION('',(0.0871557427476582,1.0673500138323E-17,-0.996194698091746));
#5218=DIRECTION('center_axis',(0.,0.,-1.));
#5219=DIRECTION('ref_axis',(-1.,0.,0.));
#5220=DIRECTION('',(-0.737277336810128,9.02904330608408E-17,0.675590207615656));
#5221=DIRECTION('center_axis',(0.,0.,1.));
#5222=DIRECTION('ref_axis',(-1.,0.,0.));
#5223=DIRECTION('center_axis',(0.,0.,-1.));
#5224=DIRECTION('ref_axis',(-1.,0.,0.));
#5225=DIRECTION('center_axis',(0.,0.,-1.));
#5226=DIRECTION('ref_axis',(-1.,0.,0.));
#5227=DIRECTION('center_axis',(0.,0.,1.));
#5228=DIRECTION('ref_axis',(-1.,0.,0.));
#5229=DIRECTION('',(0.0871557427476582,1.0673500138323E-17,-0.996194698091746));
#5230=DIRECTION('center_axis',(0.,0.,-1.));
#5231=DIRECTION('ref_axis',(-1.,0.,0.));
#5232=DIRECTION('',(-0.737277336810128,9.02904330608408E-17,0.675590207615656));
#5233=DIRECTION('center_axis',(0.,0.,1.));
#5234=DIRECTION('ref_axis',(-1.,0.,0.));
#5235=DIRECTION('center_axis',(0.,0.,-1.));
#5236=DIRECTION('ref_axis',(-1.,0.,0.));
#5237=DIRECTION('center_axis',(0.,0.,-1.));
#5238=DIRECTION('ref_axis',(-1.,0.,0.));
#5239=DIRECTION('center_axis',(0.,1.65252511677262E-15,1.));
#5240=DIRECTION('ref_axis',(-1.,0.,0.));
#5241=DIRECTION('',(0.0871557427476582,1.0673500138323E-17,-0.996194698091746));
#5242=DIRECTION('center_axis',(0.,0.,-1.));
#5243=DIRECTION('ref_axis',(-1.,0.,0.));
#5244=DIRECTION('',(-0.737277336810124,9.02904330608403E-17,0.675590207615661));
#5245=DIRECTION('center_axis',(0.,0.,1.));
#5246=DIRECTION('ref_axis',(1.,0.,0.));
#5247=DIRECTION('',(0.,1.,0.));
#5248=DIRECTION('',(-1.,0.,0.));
#5249=DIRECTION('',(0.,-1.,0.));
#5250=DIRECTION('',(1.,0.,0.));
#5251=DIRECTION('center_axis',(-1.,0.,0.));
#5252=DIRECTION('ref_axis',(0.,-1.,0.));
#5253=DIRECTION('',(0.,-1.,0.));
#5254=DIRECTION('',(0.,0.,1.));
#5255=DIRECTION('center_axis',(0.,-1.,0.));
#5256=DIRECTION('ref_axis',(1.,0.,0.));
#5257=DIRECTION('',(1.,0.,0.));
#5258=DIRECTION('center_axis',(0.,-0.707106781186548,0.707106781186547));
#5259=DIRECTION('ref_axis',(1.,0.,0.));
#5260=DIRECTION('',(0.577350269189624,-0.577350269189626,-0.577350269189627));
#5261=DIRECTION('',(-0.577350269189624,-0.577350269189626,-0.577350269189627));
#5262=DIRECTION('center_axis',(0.707106781186549,0.,0.707106781186546));
#5263=DIRECTION('ref_axis',(0.707106781186546,0.,-0.707106781186549));
#5264=DIRECTION('',(0.577350269189624,0.577350269189626,-0.577350269189627));
#5265=DIRECTION('center_axis',(0.,0.707106781186548,0.707106781186547));
#5266=DIRECTION('ref_axis',(1.,0.,0.));
#5267=DIRECTION('',(-0.577350269189624,0.577350269189626,-0.577350269189627));
#5268=DIRECTION('center_axis',(-0.707106781186549,0.,0.707106781186546));
#5269=DIRECTION('ref_axis',(0.707106781186546,0.,0.707106781186549));
#5270=DIRECTION('center_axis',(0.,0.,1.));
#5271=DIRECTION('ref_axis',(1.,0.,0.));
#5272=DIRECTION('',(-1.,0.,0.));
#5273=DIRECTION('',(0.,-1.,0.));
#5274=DIRECTION('',(1.,0.,0.));
#5275=DIRECTION('',(0.,1.,0.));
#5276=DIRECTION('center_axis',(0.,-1.,0.));
#5277=DIRECTION('ref_axis',(1.,0.,0.));
#5278=DIRECTION('',(1.,0.,0.));
#5279=DIRECTION('',(0.,0.,1.));
#5280=DIRECTION('center_axis',(1.,0.,0.));
#5281=DIRECTION('ref_axis',(0.,1.,0.));
#5282=DIRECTION('',(0.,1.,0.));
#5283=DIRECTION('center_axis',(0.707106781186549,0.,0.707106781186546));
#5284=DIRECTION('ref_axis',(0.707106781186546,0.,-0.707106781186549));
#5285=DIRECTION('',(0.577350269189625,0.577350269189625,-0.577350269189628));
#5286=DIRECTION('',(0.577350269189625,-0.577350269189625,-0.577350269189628));
#5287=DIRECTION('center_axis',(0.,0.707106781186549,0.707106781186546));
#5288=DIRECTION('ref_axis',(1.,0.,0.));
#5289=DIRECTION('',(-0.577350269189625,0.577350269189625,-0.577350269189628));
#5290=DIRECTION('center_axis',(-0.707106781186549,0.,0.707106781186546));
#5291=DIRECTION('ref_axis',(0.707106781186546,0.,0.707106781186549));
#5292=DIRECTION('',(-0.577350269189625,-0.577350269189625,-0.577350269189628));
#5293=DIRECTION('center_axis',(0.,-0.707106781186549,0.707106781186546));
#5294=DIRECTION('ref_axis',(1.,0.,0.));
#5295=DIRECTION('center_axis',(0.,0.,1.));
#5296=DIRECTION('ref_axis',(1.,0.,0.));
#5297=DIRECTION('',(-1.,0.,0.));
#5298=DIRECTION('',(0.,-1.,0.));
#5299=DIRECTION('',(1.,0.,0.));
#5300=DIRECTION('',(0.,1.,0.));
#5301=DIRECTION('center_axis',(0.,-1.,0.));
#5302=DIRECTION('ref_axis',(1.,0.,0.));
#5303=DIRECTION('',(1.,0.,0.));
#5304=DIRECTION('',(0.,0.,1.));
#5305=DIRECTION('center_axis',(1.,0.,0.));
#5306=DIRECTION('ref_axis',(0.,1.,0.));
#5307=DIRECTION('',(0.,1.,0.));
#5308=DIRECTION('center_axis',(0.707106781186548,0.,0.707106781186548));
#5309=DIRECTION('ref_axis',(0.707106781186548,0.,-0.707106781186548));
#5310=DIRECTION('',(0.577350269189626,0.577350269189625,-0.577350269189626));
#5311=DIRECTION('',(0.577350269189626,-0.577350269189626,-0.577350269189626));
#5312=DIRECTION('center_axis',(0.,0.707106781186548,0.707106781186547));
#5313=DIRECTION('ref_axis',(1.,0.,0.));
#5314=DIRECTION('',(-0.577350269189626,0.577350269189625,-0.577350269189626));
#5315=DIRECTION('center_axis',(-0.707106781186548,0.,0.707106781186548));
#5316=DIRECTION('ref_axis',(0.707106781186548,0.,0.707106781186548));
#5317=DIRECTION('',(-0.577350269189626,-0.577350269189625,-0.577350269189626));
#5318=DIRECTION('center_axis',(0.,-0.707106781186548,0.707106781186547));
#5319=DIRECTION('ref_axis',(1.,0.,0.));
#5320=DIRECTION('center_axis',(0.,0.,1.));
#5321=DIRECTION('ref_axis',(1.,0.,0.));
#5322=DIRECTION('',(0.,1.,0.));
#5323=DIRECTION('',(-1.,0.,0.));
#5324=DIRECTION('',(0.,-1.,0.));
#5325=DIRECTION('',(1.,0.,0.));
#5326=DIRECTION('center_axis',(-1.,0.,0.));
#5327=DIRECTION('ref_axis',(0.,-1.,0.));
#5328=DIRECTION('',(0.,-1.,0.));
#5329=DIRECTION('',(0.,0.,1.));
#5330=DIRECTION('center_axis',(0.,-1.,0.));
#5331=DIRECTION('ref_axis',(1.,0.,0.));
#5332=DIRECTION('',(1.,0.,0.));
#5333=DIRECTION('center_axis',(0.,-0.707106781186549,0.707106781186546));
#5334=DIRECTION('ref_axis',(1.,0.,0.));
#5335=DIRECTION('',(0.577350269189627,-0.577350269189624,-0.577350269189627));
#5336=DIRECTION('',(-0.577350269189626,-0.577350269189624,-0.577350269189627));
#5337=DIRECTION('center_axis',(0.707106781186548,0.,0.707106781186548));
#5338=DIRECTION('ref_axis',(0.707106781186548,0.,-0.707106781186548));
#5339=DIRECTION('',(0.577350269189627,0.577350269189624,-0.577350269189627));
#5340=DIRECTION('center_axis',(0.,0.707106781186549,0.707106781186546));
#5341=DIRECTION('ref_axis',(1.,0.,0.));
#5342=DIRECTION('',(-0.577350269189627,0.577350269189624,-0.577350269189627));
#5343=DIRECTION('center_axis',(-0.707106781186548,0.,0.707106781186547));
#5344=DIRECTION('ref_axis',(0.707106781186547,0.,0.707106781186548));
#5345=DIRECTION('center_axis',(0.,0.,1.));
#5346=DIRECTION('ref_axis',(-1.,0.,0.));
#5347=DIRECTION('',(1.,0.,0.));
#5348=DIRECTION('',(0.,1.,0.));
#5349=DIRECTION('',(-1.,0.,0.));
#5350=DIRECTION('',(0.,-1.,0.));
#5351=DIRECTION('center_axis',(-1.,0.,0.));
#5352=DIRECTION('ref_axis',(0.,1.,0.));
#5353=DIRECTION('',(0.,0.,-1.));
#5354=DIRECTION('',(0.,1.,0.));
#5355=DIRECTION('',(0.,0.,-1.));
#5356=DIRECTION('center_axis',(0.,-1.,0.));
#5357=DIRECTION('ref_axis',(-1.,0.,0.));
#5358=DIRECTION('',(-1.,0.,0.));
#5359=DIRECTION('',(0.,0.,-1.));
#5360=DIRECTION('center_axis',(0.,1.,0.));
#5361=DIRECTION('ref_axis',(1.,0.,0.));
#5362=DIRECTION('',(0.,0.,-1.));
#5363=DIRECTION('',(1.,0.,0.));
#5364=DIRECTION('center_axis',(1.,0.,0.));
#5365=DIRECTION('ref_axis',(0.,-1.,0.));
#5366=DIRECTION('',(0.,-1.,0.));
#5367=DIRECTION('center_axis',(1.,0.,0.));
#5368=DIRECTION('ref_axis',(0.,1.,0.));
#5369=DIRECTION('',(0.,-1.,0.));
#5370=DIRECTION('',(0.,1.,0.));
#5371=DIRECTION('',(0.,0.,1.));
#5372=DIRECTION('center_axis',(0.,-1.,0.));
#5373=DIRECTION('ref_axis',(1.,0.,0.));
#5374=DIRECTION('',(-1.,0.,0.));
#5375=DIRECTION('',(1.,0.,0.));
#5376=DIRECTION('',(0.,0.,1.));
#5377=DIRECTION('center_axis',(-1.,0.,0.));
#5378=DIRECTION('ref_axis',(0.,-1.,0.));
#5379=DIRECTION('',(0.,1.,0.));
#5380=DIRECTION('',(0.,-1.,0.));
#5381=DIRECTION('center_axis',(0.,0.,1.));
#5382=DIRECTION('ref_axis',(1.,0.,0.));
#5383=DIRECTION('center_axis',(0.,0.,1.));
#5384=DIRECTION('ref_axis',(1.,0.,0.));
#5385=CARTESIAN_POINT('',(0.,0.,0.));
#5386=CARTESIAN_POINT('Origin',(76.5,77.,24.));
#5387=CARTESIAN_POINT('',(77.5,70.,24.));
#5388=CARTESIAN_POINT('Origin',(76.5,70.,24.));
#5389=CARTESIAN_POINT('',(77.5,67.,24.));
#5390=CARTESIAN_POINT('',(77.5,77.,24.));
#5391=CARTESIAN_POINT('Origin',(76.5,67.,24.));
#5392=CARTESIAN_POINT('Origin',(76.5,67.,24.));
#5393=CARTESIAN_POINT('Origin',(76.5,77.,36.));
#5394=CARTESIAN_POINT('',(77.5,70.,36.));
#5395=CARTESIAN_POINT('Origin',(76.5,70.,36.));
#5396=CARTESIAN_POINT('',(77.5,67.,36.));
#5397=CARTESIAN_POINT('',(77.5,77.,36.));
#5398=CARTESIAN_POINT('Origin',(76.5,67.,36.));
#5399=CARTESIAN_POINT('Origin',(76.5,67.,36.));
#5400=CARTESIAN_POINT('Origin',(24.6469209899767,66.2,21.496216139462));
#5401=CARTESIAN_POINT('',(24.6469209899767,65.,15.296216139462));
#5402=CARTESIAN_POINT('Origin',(24.6469209899767,65.,21.496216139462));
#5403=CARTESIAN_POINT('',(24.6469209899767,66.2,16.496216139462));
#5404=CARTESIAN_POINT('Origin',(24.6469209899767,66.2,15.296216139462));
#5405=CARTESIAN_POINT('',(29.6469209899767,66.2,21.496216139462));
#5406=CARTESIAN_POINT('Origin',(24.6469209899767,66.2,21.496216139462));
#5407=CARTESIAN_POINT('Origin',(24.6469209899767,66.2,21.496216139462));
#5408=CARTESIAN_POINT('Origin',(24.6469209899767,70.,21.496216139462));
#5409=CARTESIAN_POINT('',(29.6469209899767,68.8,21.496216139462));
#5410=CARTESIAN_POINT('',(24.6469209899767,68.8,26.496216139462));
#5411=CARTESIAN_POINT('Origin',(24.6469209899767,68.8,21.496216139462));
#5412=CARTESIAN_POINT('',(29.6469209899767,70.,21.496216139462));
#5413=CARTESIAN_POINT('Origin',(24.6469209899767,68.8,21.496216139462));
#5414=CARTESIAN_POINT('Origin',(-75.,65.,50.));
#5415=CARTESIAN_POINT('',(-75.,65.,35.));
#5416=CARTESIAN_POINT('',(75.,65.,35.));
#5417=CARTESIAN_POINT('',(-75.,65.,35.));
#5418=CARTESIAN_POINT('',(-75.,65.,5.));
#5419=CARTESIAN_POINT('',(-75.,65.,50.));
#5420=CARTESIAN_POINT('',(75.,65.,5.));
#5421=CARTESIAN_POINT('',(-75.,65.,5.));
#5422=CARTESIAN_POINT('',(75.,65.,50.));
#5423=CARTESIAN_POINT('Origin',(24.6469209899767,68.8,21.496216139462));
#5424=CARTESIAN_POINT('',(24.6469209899767,70.,27.696216139462));
#5425=CARTESIAN_POINT('Origin',(24.6469209899767,70.,21.496216139462));
#5426=CARTESIAN_POINT('Origin',(24.6469209899767,68.8,27.696216139462));
#5427=CARTESIAN_POINT('Origin',(80.,70.,0.));
#5428=CARTESIAN_POINT('',(-80.,70.,0.));
#5429=CARTESIAN_POINT('',(80.,70.,0.));
#5430=CARTESIAN_POINT('',(-80.,70.,0.));
#5431=CARTESIAN_POINT('',(-80.,70.,50.));
#5432=CARTESIAN_POINT('',(-80.,70.,0.));
#5433=CARTESIAN_POINT('',(80.,70.,50.));
#5434=CARTESIAN_POINT('',(-80.,70.,50.));
#5435=CARTESIAN_POINT('',(80.,70.,0.));
#5436=CARTESIAN_POINT('Origin',(0.,-62.5,37.5));
#5437=CARTESIAN_POINT('',(75.,-65.,35.));
#5438=CARTESIAN_POINT('',(70.,-60.,40.));
#5439=CARTESIAN_POINT('',(39.1666666666667,-29.1666666666667,70.8333333333333));
#5440=CARTESIAN_POINT('',(-75.,-65.,35.));
#5441=CARTESIAN_POINT('',(0.,-65.,35.));
#5442=CARTESIAN_POINT('',(-69.9999999999566,-60.,40.));
#5443=CARTESIAN_POINT('',(-50.,-40.,60.));
#5444=CARTESIAN_POINT('',(-2.50000000000001,-60.,40.));
#5445=CARTESIAN_POINT('Origin',(-72.5,0.,37.5));
#5446=CARTESIAN_POINT('',(-75.,0.,35.));
#5447=CARTESIAN_POINT('',(-70.,60.,40.));
#5448=CARTESIAN_POINT('',(-70.,60.,40.));
#5449=CARTESIAN_POINT('',(-69.9999999999792,2.50000000000091,40.));
#5450=CARTESIAN_POINT('Origin',(75.,-65.,50.));
#5451=CARTESIAN_POINT('',(75.,-65.,5.));
#5452=CARTESIAN_POINT('',(75.,-65.,50.));
#5453=CARTESIAN_POINT('',(-75.,-65.,5.));
#5454=CARTESIAN_POINT('',(75.,-65.,5.));
#5455=CARTESIAN_POINT('',(-75.,-65.,50.));
#5456=CARTESIAN_POINT('Origin',(72.5,65.,37.5));
#5457=CARTESIAN_POINT('',(70.,60.,40.));
#5458=CARTESIAN_POINT('',(70.,62.5,40.));
#5459=CARTESIAN_POINT('',(48.3333333333333,38.3333333333333,61.6666666666667));
#5460=CARTESIAN_POINT('',(75.,65.,35.));
#5461=CARTESIAN_POINT('Origin',(75.,65.,50.));
#5462=CARTESIAN_POINT('',(75.,65.,5.));
#5463=CARTESIAN_POINT('Origin',(-75.,62.5,37.5));
#5464=CARTESIAN_POINT('',(-72.5,60.,40.));
#5465=CARTESIAN_POINT('Origin',(70.,60.,45.));
#5466=CARTESIAN_POINT('',(70.,60.,45.));
#5467=CARTESIAN_POINT('',(70.,-60.,45.));
#5468=CARTESIAN_POINT('',(70.,62.5,45.));
#5469=CARTESIAN_POINT('',(70.,60.,45.));
#5470=CARTESIAN_POINT('',(70.,-60.,45.));
#5471=CARTESIAN_POINT('Origin',(-70.,60.,45.));
#5472=CARTESIAN_POINT('',(-70.,60.,45.));
#5473=CARTESIAN_POINT('',(2.5,60.,45.));
#5474=CARTESIAN_POINT('',(-70.,60.,45.));
#5475=CARTESIAN_POINT('Origin',(-69.9999999999566,-60.,45.));
#5476=CARTESIAN_POINT('',(-69.9999999999566,-60.,45.));
#5477=CARTESIAN_POINT('',(-69.9999999999792,2.4999999999738,45.));
#5478=CARTESIAN_POINT('',(-69.9999999999566,-60.,45.));
#5479=CARTESIAN_POINT('Origin',(70.,-60.,45.));
#5480=CARTESIAN_POINT('',(72.5,-60.,45.));
#5481=CARTESIAN_POINT('Origin',(0.,0.,5.));
#5482=CARTESIAN_POINT('',(-35.1376105315509,30.469868000928,5.));
#5483=CARTESIAN_POINT('',(-37.6955912477793,30.469868000928,5.));
#5484=CARTESIAN_POINT('',(-17.5688052657754,30.469868000928,5.));
#5485=CARTESIAN_POINT('',(-37.6955912477793,26.8955163325702,5.));
#5486=CARTESIAN_POINT('',(-37.6955912477793,15.234934000464,5.));
#5487=CARTESIAN_POINT('',(-35.110325313312,26.8955163325702,5.));
#5488=CARTESIAN_POINT('',(-18.8477956238897,26.8955163325702,5.));
#5489=CARTESIAN_POINT('',(-33.2890425092997,27.3730061616336,5.));
#5490=CARTESIAN_POINT('Ctrl Pts',(-35.110325313312,26.8955163325702,5.));
#5491=CARTESIAN_POINT('Ctrl Pts',(-34.7344645177784,26.8997941138631,5.));
#5492=CARTESIAN_POINT('Ctrl Pts',(-34.0831278701025,26.907207166142,5.));
#5493=CARTESIAN_POINT('Ctrl Pts',(-33.5250679637295,27.2345570414122,5.));
#5494=CARTESIAN_POINT('Ctrl Pts',(-33.2890425092997,27.3730061616336,5.));
#5495=CARTESIAN_POINT('',(-32.7501610882106,28.7167988385592,5.));
#5496=CARTESIAN_POINT('Ctrl Pts',(-33.2890425092997,27.3730061616336,5.));
#5497=CARTESIAN_POINT('Ctrl Pts',(-33.1319876175508,27.555307124555,5.));
#5498=CARTESIAN_POINT('Ctrl Pts',(-32.8003902106663,27.9402077532721,5.));
#5499=CARTESIAN_POINT('Ctrl Pts',(-32.7674826172681,28.4489911526591,5.));
#5500=CARTESIAN_POINT('Ctrl Pts',(-32.7501610882106,28.7167988385592,5.));
#5501=CARTESIAN_POINT('',(-33.0673507816615,29.7911505069171,5.));
#5502=CARTESIAN_POINT('Ctrl Pts',(-32.7501610882106,28.7167988385592,5.));
#5503=CARTESIAN_POINT('Ctrl Pts',(-32.7613450769181,28.9155189633824,5.));
#5504=CARTESIAN_POINT('Ctrl Pts',(-32.782927941667,29.2990091196308,5.));
#5505=CARTESIAN_POINT('Ctrl Pts',(-32.9748705794165,29.6311305344344,5.));
#5506=CARTESIAN_POINT('Ctrl Pts',(-33.0673507816615,29.7911505069171,5.));
#5507=CARTESIAN_POINT('',(-33.9029578335108,30.3811911906634,5.));
#5508=CARTESIAN_POINT('Ctrl Pts',(-33.0673507816615,29.7911505069171,5.));
#5509=CARTESIAN_POINT('Ctrl Pts',(-33.1810228107631,29.9273109564591,5.));
#5510=CARTESIAN_POINT('Ctrl Pts',(-33.4072186173502,30.1982564384113,5.));
#5511=CARTESIAN_POINT('Ctrl Pts',(-33.7382716096457,30.3204196547833,5.));
#5512=CARTESIAN_POINT('Ctrl Pts',(-33.9029578335108,30.3811911906634,5.));
#5513=CARTESIAN_POINT('Ctrl Pts',(-33.9029578335108,30.3811911906634,5.));
#5514=CARTESIAN_POINT('Ctrl Pts',(-34.0612671183827,30.4067500594315,5.));
#5515=CARTESIAN_POINT('Ctrl Pts',(-34.4697523447074,30.4726995727642,5.));
#5516=CARTESIAN_POINT('Ctrl Pts',(-34.8839413328423,30.4709435025434,5.));
#5517=CARTESIAN_POINT('Ctrl Pts',(-35.1376105315509,30.469868000928,5.));
#5518=CARTESIAN_POINT('Origin',(-75.,-65.,50.));
#5519=CARTESIAN_POINT('',(-75.,-65.,5.));
#5520=CARTESIAN_POINT('Origin',(-53.6572213213779,-0.508206279095402,5.));
#5521=CARTESIAN_POINT('',(-53.6572213213779,-0.508206279095402,10.5));
#5522=CARTESIAN_POINT('',(-53.6572213213779,4.4917937209046,10.5));
#5523=CARTESIAN_POINT('',(-53.6572213213779,0.741793720904598,10.5));
#5524=CARTESIAN_POINT('',(-53.6572213213779,-0.508206279095402,5.));
#5525=CARTESIAN_POINT('',(-53.6572213213779,-0.508206279095402,5.));
#5526=CARTESIAN_POINT('',(-53.6572213213779,4.4917937209046,5.));
#5527=CARTESIAN_POINT('',(-53.6572213213779,-0.254103139547701,5.));
#5528=CARTESIAN_POINT('',(-53.6572213213779,4.4917937209046,5.));
#5529=CARTESIAN_POINT('Origin',(-53.6572213213779,4.4917937209046,5.));
#5530=CARTESIAN_POINT('',(-63.6572213213779,4.4917937209046,10.5));
#5531=CARTESIAN_POINT('',(-56.1572213213779,4.4917937209046,10.5));
#5532=CARTESIAN_POINT('',(-63.6572213213779,4.4917937209046,5.));
#5533=CARTESIAN_POINT('',(-26.8286106606889,4.4917937209046,5.));
#5534=CARTESIAN_POINT('',(-63.6572213213779,4.4917937209046,5.));
#5535=CARTESIAN_POINT('Origin',(-48.6572213213779,51.4917937209046,5.));
#5536=CARTESIAN_POINT('',(-48.6572213213779,51.4917937209046,10.5));
#5537=CARTESIAN_POINT('',(-63.6572213213779,51.4917937209046,10.5));
#5538=CARTESIAN_POINT('',(-52.4072213213779,51.4917937209046,10.5));
#5539=CARTESIAN_POINT('',(-48.6572213213779,51.4917937209046,5.));
#5540=CARTESIAN_POINT('',(-48.6572213213779,51.4917937209046,5.));
#5541=CARTESIAN_POINT('',(-63.6572213213779,51.4917937209046,5.));
#5542=CARTESIAN_POINT('',(-24.3286106606889,51.4917937209046,5.));
#5543=CARTESIAN_POINT('',(-63.6572213213779,51.4917937209046,5.));
#5544=CARTESIAN_POINT('Origin',(-63.6572213213779,51.4917937209046,5.));
#5545=CARTESIAN_POINT('',(-63.6572213213779,46.4917937209046,10.5));
#5546=CARTESIAN_POINT('',(-63.6572213213779,50.2417937209046,10.5));
#5547=CARTESIAN_POINT('',(-63.6572213213779,46.4917937209046,5.));
#5548=CARTESIAN_POINT('',(-63.6572213213779,25.7458968604523,5.));
#5549=CARTESIAN_POINT('',(-63.6572213213779,46.4917937209046,5.));
#5550=CARTESIAN_POINT('Origin',(8.34277867862212,4.4917937209046,5.));
#5551=CARTESIAN_POINT('',(8.34277867862212,4.4917937209046,10.5));
#5552=CARTESIAN_POINT('',(8.34277867862212,-0.508206279095402,10.5));
#5553=CARTESIAN_POINT('',(8.34277867862212,3.2417937209046,10.5));
#5554=CARTESIAN_POINT('',(8.34277867862212,4.4917937209046,5.));
#5555=CARTESIAN_POINT('',(8.34277867862212,4.4917937209046,5.));
#5556=CARTESIAN_POINT('',(8.34277867862212,-0.508206279095402,5.));
#5557=CARTESIAN_POINT('',(8.34277867862212,2.2458968604523,5.));
#5558=CARTESIAN_POINT('',(8.34277867862212,-0.508206279095402,5.));
#5559=CARTESIAN_POINT('Origin',(18.3427786786221,4.4917937209046,5.));
#5560=CARTESIAN_POINT('',(18.3427786786221,4.4917937209046,10.5));
#5561=CARTESIAN_POINT('',(15.8427786786221,4.4917937209046,10.5));
#5562=CARTESIAN_POINT('',(18.3427786786221,4.4917937209046,5.));
#5563=CARTESIAN_POINT('',(18.3427786786221,4.4917937209046,5.));
#5564=CARTESIAN_POINT('',(9.17138933931106,4.4917937209046,5.));
#5565=CARTESIAN_POINT('Origin',(18.3427786786221,46.4917937209046,5.));
#5566=CARTESIAN_POINT('',(18.3427786786221,46.4917937209046,10.5));
#5567=CARTESIAN_POINT('',(18.3427786786221,51.4917937209046,10.5));
#5568=CARTESIAN_POINT('',(18.3427786786221,47.7417937209046,10.5));
#5569=CARTESIAN_POINT('',(18.3427786786221,46.4917937209046,5.));
#5570=CARTESIAN_POINT('',(18.3427786786221,46.4917937209046,5.));
#5571=CARTESIAN_POINT('',(18.3427786786221,51.4917937209046,5.));
#5572=CARTESIAN_POINT('',(18.3427786786221,23.2458968604523,5.));
#5573=CARTESIAN_POINT('',(18.3427786786221,51.4917937209046,5.));
#5574=CARTESIAN_POINT('Origin',(18.3427786786221,51.4917937209046,5.));
#5575=CARTESIAN_POINT('',(3.34277867862212,51.4917937209046,10.5));
#5576=CARTESIAN_POINT('',(14.5927786786221,51.4917937209046,10.5));
#5577=CARTESIAN_POINT('',(3.34277867862212,51.4917937209046,5.));
#5578=CARTESIAN_POINT('',(9.17138933931106,51.4917937209046,5.));
#5579=CARTESIAN_POINT('',(3.34277867862212,51.4917937209046,5.));
#5580=CARTESIAN_POINT('Origin',(0.,0.,5.));
#5581=CARTESIAN_POINT('',(-16.344978011352,30.469868000928,5.));
#5582=CARTESIAN_POINT('',(-18.3436147339167,30.469868000928,5.));
#5583=CARTESIAN_POINT('',(-8.17248900567602,30.469868000928,5.));
#5584=CARTESIAN_POINT('',(-18.3436147339167,27.4480400647555,5.));
#5585=CARTESIAN_POINT('',(-18.3436147339167,15.234934000464,5.));
#5586=CARTESIAN_POINT('',(-16.1812678940119,27.4480400647555,5.));
#5587=CARTESIAN_POINT('',(-9.17180736695837,27.4480400647555,5.));
#5588=CARTESIAN_POINT('',(-14.9193302757563,27.5640020932589,5.));
#5589=CARTESIAN_POINT('Ctrl Pts',(-16.1812678940119,27.4480400647555,5.));
#5590=CARTESIAN_POINT('Ctrl Pts',(-15.9284216931461,27.4478848097916,5.));
#5591=CARTESIAN_POINT('Ctrl Pts',(-15.503705863095,27.4476240218477,5.));
#5592=CARTESIAN_POINT('Ctrl Pts',(-15.087682376777,27.5304748664902,5.));
#5593=CARTESIAN_POINT('Ctrl Pts',(-14.9193302757563,27.5640020932589,5.));
#5594=CARTESIAN_POINT('',(-14.1587583191218,28.0619553889666,5.));
#5595=CARTESIAN_POINT('Ctrl Pts',(-14.9193302757563,27.5640020932589,5.));
#5596=CARTESIAN_POINT('Ctrl Pts',(-14.7640468682947,27.6188647339013,5.));
#5597=CARTESIAN_POINT('Ctrl Pts',(-14.4692501564217,27.723018334923,5.));
#5598=CARTESIAN_POINT('Ctrl Pts',(-14.2584975390115,27.9530787187907,5.));
#5599=CARTESIAN_POINT('Ctrl Pts',(-14.1587583191218,28.0619553889666,5.));
#5600=CARTESIAN_POINT('',(-13.9029590256037,28.935079392377,5.));
#5601=CARTESIAN_POINT('Ctrl Pts',(-14.1587583191218,28.0619553889666,5.));
#5602=CARTESIAN_POINT('Ctrl Pts',(-14.0842056881466,28.1894915437677,5.));
#5603=CARTESIAN_POINT('Ctrl Pts',(-13.9268187073764,28.4587312752246,5.));
#5604=CARTESIAN_POINT('Ctrl Pts',(-13.9111864432993,28.7708225944167,5.));
#5605=CARTESIAN_POINT('Ctrl Pts',(-13.9029590256037,28.935079392377,5.));
#5606=CARTESIAN_POINT('',(-14.1417042381587,29.8116145696078,5.));
#5607=CARTESIAN_POINT('Ctrl Pts',(-13.9029590256037,28.935079392377,5.));
#5608=CARTESIAN_POINT('Ctrl Pts',(-13.9117323795869,29.0941944625806,5.));
#5609=CARTESIAN_POINT('Ctrl Pts',(-13.92879664801,29.4036749957213,5.));
#5610=CARTESIAN_POINT('Ctrl Pts',(-14.0720853904823,29.6782220351485,5.));
#5611=CARTESIAN_POINT('Ctrl Pts',(-14.1417042381587,29.8116145696078,5.));
#5612=CARTESIAN_POINT('',(-14.8238317138972,30.3300319280063,5.));
#5613=CARTESIAN_POINT('Ctrl Pts',(-14.1417042381587,29.8116145696078,5.));
#5614=CARTESIAN_POINT('Ctrl Pts',(-14.2305690623796,29.9280964051832,5.));
#5615=CARTESIAN_POINT('Ctrl Pts',(-14.4101708901017,30.1635140830906,5.));
#5616=CARTESIAN_POINT('Ctrl Pts',(-14.6849898632937,30.2741415839934,5.));
#5617=CARTESIAN_POINT('Ctrl Pts',(-14.8238317138972,30.3300319280063,5.));
#5618=CARTESIAN_POINT('Ctrl Pts',(-14.8238317138972,30.3300319280063,5.));
#5619=CARTESIAN_POINT('Ctrl Pts',(-15.0239173037309,30.3704227908056,5.));
#5620=CARTESIAN_POINT('Ctrl Pts',(-15.5252000091186,30.4716156902736,5.));
#5621=CARTESIAN_POINT('Ctrl Pts',(-16.0372883184478,30.4705239663193,5.));
#5622=CARTESIAN_POINT('Ctrl Pts',(-16.344978011352,30.469868000928,5.));
#5623=CARTESIAN_POINT('Origin',(0.,0.,5.));
#5624=CARTESIAN_POINT('',(-16.031200087768,26.2679581012164,5.));
#5625=CARTESIAN_POINT('',(-18.3436147339167,26.2679581012164,5.));
#5626=CARTESIAN_POINT('',(-8.01560004388402,26.2679581012164,5.));
#5627=CARTESIAN_POINT('',(-18.3436147339167,22.8300313319598,5.));
#5628=CARTESIAN_POINT('',(-18.3436147339167,13.1339790506082,5.));
#5629=CARTESIAN_POINT('',(-15.853845275146,22.8300313319598,5.));
#5630=CARTESIAN_POINT('',(-9.17180736695837,22.8300313319598,5.));
#5631=CARTESIAN_POINT('',(-14.9534360534968,22.8777806128894,5.));
#5632=CARTESIAN_POINT('Ctrl Pts',(-15.853845275146,22.8300313319598,5.));
#5633=CARTESIAN_POINT('Ctrl Pts',(-15.671678619037,22.829685534957,5.));
#5634=CARTESIAN_POINT('Ctrl Pts',(-15.3705311004498,22.8291138830886,5.));
#5635=CARTESIAN_POINT('Ctrl Pts',(-15.0715578721086,22.8639981365163,5.));
#5636=CARTESIAN_POINT('Ctrl Pts',(-14.9534360534968,22.8777806128894,5.));
#5637=CARTESIAN_POINT('',(-14.1894523269953,23.1506316031848,5.));
#5638=CARTESIAN_POINT('Ctrl Pts',(-14.9534360534968,22.8777806128894,5.));
#5639=CARTESIAN_POINT('Ctrl Pts',(-14.8111180707505,22.9073412139907,5.));
#5640=CARTESIAN_POINT('Ctrl Pts',(-14.5435787334247,22.9629113076428,5.));
#5641=CARTESIAN_POINT('Ctrl Pts',(-14.3023561618733,23.0907819538327,5.));
#5642=CARTESIAN_POINT('Ctrl Pts',(-14.1894523269953,23.1506316031848,5.));
#5643=CARTESIAN_POINT('',(-13.6846772796931,23.7065665091906,5.));
#5644=CARTESIAN_POINT('Ctrl Pts',(-14.1894523269953,23.1506316031848,5.));
#5645=CARTESIAN_POINT('Ctrl Pts',(-14.0905803604319,23.2236147149812,5.));
#5646=CARTESIAN_POINT('Ctrl Pts',(-13.885394918297,23.3750739463774,5.));
#5647=CARTESIAN_POINT('Ctrl Pts',(-13.7531814977032,23.5934292734716,5.));
#5648=CARTESIAN_POINT('Ctrl Pts',(-13.6846772796931,23.7065665091906,5.));
#5649=CARTESIAN_POINT('',(-13.4868613846125,24.5489947165881,5.));
#5650=CARTESIAN_POINT('Ctrl Pts',(-13.6846772796931,23.7065665091906,5.));
#5651=CARTESIAN_POINT('Ctrl Pts',(-13.6270016964988,23.8356212029956,5.));
#5652=CARTESIAN_POINT('Ctrl Pts',(-13.5072683918884,24.1035360485674,5.));
#5653=CARTESIAN_POINT('Ctrl Pts',(-13.493827693127,24.3969291799846,5.));
#5654=CARTESIAN_POINT('Ctrl Pts',(-13.4868613846125,24.5489947165881,5.));
#5655=CARTESIAN_POINT('',(-13.7733546860041,25.5210278596316,5.));
#5656=CARTESIAN_POINT('Ctrl Pts',(-13.4868613846125,24.5489947165881,5.));
#5657=CARTESIAN_POINT('Ctrl Pts',(-13.4973651213638,24.7272278334846,5.));
#5658=CARTESIAN_POINT('Ctrl Pts',(-13.517785604003,25.0737336871151,5.));
#5659=CARTESIAN_POINT('Ctrl Pts',(-13.6898133156793,25.3748146799397,5.));
#5660=CARTESIAN_POINT('Ctrl Pts',(-13.7733546860041,25.5210278596316,5.));
#5661=CARTESIAN_POINT('',(-14.5680348045649,26.1008368100558,5.));
#5662=CARTESIAN_POINT('Ctrl Pts',(-13.7733546860041,25.5210278596316,5.));
#5663=CARTESIAN_POINT('Ctrl Pts',(-13.8794853037295,25.6488100086994,5.));
#5664=CARTESIAN_POINT('Ctrl Pts',(-14.0954144628049,25.9087905174763,5.));
#5665=CARTESIAN_POINT('Ctrl Pts',(-14.4087206778578,26.0361005202979,5.));
#5666=CARTESIAN_POINT('Ctrl Pts',(-14.5680348045649,26.1008368100558,5.));
#5667=CARTESIAN_POINT('Ctrl Pts',(-14.5680348045649,26.1008368100558,5.));
#5668=CARTESIAN_POINT('Ctrl Pts',(-14.7738225310523,26.1493297133131,5.));
#5669=CARTESIAN_POINT('Ctrl Pts',(-15.2543446666061,26.2625624790864,5.));
#5670=CARTESIAN_POINT('Ctrl Pts',(-15.7486088059271,26.2659953733619,5.));
#5671=CARTESIAN_POINT('Ctrl Pts',(-16.031200087768,26.2679581012164,5.));
#5672=CARTESIAN_POINT('Origin',(0.,0.,5.));
#5673=CARTESIAN_POINT('',(-67.6572213213779,55.4917937209046,5.));
#5674=CARTESIAN_POINT('',(-67.6572213213779,-4.5082062790954,5.));
#5675=CARTESIAN_POINT('',(-67.6572213213779,27.7458968604523,5.));
#5676=CARTESIAN_POINT('',(22.3427786786221,-4.5082062790954,5.));
#5677=CARTESIAN_POINT('',(-33.8286106606889,-4.5082062790954,5.));
#5678=CARTESIAN_POINT('',(22.3427786786221,55.4917937209046,5.));
#5679=CARTESIAN_POINT('',(22.3427786786221,-2.2541031395477,5.));
#5680=CARTESIAN_POINT('',(11.1713893393111,55.4917937209046,5.));
#5681=CARTESIAN_POINT('',(-63.6572213213779,-0.508206279095402,5.));
#5682=CARTESIAN_POINT('',(-63.6572213213779,2.2458968604523,5.));
#5683=CARTESIAN_POINT('',(-31.8286106606889,-0.508206279095402,5.));
#5684=CARTESIAN_POINT('',(-48.6572213213779,46.4917937209046,5.));
#5685=CARTESIAN_POINT('',(-48.6572213213779,23.2458968604523,5.));
#5686=CARTESIAN_POINT('',(-31.8286106606889,46.4917937209046,5.));
#5687=CARTESIAN_POINT('',(18.3427786786221,-0.508206279095402,5.));
#5688=CARTESIAN_POINT('',(18.3427786786221,-0.254103139547701,5.));
#5689=CARTESIAN_POINT('',(4.17138933931106,-0.508206279095402,5.));
#5690=CARTESIAN_POINT('',(3.34277867862212,46.4917937209046,5.));
#5691=CARTESIAN_POINT('',(3.34277867862212,25.7458968604523,5.));
#5692=CARTESIAN_POINT('',(1.67138933931106,46.4917937209046,5.));
#5693=CARTESIAN_POINT('',(-14.240612185699,21.8170718516742,5.));
#5694=CARTESIAN_POINT('',(-15.853845275146,21.6499499644671,5.));
#5695=CARTESIAN_POINT('Ctrl Pts',(-14.240612185699,21.8170718516742,5.));
#5696=CARTESIAN_POINT('Ctrl Pts',(-14.4840096475977,21.7684214687203,5.));
#5697=CARTESIAN_POINT('Ctrl Pts',(-15.0162370432403,21.6620396419972,5.));
#5698=CARTESIAN_POINT('Ctrl Pts',(-15.5591930974406,21.6542028474693,5.));
#5699=CARTESIAN_POINT('Ctrl Pts',(-15.853845275146,21.6499499644671,5.));
#5700=CARTESIAN_POINT('',(-19.6669427521052,21.6499499644671,5.));
#5701=CARTESIAN_POINT('',(-7.92692263757299,21.6499499644671,5.));
#5702=CARTESIAN_POINT('',(-19.6669427521052,31.6499499644671,5.));
#5703=CARTESIAN_POINT('',(-19.6669427521052,10.8249749822336,5.));
#5704=CARTESIAN_POINT('',(-15.9152380592646,31.6499499644671,5.));
#5705=CARTESIAN_POINT('',(-9.8334713760526,31.6499499644671,5.));
#5706=CARTESIAN_POINT('',(-14.0769020683589,31.3464031781588,5.));
#5707=CARTESIAN_POINT('Ctrl Pts',(-15.9152380592646,31.6499499644671,5.));
#5708=CARTESIAN_POINT('Ctrl Pts',(-15.5677098931672,31.6436016413294,5.));
#5709=CARTESIAN_POINT('Ctrl Pts',(-14.9391305677081,31.6321193355338,5.));
#5710=CARTESIAN_POINT('Ctrl Pts',(-14.3433072992967,31.4346817249079,5.));
#5711=CARTESIAN_POINT('Ctrl Pts',(-14.0769020683589,31.3464031781588,5.));
#5712=CARTESIAN_POINT('',(-12.9923192627253,30.4118869866763,5.));
#5713=CARTESIAN_POINT('Ctrl Pts',(-14.0769020683589,31.3464031781588,5.));
#5714=CARTESIAN_POINT('Ctrl Pts',(-13.8589290129636,31.2320716792356,5.));
#5715=CARTESIAN_POINT('Ctrl Pts',(-13.4250028684718,31.0044681966318,5.));
#5716=CARTESIAN_POINT('Ctrl Pts',(-13.1360988396576,30.6088000994771,5.));
#5717=CARTESIAN_POINT('Ctrl Pts',(-12.9923192627253,30.4118869866763,5.));
#5718=CARTESIAN_POINT('',(-12.6000944740596,29.0919689502154,5.));
#5719=CARTESIAN_POINT('Ctrl Pts',(-12.9923192627253,30.4118869866763,5.));
#5720=CARTESIAN_POINT('Ctrl Pts',(-12.8779339837035,30.2015341968727,5.));
#5721=CARTESIAN_POINT('Ctrl Pts',(-12.6536449797413,29.7890701271151,5.));
#5722=CARTESIAN_POINT('Ctrl Pts',(-12.6177052702794,29.3212199463492,5.));
#5723=CARTESIAN_POINT('Ctrl Pts',(-12.6000944740596,29.0919689502154,5.));
#5724=CARTESIAN_POINT('',(-12.947978175384,27.8846023644839,5.));
#5725=CARTESIAN_POINT('Ctrl Pts',(-12.6000944740596,29.0919689502154,5.));
#5726=CARTESIAN_POINT('Ctrl Pts',(-12.6151294890442,28.8804875908682,5.));
#5727=CARTESIAN_POINT('Ctrl Pts',(-12.645486355915,28.4534902464736,5.));
#5728=CARTESIAN_POINT('Ctrl Pts',(-12.8465144088685,28.0754224247852,5.));
#5729=CARTESIAN_POINT('Ctrl Pts',(-12.947978175384,27.8846023644839,5.));
#5730=CARTESIAN_POINT('',(-13.9984575874629,26.9705502356921,5.));
#5731=CARTESIAN_POINT('Ctrl Pts',(-12.947978175384,27.8846023644839,5.));
#5732=CARTESIAN_POINT('Ctrl Pts',(-13.083466871546,27.7026850372061,5.));
#5733=CARTESIAN_POINT('Ctrl Pts',(-13.3668392828023,27.3222078967483,5.));
#5734=CARTESIAN_POINT('Ctrl Pts',(-13.7818668987572,27.0911385315581,5.));
#5735=CARTESIAN_POINT('Ctrl Pts',(-13.9984575874629,26.9705502356921,5.));
#5736=CARTESIAN_POINT('',(-12.6035062439265,26.0633198584948,5.));
#5737=CARTESIAN_POINT('Ctrl Pts',(-13.9984575874629,26.9705502356921,5.));
#5738=CARTESIAN_POINT('Ctrl Pts',(-13.7174102362713,26.871196694954,5.));
#5739=CARTESIAN_POINT('Ctrl Pts',(-13.1785199293391,26.6806926399037,5.));
#5740=CARTESIAN_POINT('Ctrl Pts',(-12.7895951587293,26.2631172439061,5.));
#5741=CARTESIAN_POINT('Ctrl Pts',(-12.6035062439265,26.0633198584948,5.));
#5742=CARTESIAN_POINT('',(-12.1157828934016,24.5489947165881,5.));
#5743=CARTESIAN_POINT('Ctrl Pts',(-12.6035062439265,26.0633198584948,5.));
#5744=CARTESIAN_POINT('Ctrl Pts',(-12.4612730440143,25.8368805356684,5.));
#5745=CARTESIAN_POINT('Ctrl Pts',(-12.1704752163524,25.3739220757884,5.));
#5746=CARTESIAN_POINT('Ctrl Pts',(-12.1342763820916,24.8279330385376,5.));
#5747=CARTESIAN_POINT('Ctrl Pts',(-12.1157828934016,24.5489947165881,5.));
#5748=CARTESIAN_POINT('',(-12.4125091202082,23.2427195872699,5.));
#5749=CARTESIAN_POINT('Ctrl Pts',(-12.1157828934016,24.5489947165881,5.));
#5750=CARTESIAN_POINT('Ctrl Pts',(-12.1275773173814,24.3200842456264,5.));
#5751=CARTESIAN_POINT('Ctrl Pts',(-12.1509022498869,23.8673854708358,5.));
#5752=CARTESIAN_POINT('Ctrl Pts',(-12.3259671009598,23.4493649511817,5.));
#5753=CARTESIAN_POINT('Ctrl Pts',(-12.4125091202082,23.2427195872699,5.));
#5754=CARTESIAN_POINT('',(-13.1457964546504,22.3116139735614,5.));
#5755=CARTESIAN_POINT('Ctrl Pts',(-12.4125091202082,23.2427195872699,5.));
#5756=CARTESIAN_POINT('Ctrl Pts',(-12.5128764894931,23.0563779116139,5.));
#5757=CARTESIAN_POINT('Ctrl Pts',(-12.7032729421057,22.7028885826459,5.));
#5758=CARTESIAN_POINT('Ctrl Pts',(-13.0037267032214,22.4372305450594,5.));
#5759=CARTESIAN_POINT('Ctrl Pts',(-13.1457964546504,22.3116139735614,5.));
#5760=CARTESIAN_POINT('Ctrl Pts',(-13.1457964546504,22.3116139735614,5.));
#5761=CARTESIAN_POINT('Ctrl Pts',(-13.3061075033089,22.2077967157149,5.));
#5762=CARTESIAN_POINT('Ctrl Pts',(-13.6457769390102,21.9878271647459,5.));
#5763=CARTESIAN_POINT('Ctrl Pts',(-14.0350573276988,21.8760790882605,5.));
#5764=CARTESIAN_POINT('Ctrl Pts',(-14.240612185699,21.8170718516742,5.));
#5765=CARTESIAN_POINT('',(-25.4923168785395,22.6117507781421,5.));
#5766=CARTESIAN_POINT('',(-23.6096433765711,23.252951320592,5.));
#5767=CARTESIAN_POINT('Ctrl Pts',(-25.4923168785395,22.6117507781421,5.));
#5768=CARTESIAN_POINT('Ctrl Pts',(-25.1397723184053,22.6353140013365,5.));
#5769=CARTESIAN_POINT('Ctrl Pts',(-24.4540726943256,22.6811445008354,5.));
#5770=CARTESIAN_POINT('Ctrl Pts',(-23.8857631281514,23.0659763379577,5.));
#5771=CARTESIAN_POINT('Ctrl Pts',(-23.6096433765711,23.252951320592,5.));
#5772=CARTESIAN_POINT('',(-22.5659863121333,25.1560882892047,5.));
#5773=CARTESIAN_POINT('Ctrl Pts',(-23.6096433765711,23.252951320592,5.));
#5774=CARTESIAN_POINT('Ctrl Pts',(-23.3709305431083,23.505295785414,5.));
#5775=CARTESIAN_POINT('Ctrl Pts',(-22.8585306717223,24.0469561119415,5.));
#5776=CARTESIAN_POINT('Ctrl Pts',(-22.6678396801119,24.7699285698841,5.));
#5777=CARTESIAN_POINT('Ctrl Pts',(-22.5659863121333,25.1560882892047,5.));
#5778=CARTESIAN_POINT('',(-21.2426582939448,24.8218457068835,5.));
#5779=CARTESIAN_POINT('',(-8.973219419542,21.722864292868,5.));
#5780=CARTESIAN_POINT('',(-22.7399293548884,22.3354892100726,5.));
#5781=CARTESIAN_POINT('Ctrl Pts',(-21.2426582939448,24.8218457068835,5.));
#5782=CARTESIAN_POINT('Ctrl Pts',(-21.3984738178011,24.3193953924217,5.));
#5783=CARTESIAN_POINT('Ctrl Pts',(-21.6942365932421,23.3656643658299,5.));
#5784=CARTESIAN_POINT('Ctrl Pts',(-22.4040595816051,22.666374828389,5.));
#5785=CARTESIAN_POINT('Ctrl Pts',(-22.7399293548884,22.3354892100726,5.));
#5786=CARTESIAN_POINT('',(-25.3831771976771,21.4794174994861,5.));
#5787=CARTESIAN_POINT('Ctrl Pts',(-22.7399293548884,22.3354892100726,5.));
#5788=CARTESIAN_POINT('Ctrl Pts',(-23.1286374748361,22.0858811219083,5.));
#5789=CARTESIAN_POINT('Ctrl Pts',(-23.93328961438,21.5691754708508,5.));
#5790=CARTESIAN_POINT('Ctrl Pts',(-24.8890972639961,21.5100044312248,5.));
#5791=CARTESIAN_POINT('Ctrl Pts',(-25.3831771976771,21.4794174994861,5.));
#5792=CARTESIAN_POINT('',(-28.0127815372767,22.1376721228991,5.));
#5793=CARTESIAN_POINT('Ctrl Pts',(-25.3831771976771,21.4794174994861,5.));
#5794=CARTESIAN_POINT('Ctrl Pts',(-25.881434059876,21.497352482976,5.));
#5795=CARTESIAN_POINT('Ctrl Pts',(-26.8067791976341,21.5306607041513,5.));
#5796=CARTESIAN_POINT('Ctrl Pts',(-27.6319350908,21.9459824932842,5.));
#5797=CARTESIAN_POINT('Ctrl Pts',(-28.0127815372767,22.1376721228991,5.));
#5798=CARTESIAN_POINT('',(-29.5543913013758,24.0442196692859,5.));
#5799=CARTESIAN_POINT('Ctrl Pts',(-28.0127815372767,22.1376721228991,5.));
#5800=CARTESIAN_POINT('Ctrl Pts',(-28.3327658814741,22.3877363513155,5.));
#5801=CARTESIAN_POINT('Ctrl Pts',(-28.9930386400289,22.9037322145707,5.));
#5802=CARTESIAN_POINT('Ctrl Pts',(-29.3634766304926,23.6563426677929,5.));
#5803=CARTESIAN_POINT('Ctrl Pts',(-29.5543913013758,24.0442196692859,5.));
#5804=CARTESIAN_POINT('',(-30.0830403930964,26.7249838675891,5.));
#5805=CARTESIAN_POINT('Ctrl Pts',(-29.5543913013758,24.0442196692859,5.));
#5806=CARTESIAN_POINT('Ctrl Pts',(-29.7085717095979,24.4712907198041,5.));
#5807=CARTESIAN_POINT('Ctrl Pts',(-30.0213753287598,25.3377391342419,5.));
#5808=CARTESIAN_POINT('Ctrl Pts',(-30.0622916578032,26.2582110835381,5.));
#5809=CARTESIAN_POINT('Ctrl Pts',(-30.0830403930964,26.7249838675891,5.));
#5810=CARTESIAN_POINT('',(-29.486178553802,29.4500861730014,5.));
#5811=CARTESIAN_POINT('Ctrl Pts',(-30.0830403930964,26.7249838675891,5.));
#5812=CARTESIAN_POINT('Ctrl Pts',(-30.0631136048322,27.2191247041944,5.));
#5813=CARTESIAN_POINT('Ctrl Pts',(-30.0250240002882,28.1636637240221,5.));
#5814=CARTESIAN_POINT('Ctrl Pts',(-29.6601613034228,29.0347253004044,5.));
#5815=CARTESIAN_POINT('Ctrl Pts',(-29.486178553802,29.4500861730014,5.));
#5816=CARTESIAN_POINT('',(-27.787678635818,31.2167982425128,5.));
#5817=CARTESIAN_POINT('Ctrl Pts',(-29.486178553802,29.4500861730014,5.));
#5818=CARTESIAN_POINT('Ctrl Pts',(-29.268183017014,29.8133570919069,5.));
#5819=CARTESIAN_POINT('Ctrl Pts',(-28.8367830034102,30.5322483209055,5.));
#5820=CARTESIAN_POINT('Ctrl Pts',(-28.1348901891146,30.9902396188595,5.));
#5821=CARTESIAN_POINT('Ctrl Pts',(-27.787678635818,31.2167982425128,5.));
#5822=CARTESIAN_POINT('',(-25.3627125389399,31.8204812373553,5.));
#5823=CARTESIAN_POINT('Ctrl Pts',(-27.787678635818,31.2167982425128,5.));
#5824=CARTESIAN_POINT('Ctrl Pts',(-27.4082978320003,31.3928632151302,5.));
#5825=CARTESIAN_POINT('Ctrl Pts',(-26.639043262102,31.7498627876496,5.));
#5826=CARTESIAN_POINT('Ctrl Pts',(-25.7920074240342,31.7967286639025,5.));
#5827=CARTESIAN_POINT('Ctrl Pts',(-25.3627125389399,31.8204812373553,5.));
#5828=CARTESIAN_POINT('',(-22.8388384945216,31.0564981069003,5.));
#5829=CARTESIAN_POINT('Ctrl Pts',(-25.3627125389399,31.8204812373553,5.));
#5830=CARTESIAN_POINT('Ctrl Pts',(-24.8905525730432,31.794565337851,5.));
#5831=CARTESIAN_POINT('Ctrl Pts',(-23.9855986474096,31.7448942587957,5.));
#5832=CARTESIAN_POINT('Ctrl Pts',(-23.2098432801501,31.2792109960064,5.));
#5833=CARTESIAN_POINT('Ctrl Pts',(-22.8388384945216,31.0564981069003,5.));
#5834=CARTESIAN_POINT('',(-21.413189566833,28.9077941741382,5.));
#5835=CARTESIAN_POINT('Ctrl Pts',(-22.8388384945216,31.0564981069003,5.));
#5836=CARTESIAN_POINT('Ctrl Pts',(-22.5216295602927,30.7688229103795,5.));
#5837=CARTESIAN_POINT('Ctrl Pts',(-21.8656740245726,30.1739401145784,5.));
#5838=CARTESIAN_POINT('Ctrl Pts',(-21.5672835076751,29.3389811780371,5.));
#5839=CARTESIAN_POINT('Ctrl Pts',(-21.413189566833,28.9077941741382,5.));
#5840=CARTESIAN_POINT('',(-22.7160553104701,28.6008362140094,5.));
#5841=CARTESIAN_POINT('',(-14.4959297144853,30.5375154131278,5.));
#5842=CARTESIAN_POINT('',(-23.7256054050746,30.1901952590381,5.));
#5843=CARTESIAN_POINT('Ctrl Pts',(-22.7160553104701,28.6008362140094,5.));
#5844=CARTESIAN_POINT('Ctrl Pts',(-22.83399464159,28.9309970679951,5.));
#5845=CARTESIAN_POINT('Ctrl Pts',(-23.0511414523115,29.5388805941042,5.));
#5846=CARTESIAN_POINT('Ctrl Pts',(-23.5140961229737,29.9859455038991,5.));
#5847=CARTESIAN_POINT('Ctrl Pts',(-23.7256054050746,30.1901952590381,5.));
#5848=CARTESIAN_POINT('',(-25.3899983532252,30.6881485547458,5.));
#5849=CARTESIAN_POINT('Ctrl Pts',(-23.7256054050746,30.1901952590381,5.));
#5850=CARTESIAN_POINT('Ctrl Pts',(-23.9682135035622,30.3353267035323,5.));
#5851=CARTESIAN_POINT('Ctrl Pts',(-24.479801457822,30.6413655342656,5.));
#5852=CARTESIAN_POINT('Ctrl Pts',(-25.0763489476216,30.6720273543329,5.));
#5853=CARTESIAN_POINT('Ctrl Pts',(-25.3899983532252,30.6881485547458,5.));
#5854=CARTESIAN_POINT('',(-27.3170105583491,30.1356248225604,5.));
#5855=CARTESIAN_POINT('Ctrl Pts',(-25.3899983532252,30.6881485547458,5.));
#5856=CARTESIAN_POINT('Ctrl Pts',(-25.7510361389976,30.6702540081592,5.));
#5857=CARTESIAN_POINT('Ctrl Pts',(-26.4377546037259,30.6362173614614,5.));
#5858=CARTESIAN_POINT('Ctrl Pts',(-27.0341609747001,30.2966614245435,5.));
#5859=CARTESIAN_POINT('Ctrl Pts',(-27.3170105583491,30.1356248225604,5.));
#5860=CARTESIAN_POINT('',(-28.4050051338496,28.651996072713,5.));
#5861=CARTESIAN_POINT('Ctrl Pts',(-27.3170105583491,30.1356248225604,5.));
#5862=CARTESIAN_POINT('Ctrl Pts',(-27.5563435408305,29.9343406453705,5.));
#5863=CARTESIAN_POINT('Ctrl Pts',(-28.039230528202,29.5282223205118,5.));
#5864=CARTESIAN_POINT('Ctrl Pts',(-28.2823718146378,28.9457686077359,5.));
#5865=CARTESIAN_POINT('Ctrl Pts',(-28.4050051338496,28.651996072713,5.));
#5866=CARTESIAN_POINT('',(-28.7187842495265,26.7318050231372,5.));
#5867=CARTESIAN_POINT('Ctrl Pts',(-28.4050051338496,28.651996072713,5.));
#5868=CARTESIAN_POINT('Ctrl Pts',(-28.4965241169274,28.3389342857423,5.));
#5869=CARTESIAN_POINT('Ctrl Pts',(-28.6798718353309,27.7117511328041,5.));
#5870=CARTESIAN_POINT('Ctrl Pts',(-28.7057988442143,27.0588214183214,5.));
#5871=CARTESIAN_POINT('Ctrl Pts',(-28.7187842495265,26.7318050231372,5.));
#5872=CARTESIAN_POINT('',(-28.3470241195979,24.5046560134326,5.));
#5873=CARTESIAN_POINT('Ctrl Pts',(-28.7187842495265,26.7318050231372,5.));
#5874=CARTESIAN_POINT('Ctrl Pts',(-28.7071256809533,26.3302822144629,5.));
#5875=CARTESIAN_POINT('Ctrl Pts',(-28.6850601708282,25.5703428149891,5.));
#5876=CARTESIAN_POINT('Ctrl Pts',(-28.4553596854669,24.8461929065113,5.));
#5877=CARTESIAN_POINT('Ctrl Pts',(-28.3470241195979,24.5046560134326,5.));
#5878=CARTESIAN_POINT('',(-27.1908167965235,23.0824188556109,5.));
#5879=CARTESIAN_POINT('Ctrl Pts',(-28.3470241195979,24.5046560134326,5.));
#5880=CARTESIAN_POINT('Ctrl Pts',(-28.2100287215229,24.2100323626367,5.));
#5881=CARTESIAN_POINT('Ctrl Pts',(-27.9439953511976,23.6378983793047,5.));
#5882=CARTESIAN_POINT('Ctrl Pts',(-27.4368195382156,23.2638492547301,5.));
#5883=CARTESIAN_POINT('Ctrl Pts',(-27.1908167965235,23.0824188556109,5.));
#5884=CARTESIAN_POINT('Ctrl Pts',(-27.1908167965235,23.0824188556109,5.));
#5885=CARTESIAN_POINT('Ctrl Pts',(-26.9239674203392,22.9451405192336,5.));
#5886=CARTESIAN_POINT('Ctrl Pts',(-26.39038664935,22.6706445409716,5.));
#5887=CARTESIAN_POINT('Ctrl Pts',(-25.7916293379006,22.6313791383948,5.));
#5888=CARTESIAN_POINT('Ctrl Pts',(-25.4923168785395,22.6117507781421,5.));
#5889=CARTESIAN_POINT('',(-37.6955912477793,25.715434369031,5.));
#5890=CARTESIAN_POINT('',(-37.6955912477793,21.6499499644671,5.));
#5891=CARTESIAN_POINT('',(-37.6955912477793,12.8577171845155,5.));
#5892=CARTESIAN_POINT('',(-39.0189200855317,21.6499499644671,5.));
#5893=CARTESIAN_POINT('',(-18.8477956238897,21.6499499644671,5.));
#5894=CARTESIAN_POINT('',(-39.0189200855317,31.6499499644671,5.));
#5895=CARTESIAN_POINT('',(-39.0189200855317,10.8249749822336,5.));
#5896=CARTESIAN_POINT('',(-35.246751106483,31.6499499644671,5.));
#5897=CARTESIAN_POINT('',(-19.5094600427658,31.6499499644671,5.));
#5898=CARTESIAN_POINT('',(-33.7256048090281,31.5544519986545,5.));
#5899=CARTESIAN_POINT('Ctrl Pts',(-35.246751106483,31.6499499644671,5.));
#5900=CARTESIAN_POINT('Ctrl Pts',(-34.9535169109067,31.6490374654205,5.));
#5901=CARTESIAN_POINT('Ctrl Pts',(-34.4443757788699,31.6474530976878,5.));
#5902=CARTESIAN_POINT('Ctrl Pts',(-33.9396425326745,31.5821461381911,5.));
#5903=CARTESIAN_POINT('Ctrl Pts',(-33.7256048090281,31.5544519986545,5.));
#5904=CARTESIAN_POINT('',(-32.4909524090113,31.0871944989596,5.));
#5905=CARTESIAN_POINT('Ctrl Pts',(-33.7256048090281,31.5544519986545,5.));
#5906=CARTESIAN_POINT('Ctrl Pts',(-33.495060394088,31.5076973484993,5.));
#5907=CARTESIAN_POINT('Ctrl Pts',(-33.0576728422949,31.4189946923469,5.));
#5908=CARTESIAN_POINT('Ctrl Pts',(-32.6729093294204,31.1937255817196,5.));
#5909=CARTESIAN_POINT('Ctrl Pts',(-32.4909524090113,31.0871944989596,5.));
#5910=CARTESIAN_POINT('',(-31.6894517309489,30.1219825114642,5.));
#5911=CARTESIAN_POINT('Ctrl Pts',(-32.4909524090113,31.0871944989596,5.));
#5912=CARTESIAN_POINT('Ctrl Pts',(-32.3314527111537,30.9574898423421,5.));
#5913=CARTESIAN_POINT('Ctrl Pts',(-32.0010127292869,30.6887770801461,5.));
#5914=CARTESIAN_POINT('Ctrl Pts',(-31.795675148915,30.3152251082307,5.));
#5915=CARTESIAN_POINT('Ctrl Pts',(-31.6894517309489,30.1219825114642,5.));
#5916=CARTESIAN_POINT('',(-31.3859049446406,28.7577263678943,5.));
#5917=CARTESIAN_POINT('Ctrl Pts',(-31.6894517309489,30.1219825114642,5.));
#5918=CARTESIAN_POINT('Ctrl Pts',(-31.6009263218735,29.9076797444776,5.));
#5919=CARTESIAN_POINT('Ctrl Pts',(-31.4204394508411,29.4707561959625,5.));
#5920=CARTESIAN_POINT('Ctrl Pts',(-31.3975616270042,28.9984004975122,5.));
#5921=CARTESIAN_POINT('Ctrl Pts',(-31.3859049446406,28.7577263678943,5.));
#5922=CARTESIAN_POINT('',(-32.1976373560252,26.5987901057635,5.));
#5923=CARTESIAN_POINT('Ctrl Pts',(-31.3859049446406,28.7577263678943,5.));
#5924=CARTESIAN_POINT('Ctrl Pts',(-31.4173655853403,28.3514766920896,5.));
#5925=CARTESIAN_POINT('Ctrl Pts',(-31.4792342745248,27.5525694109689,5.));
#5926=CARTESIAN_POINT('Ctrl Pts',(-31.9609012480344,26.9130899833823,5.));
#5927=CARTESIAN_POINT('Ctrl Pts',(-32.1976373560252,26.5987901057635,5.));
#5928=CARTESIAN_POINT('',(-35.1307890779795,25.715434369031,5.));
#5929=CARTESIAN_POINT('Ctrl Pts',(-32.1976373560252,26.5987901057635,5.));
#5930=CARTESIAN_POINT('Ctrl Pts',(-32.5654946276324,26.3427072834409,5.));
#5931=CARTESIAN_POINT('Ctrl Pts',(-33.4379169481242,25.7353728977085,5.));
#5932=CARTESIAN_POINT('Ctrl Pts',(-34.5104753932268,25.7227403799071,5.));
#5933=CARTESIAN_POINT('Ctrl Pts',(-35.1307890779795,25.715434369031,5.));
#5934=CARTESIAN_POINT('',(-17.5653945389898,25.715434369031,5.));
#5935=CARTESIAN_POINT('Origin',(0.,0.,5.));
#5936=CARTESIAN_POINT('',(-26.8189527992492,-31.3641549800474,5.));
#5937=CARTESIAN_POINT('',(-29.3769338135009,-31.3641549800474,5.));
#5938=CARTESIAN_POINT('',(-13.4094763996246,-31.3641549800474,5.));
#5939=CARTESIAN_POINT('',(-29.3769338135009,-34.9385066484053,5.));
#5940=CARTESIAN_POINT('',(-29.3769338135009,-15.6820774900237,5.));
#5941=CARTESIAN_POINT('',(-26.7916657928711,-34.9385066484053,5.));
#5942=CARTESIAN_POINT('',(-14.6884669067505,-34.9385066484053,5.));
#5943=CARTESIAN_POINT('',(-24.9703838829284,-34.4610168193419,5.));
#5944=CARTESIAN_POINT('Ctrl Pts',(-26.7916657928711,-34.9385066484053,5.));
#5945=CARTESIAN_POINT('Ctrl Pts',(-26.4158053082396,-34.9342288171406,5.));
#5946=CARTESIAN_POINT('Ctrl Pts',(-25.7644689773488,-34.9268156757384,5.));
#5947=CARTESIAN_POINT('Ctrl Pts',(-25.206409335313,-34.5994659434644,5.));
#5948=CARTESIAN_POINT('Ctrl Pts',(-24.9703838829284,-34.4610168193419,5.));
#5949=CARTESIAN_POINT('',(-24.4315030578857,-33.1172241424162,5.));
#5950=CARTESIAN_POINT('Ctrl Pts',(-24.9703838829284,-34.4610168193419,5.));
#5951=CARTESIAN_POINT('Ctrl Pts',(-24.81332923798,-34.2787158273806,5.));
#5952=CARTESIAN_POINT('Ctrl Pts',(-24.481732266996,-33.8938150384762,5.));
#5953=CARTESIAN_POINT('Ctrl Pts',(-24.4488246194492,-33.3850318036165,5.));
#5954=CARTESIAN_POINT('Ctrl Pts',(-24.4315030578857,-33.1172241424162,5.));
#5955=CARTESIAN_POINT('',(-24.7486927513366,-32.0428724740583,5.));
#5956=CARTESIAN_POINT('Ctrl Pts',(-24.4315030578857,-33.1172241424162,5.));
#5957=CARTESIAN_POINT('Ctrl Pts',(-24.4426876216236,-32.9185040707834,5.));
#5958=CARTESIAN_POINT('Ctrl Pts',(-24.4642715833451,-32.5350142432016,5.));
#5959=CARTESIAN_POINT('Ctrl Pts',(-24.6562131323041,-32.2028925022502,5.));
#5960=CARTESIAN_POINT('Ctrl Pts',(-24.7486927513366,-32.0428724740583,5.));
#5961=CARTESIAN_POINT('',(-25.584299803186,-31.452831790312,5.));
#5962=CARTESIAN_POINT('Ctrl Pts',(-24.7486927513366,-32.0428724740583,5.));
#5963=CARTESIAN_POINT('Ctrl Pts',(-24.862364344973,-31.9067119790195,5.));
#5964=CARTESIAN_POINT('Ctrl Pts',(-25.0885597008911,-31.6357659083959,5.));
#5965=CARTESIAN_POINT('Ctrl Pts',(-25.4196130806868,-31.5136031908928,5.));
#5966=CARTESIAN_POINT('Ctrl Pts',(-25.584299803186,-31.452831790312,5.));
#5967=CARTESIAN_POINT('Ctrl Pts',(-25.584299803186,-31.452831790312,5.));
#5968=CARTESIAN_POINT('Ctrl Pts',(-25.7426094855916,-31.4272729172918,5.));
#5969=CARTESIAN_POINT('Ctrl Pts',(-26.1510948283652,-31.3613235397935,5.));
#5970=CARTESIAN_POINT('Ctrl Pts',(-26.5652839041711,-31.3630795293498,5.));
#5971=CARTESIAN_POINT('Ctrl Pts',(-26.8189527992492,-31.3641549800474,5.));
#5972=CARTESIAN_POINT('Origin',(-22.6572213213779,25.4917937209046,3.));
#5973=CARTESIAN_POINT('',(-68.6572213213779,56.4917937209046,3.));
#5974=CARTESIAN_POINT('',(23.3427786786221,56.4917937209046,3.));
#5975=CARTESIAN_POINT('',(-68.6572213213779,56.4917937209046,3.));
#5976=CARTESIAN_POINT('',(-68.6572213213779,-5.5082062790954,3.));
#5977=CARTESIAN_POINT('',(-68.6572213213779,-5.5082062790954,3.));
#5978=CARTESIAN_POINT('',(23.3427786786221,-5.5082062790954,3.));
#5979=CARTESIAN_POINT('',(23.3427786786221,-5.5082062790954,3.));
#5980=CARTESIAN_POINT('',(23.3427786786221,56.4917937209046,3.));
#5981=CARTESIAN_POINT('',(-67.6572213213779,-4.5082062790954,3.));
#5982=CARTESIAN_POINT('',(22.3427786786221,-4.5082062790954,3.));
#5983=CARTESIAN_POINT('',(22.3427786786221,-4.5082062790954,3.));
#5984=CARTESIAN_POINT('',(-67.6572213213779,55.4917937209046,3.));
#5985=CARTESIAN_POINT('',(-67.6572213213779,-4.5082062790954,3.));
#5986=CARTESIAN_POINT('',(22.3427786786221,55.4917937209046,3.));
#5987=CARTESIAN_POINT('',(-67.6572213213779,55.4917937209046,3.));
#5988=CARTESIAN_POINT('',(22.3427786786221,55.4917937209046,3.));
#5989=CARTESIAN_POINT('Origin',(-68.6572213213779,56.4917937209046,5.));
#5990=CARTESIAN_POINT('',(-68.6572213213779,56.4917937209046,5.));
#5991=CARTESIAN_POINT('',(23.3427786786221,56.4917937209046,5.));
#5992=CARTESIAN_POINT('',(-34.3286106606889,56.4917937209046,5.));
#5993=CARTESIAN_POINT('',(-68.6572213213779,56.4917937209046,5.));
#5994=CARTESIAN_POINT('',(23.3427786786221,56.4917937209046,5.));
#5995=CARTESIAN_POINT('Origin',(23.3427786786221,56.4917937209046,5.));
#5996=CARTESIAN_POINT('',(23.3427786786221,-5.5082062790954,5.));
#5997=CARTESIAN_POINT('',(23.3427786786221,28.2458968604523,5.));
#5998=CARTESIAN_POINT('',(23.3427786786221,-5.5082062790954,5.));
#5999=CARTESIAN_POINT('Origin',(23.3427786786221,-5.5082062790954,5.));
#6000=CARTESIAN_POINT('',(-68.6572213213779,-5.5082062790954,5.));
#6001=CARTESIAN_POINT('',(11.6713893393111,-5.5082062790954,5.));
#6002=CARTESIAN_POINT('',(-68.6572213213779,-5.5082062790954,5.));
#6003=CARTESIAN_POINT('Origin',(-68.6572213213779,-5.5082062790954,5.));
#6004=CARTESIAN_POINT('',(-68.6572213213779,-2.7541031395477,5.));
#6005=CARTESIAN_POINT('Origin',(-67.6572213213779,-4.5082062790954,5.));
#6006=CARTESIAN_POINT('',(-67.6572213213779,-4.5082062790954,5.));
#6007=CARTESIAN_POINT('',(22.3427786786221,-4.5082062790954,5.));
#6008=CARTESIAN_POINT('Origin',(22.3427786786221,-4.50820627909541,5.));
#6009=CARTESIAN_POINT('',(22.3427786786221,55.4917937209046,5.));
#6010=CARTESIAN_POINT('Origin',(22.3427786786221,55.4917937209046,5.));
#6011=CARTESIAN_POINT('',(-67.6572213213779,55.4917937209046,5.));
#6012=CARTESIAN_POINT('Origin',(-67.6572213213779,55.4917937209046,5.));
#6013=CARTESIAN_POINT('Origin',(-25.5673514894666,26.6499493684207,3.));
#6014=CARTESIAN_POINT('',(-15.853845275146,21.6499499644671,3.));
#6015=CARTESIAN_POINT('',(-19.6669427521052,21.6499499644671,3.));
#6016=CARTESIAN_POINT('',(-15.853845275146,21.6499499644671,3.));
#6017=CARTESIAN_POINT('',(-14.240612185699,21.8170718516742,3.));
#6018=CARTESIAN_POINT('Ctrl Pts',(-14.240612185699,21.8170718516742,3.));
#6019=CARTESIAN_POINT('Ctrl Pts',(-14.4840096475977,21.7684214687203,3.));
#6020=CARTESIAN_POINT('Ctrl Pts',(-15.0162370432403,21.6620396419972,3.));
#6021=CARTESIAN_POINT('Ctrl Pts',(-15.5591930974406,21.6542028474693,3.));
#6022=CARTESIAN_POINT('Ctrl Pts',(-15.853845275146,21.6499499644671,3.));
#6023=CARTESIAN_POINT('',(-13.1457964546504,22.3116139735614,3.));
#6024=CARTESIAN_POINT('Ctrl Pts',(-13.1457964546504,22.3116139735614,3.));
#6025=CARTESIAN_POINT('Ctrl Pts',(-13.3061075033089,22.2077967157149,3.));
#6026=CARTESIAN_POINT('Ctrl Pts',(-13.6457769390102,21.9878271647459,3.));
#6027=CARTESIAN_POINT('Ctrl Pts',(-14.0350573276988,21.8760790882605,3.));
#6028=CARTESIAN_POINT('Ctrl Pts',(-14.240612185699,21.8170718516742,3.));
#6029=CARTESIAN_POINT('',(-12.4125091202082,23.2427195872699,3.));
#6030=CARTESIAN_POINT('Ctrl Pts',(-12.4125091202082,23.2427195872699,3.));
#6031=CARTESIAN_POINT('Ctrl Pts',(-12.5128764894931,23.0563779116139,3.));
#6032=CARTESIAN_POINT('Ctrl Pts',(-12.7032729421057,22.7028885826459,3.));
#6033=CARTESIAN_POINT('Ctrl Pts',(-13.0037267032214,22.4372305450594,3.));
#6034=CARTESIAN_POINT('Ctrl Pts',(-13.1457964546504,22.3116139735614,3.));
#6035=CARTESIAN_POINT('',(-12.1157828934016,24.5489947165881,3.));
#6036=CARTESIAN_POINT('Ctrl Pts',(-12.1157828934016,24.5489947165881,3.));
#6037=CARTESIAN_POINT('Ctrl Pts',(-12.1275773173814,24.3200842456264,3.));
#6038=CARTESIAN_POINT('Ctrl Pts',(-12.1509022498869,23.8673854708358,3.));
#6039=CARTESIAN_POINT('Ctrl Pts',(-12.3259671009598,23.4493649511817,3.));
#6040=CARTESIAN_POINT('Ctrl Pts',(-12.4125091202082,23.2427195872699,3.));
#6041=CARTESIAN_POINT('',(-12.6035062439265,26.0633198584948,3.));
#6042=CARTESIAN_POINT('Ctrl Pts',(-12.6035062439265,26.0633198584948,3.));
#6043=CARTESIAN_POINT('Ctrl Pts',(-12.4612730440143,25.8368805356684,3.));
#6044=CARTESIAN_POINT('Ctrl Pts',(-12.1704752163524,25.3739220757884,3.));
#6045=CARTESIAN_POINT('Ctrl Pts',(-12.1342763820916,24.8279330385376,3.));
#6046=CARTESIAN_POINT('Ctrl Pts',(-12.1157828934016,24.5489947165881,3.));
#6047=CARTESIAN_POINT('',(-13.9984575874629,26.9705502356921,3.));
#6048=CARTESIAN_POINT('Ctrl Pts',(-13.9984575874629,26.9705502356921,3.));
#6049=CARTESIAN_POINT('Ctrl Pts',(-13.7174102362713,26.871196694954,3.));
#6050=CARTESIAN_POINT('Ctrl Pts',(-13.1785199293391,26.6806926399037,3.));
#6051=CARTESIAN_POINT('Ctrl Pts',(-12.7895951587293,26.2631172439061,3.));
#6052=CARTESIAN_POINT('Ctrl Pts',(-12.6035062439265,26.0633198584948,3.));
#6053=CARTESIAN_POINT('',(-12.947978175384,27.8846023644839,3.));
#6054=CARTESIAN_POINT('Ctrl Pts',(-12.947978175384,27.8846023644839,3.));
#6055=CARTESIAN_POINT('Ctrl Pts',(-13.083466871546,27.7026850372061,3.));
#6056=CARTESIAN_POINT('Ctrl Pts',(-13.3668392828023,27.3222078967483,3.));
#6057=CARTESIAN_POINT('Ctrl Pts',(-13.7818668987572,27.0911385315581,3.));
#6058=CARTESIAN_POINT('Ctrl Pts',(-13.9984575874629,26.9705502356921,3.));
#6059=CARTESIAN_POINT('',(-12.6000944740596,29.0919689502154,3.));
#6060=CARTESIAN_POINT('Ctrl Pts',(-12.6000944740596,29.0919689502154,3.));
#6061=CARTESIAN_POINT('Ctrl Pts',(-12.6151294890442,28.8804875908682,3.));
#6062=CARTESIAN_POINT('Ctrl Pts',(-12.645486355915,28.4534902464736,3.));
#6063=CARTESIAN_POINT('Ctrl Pts',(-12.8465144088685,28.0754224247852,3.));
#6064=CARTESIAN_POINT('Ctrl Pts',(-12.947978175384,27.8846023644839,3.));
#6065=CARTESIAN_POINT('',(-12.9923192627253,30.4118869866763,3.));
#6066=CARTESIAN_POINT('Ctrl Pts',(-12.9923192627253,30.4118869866763,3.));
#6067=CARTESIAN_POINT('Ctrl Pts',(-12.8779339837035,30.2015341968727,3.));
#6068=CARTESIAN_POINT('Ctrl Pts',(-12.6536449797413,29.7890701271151,3.));
#6069=CARTESIAN_POINT('Ctrl Pts',(-12.6177052702794,29.3212199463492,3.));
#6070=CARTESIAN_POINT('Ctrl Pts',(-12.6000944740596,29.0919689502154,3.));
#6071=CARTESIAN_POINT('',(-14.0769020683589,31.3464031781588,3.));
#6072=CARTESIAN_POINT('Ctrl Pts',(-14.0769020683589,31.3464031781588,3.));
#6073=CARTESIAN_POINT('Ctrl Pts',(-13.8589290129636,31.2320716792356,3.));
#6074=CARTESIAN_POINT('Ctrl Pts',(-13.4250028684718,31.0044681966318,3.));
#6075=CARTESIAN_POINT('Ctrl Pts',(-13.1360988396576,30.6088000994771,3.));
#6076=CARTESIAN_POINT('Ctrl Pts',(-12.9923192627253,30.4118869866763,3.));
#6077=CARTESIAN_POINT('',(-15.9152380592646,31.6499499644671,3.));
#6078=CARTESIAN_POINT('Ctrl Pts',(-15.9152380592646,31.6499499644671,3.));
#6079=CARTESIAN_POINT('Ctrl Pts',(-15.5677098931672,31.6436016413294,3.));
#6080=CARTESIAN_POINT('Ctrl Pts',(-14.9391305677081,31.6321193355338,3.));
#6081=CARTESIAN_POINT('Ctrl Pts',(-14.3433072992967,31.4346817249079,3.));
#6082=CARTESIAN_POINT('Ctrl Pts',(-14.0769020683589,31.3464031781588,3.));
#6083=CARTESIAN_POINT('',(-19.6669427521052,31.6499499644671,3.));
#6084=CARTESIAN_POINT('',(-19.6669427521052,31.6499499644671,3.));
#6085=CARTESIAN_POINT('',(-19.6669427521052,21.6499499644671,3.));
#6086=CARTESIAN_POINT('',(-18.3436147339167,26.2679581012164,3.));
#6087=CARTESIAN_POINT('',(-18.3436147339167,22.8300313319598,3.));
#6088=CARTESIAN_POINT('',(-18.3436147339167,26.2679581012164,3.));
#6089=CARTESIAN_POINT('',(-16.031200087768,26.2679581012164,3.));
#6090=CARTESIAN_POINT('',(-16.031200087768,26.2679581012164,3.));
#6091=CARTESIAN_POINT('',(-14.5680348045649,26.1008368100558,3.));
#6092=CARTESIAN_POINT('Ctrl Pts',(-14.5680348045649,26.1008368100558,3.));
#6093=CARTESIAN_POINT('Ctrl Pts',(-14.7738225310523,26.1493297133131,3.));
#6094=CARTESIAN_POINT('Ctrl Pts',(-15.2543446666061,26.2625624790864,3.));
#6095=CARTESIAN_POINT('Ctrl Pts',(-15.7486088059271,26.2659953733619,3.));
#6096=CARTESIAN_POINT('Ctrl Pts',(-16.031200087768,26.2679581012164,3.));
#6097=CARTESIAN_POINT('',(-13.7733546860041,25.5210278596316,3.));
#6098=CARTESIAN_POINT('Ctrl Pts',(-13.7733546860041,25.5210278596316,3.));
#6099=CARTESIAN_POINT('Ctrl Pts',(-13.8794853037295,25.6488100086994,3.));
#6100=CARTESIAN_POINT('Ctrl Pts',(-14.0954144628049,25.9087905174763,3.));
#6101=CARTESIAN_POINT('Ctrl Pts',(-14.4087206778578,26.0361005202979,3.));
#6102=CARTESIAN_POINT('Ctrl Pts',(-14.5680348045649,26.1008368100558,3.));
#6103=CARTESIAN_POINT('',(-13.4868613846125,24.5489947165881,3.));
#6104=CARTESIAN_POINT('Ctrl Pts',(-13.4868613846125,24.5489947165881,3.));
#6105=CARTESIAN_POINT('Ctrl Pts',(-13.4973651213638,24.7272278334846,3.));
#6106=CARTESIAN_POINT('Ctrl Pts',(-13.517785604003,25.0737336871151,3.));
#6107=CARTESIAN_POINT('Ctrl Pts',(-13.6898133156793,25.3748146799397,3.));
#6108=CARTESIAN_POINT('Ctrl Pts',(-13.7733546860041,25.5210278596316,3.));
#6109=CARTESIAN_POINT('',(-13.6846772796931,23.7065665091906,3.));
#6110=CARTESIAN_POINT('Ctrl Pts',(-13.6846772796931,23.7065665091906,3.));
#6111=CARTESIAN_POINT('Ctrl Pts',(-13.6270016964988,23.8356212029956,3.));
#6112=CARTESIAN_POINT('Ctrl Pts',(-13.5072683918884,24.1035360485674,3.));
#6113=CARTESIAN_POINT('Ctrl Pts',(-13.493827693127,24.3969291799846,3.));
#6114=CARTESIAN_POINT('Ctrl Pts',(-13.4868613846125,24.5489947165881,3.));
#6115=CARTESIAN_POINT('',(-14.1894523269953,23.1506316031848,3.));
#6116=CARTESIAN_POINT('Ctrl Pts',(-14.1894523269953,23.1506316031848,3.));
#6117=CARTESIAN_POINT('Ctrl Pts',(-14.0905803604319,23.2236147149812,3.));
#6118=CARTESIAN_POINT('Ctrl Pts',(-13.885394918297,23.3750739463774,3.));
#6119=CARTESIAN_POINT('Ctrl Pts',(-13.7531814977032,23.5934292734716,3.));
#6120=CARTESIAN_POINT('Ctrl Pts',(-13.6846772796931,23.7065665091906,3.));
#6121=CARTESIAN_POINT('',(-14.9534360534968,22.8777806128894,3.));
#6122=CARTESIAN_POINT('Ctrl Pts',(-14.9534360534968,22.8777806128894,3.));
#6123=CARTESIAN_POINT('Ctrl Pts',(-14.8111180707505,22.9073412139907,3.));
#6124=CARTESIAN_POINT('Ctrl Pts',(-14.5435787334247,22.9629113076428,3.));
#6125=CARTESIAN_POINT('Ctrl Pts',(-14.3023561618733,23.0907819538327,3.));
#6126=CARTESIAN_POINT('Ctrl Pts',(-14.1894523269953,23.1506316031848,3.));
#6127=CARTESIAN_POINT('',(-15.853845275146,22.8300313319598,3.));
#6128=CARTESIAN_POINT('Ctrl Pts',(-15.853845275146,22.8300313319598,3.));
#6129=CARTESIAN_POINT('Ctrl Pts',(-15.671678619037,22.829685534957,3.));
#6130=CARTESIAN_POINT('Ctrl Pts',(-15.3705311004498,22.8291138830886,3.));
#6131=CARTESIAN_POINT('Ctrl Pts',(-15.0715578721086,22.8639981365163,3.));
#6132=CARTESIAN_POINT('Ctrl Pts',(-14.9534360534968,22.8777806128894,3.));
#6133=CARTESIAN_POINT('',(-18.3436147339167,22.8300313319598,3.));
#6134=CARTESIAN_POINT('',(-18.3436147339167,30.469868000928,3.));
#6135=CARTESIAN_POINT('',(-18.3436147339167,27.4480400647555,3.));
#6136=CARTESIAN_POINT('',(-18.3436147339167,30.469868000928,3.));
#6137=CARTESIAN_POINT('',(-16.344978011352,30.469868000928,3.));
#6138=CARTESIAN_POINT('',(-16.344978011352,30.469868000928,3.));
#6139=CARTESIAN_POINT('',(-14.8238317138972,30.3300319280063,3.));
#6140=CARTESIAN_POINT('Ctrl Pts',(-14.8238317138972,30.3300319280063,3.));
#6141=CARTESIAN_POINT('Ctrl Pts',(-15.0239173037309,30.3704227908056,3.));
#6142=CARTESIAN_POINT('Ctrl Pts',(-15.5252000091186,30.4716156902736,3.));
#6143=CARTESIAN_POINT('Ctrl Pts',(-16.0372883184478,30.4705239663193,3.));
#6144=CARTESIAN_POINT('Ctrl Pts',(-16.344978011352,30.469868000928,3.));
#6145=CARTESIAN_POINT('',(-14.1417042381587,29.8116145696078,3.));
#6146=CARTESIAN_POINT('Ctrl Pts',(-14.1417042381587,29.8116145696078,3.));
#6147=CARTESIAN_POINT('Ctrl Pts',(-14.2305690623796,29.9280964051832,3.));
#6148=CARTESIAN_POINT('Ctrl Pts',(-14.4101708901017,30.1635140830906,3.));
#6149=CARTESIAN_POINT('Ctrl Pts',(-14.6849898632937,30.2741415839934,3.));
#6150=CARTESIAN_POINT('Ctrl Pts',(-14.8238317138972,30.3300319280063,3.));
#6151=CARTESIAN_POINT('',(-13.9029590256037,28.935079392377,3.));
#6152=CARTESIAN_POINT('Ctrl Pts',(-13.9029590256037,28.935079392377,3.));
#6153=CARTESIAN_POINT('Ctrl Pts',(-13.9117323795869,29.0941944625806,3.));
#6154=CARTESIAN_POINT('Ctrl Pts',(-13.92879664801,29.4036749957213,3.));
#6155=CARTESIAN_POINT('Ctrl Pts',(-14.0720853904823,29.6782220351485,3.));
#6156=CARTESIAN_POINT('Ctrl Pts',(-14.1417042381587,29.8116145696078,3.));
#6157=CARTESIAN_POINT('',(-14.1587583191218,28.0619553889666,3.));
#6158=CARTESIAN_POINT('Ctrl Pts',(-14.1587583191218,28.0619553889666,3.));
#6159=CARTESIAN_POINT('Ctrl Pts',(-14.0842056881466,28.1894915437677,3.));
#6160=CARTESIAN_POINT('Ctrl Pts',(-13.9268187073764,28.4587312752246,3.));
#6161=CARTESIAN_POINT('Ctrl Pts',(-13.9111864432993,28.7708225944167,3.));
#6162=CARTESIAN_POINT('Ctrl Pts',(-13.9029590256037,28.935079392377,3.));
#6163=CARTESIAN_POINT('',(-14.9193302757563,27.5640020932589,3.));
#6164=CARTESIAN_POINT('Ctrl Pts',(-14.9193302757563,27.5640020932589,3.));
#6165=CARTESIAN_POINT('Ctrl Pts',(-14.7640468682947,27.6188647339013,3.));
#6166=CARTESIAN_POINT('Ctrl Pts',(-14.4692501564217,27.723018334923,3.));
#6167=CARTESIAN_POINT('Ctrl Pts',(-14.2584975390115,27.9530787187907,3.));
#6168=CARTESIAN_POINT('Ctrl Pts',(-14.1587583191218,28.0619553889666,3.));
#6169=CARTESIAN_POINT('',(-16.1812678940119,27.4480400647555,3.));
#6170=CARTESIAN_POINT('Ctrl Pts',(-16.1812678940119,27.4480400647555,3.));
#6171=CARTESIAN_POINT('Ctrl Pts',(-15.9284216931461,27.4478848097916,3.));
#6172=CARTESIAN_POINT('Ctrl Pts',(-15.503705863095,27.4476240218477,3.));
#6173=CARTESIAN_POINT('Ctrl Pts',(-15.087682376777,27.5304748664902,3.));
#6174=CARTESIAN_POINT('Ctrl Pts',(-14.9193302757563,27.5640020932589,3.));
#6175=CARTESIAN_POINT('',(-18.3436147339167,27.4480400647555,3.));
#6176=CARTESIAN_POINT('Origin',(-15.853845275146,21.6499499644671,5.));
#6177=CARTESIAN_POINT('',(-15.853845275146,21.6499499644671,5.));
#6178=CARTESIAN_POINT('',(-19.6669427521052,21.6499499644671,5.));
#6179=CARTESIAN_POINT('Origin',(-19.6669427521052,21.6499499644671,5.));
#6180=CARTESIAN_POINT('',(-19.6669427521052,31.6499499644671,5.));
#6181=CARTESIAN_POINT('Origin',(-19.6669427521052,31.6499499644671,5.));
#6182=CARTESIAN_POINT('',(-15.9152380592646,31.6499499644671,5.));
#6183=CARTESIAN_POINT('Ctrl Pts',(-15.9152380592646,31.6499499644671,5.));
#6184=CARTESIAN_POINT('Ctrl Pts',(-15.9152380592646,31.6499499644671,3.));
#6185=CARTESIAN_POINT('Ctrl Pts',(-15.5677098931672,31.6436016413294,5.));
#6186=CARTESIAN_POINT('Ctrl Pts',(-15.5677098931672,31.6436016413294,3.));
#6187=CARTESIAN_POINT('Ctrl Pts',(-14.9391305677081,31.6321193355338,5.));
#6188=CARTESIAN_POINT('Ctrl Pts',(-14.9391305677081,31.6321193355338,3.));
#6189=CARTESIAN_POINT('Ctrl Pts',(-14.3433072992967,31.4346817249079,5.));
#6190=CARTESIAN_POINT('Ctrl Pts',(-14.3433072992967,31.4346817249079,3.));
#6191=CARTESIAN_POINT('Ctrl Pts',(-14.0769020683589,31.3464031781588,5.));
#6192=CARTESIAN_POINT('Ctrl Pts',(-14.0769020683589,31.3464031781588,3.));
#6193=CARTESIAN_POINT('',(-14.0769020683589,31.3464031781588,5.));
#6194=CARTESIAN_POINT('Ctrl Pts',(-14.0769020683589,31.3464031781588,5.));
#6195=CARTESIAN_POINT('Ctrl Pts',(-14.0769020683589,31.3464031781588,3.));
#6196=CARTESIAN_POINT('Ctrl Pts',(-13.8589290129636,31.2320716792356,5.));
#6197=CARTESIAN_POINT('Ctrl Pts',(-13.8589290129636,31.2320716792356,3.));
#6198=CARTESIAN_POINT('Ctrl Pts',(-13.4250028684718,31.0044681966318,5.));
#6199=CARTESIAN_POINT('Ctrl Pts',(-13.4250028684718,31.0044681966318,3.));
#6200=CARTESIAN_POINT('Ctrl Pts',(-13.1360988396576,30.6088000994771,5.));
#6201=CARTESIAN_POINT('Ctrl Pts',(-13.1360988396576,30.6088000994771,3.));
#6202=CARTESIAN_POINT('Ctrl Pts',(-12.9923192627253,30.4118869866763,5.));
#6203=CARTESIAN_POINT('Ctrl Pts',(-12.9923192627253,30.4118869866763,3.));
#6204=CARTESIAN_POINT('',(-12.9923192627253,30.4118869866763,5.));
#6205=CARTESIAN_POINT('Ctrl Pts',(-12.9923192627253,30.4118869866763,5.));
#6206=CARTESIAN_POINT('Ctrl Pts',(-12.9923192627253,30.4118869866763,3.));
#6207=CARTESIAN_POINT('Ctrl Pts',(-12.8779339837035,30.2015341968727,5.));
#6208=CARTESIAN_POINT('Ctrl Pts',(-12.8779339837035,30.2015341968727,3.));
#6209=CARTESIAN_POINT('Ctrl Pts',(-12.6536449797413,29.7890701271151,5.));
#6210=CARTESIAN_POINT('Ctrl Pts',(-12.6536449797413,29.7890701271151,3.));
#6211=CARTESIAN_POINT('Ctrl Pts',(-12.6177052702794,29.3212199463492,5.));
#6212=CARTESIAN_POINT('Ctrl Pts',(-12.6177052702794,29.3212199463492,3.));
#6213=CARTESIAN_POINT('Ctrl Pts',(-12.6000944740596,29.0919689502154,5.));
#6214=CARTESIAN_POINT('Ctrl Pts',(-12.6000944740596,29.0919689502154,3.));
#6215=CARTESIAN_POINT('',(-12.6000944740596,29.0919689502154,5.));
#6216=CARTESIAN_POINT('Ctrl Pts',(-12.6000944740596,29.0919689502154,5.));
#6217=CARTESIAN_POINT('Ctrl Pts',(-12.6000944740596,29.0919689502154,3.));
#6218=CARTESIAN_POINT('Ctrl Pts',(-12.6151294890442,28.8804875908682,5.));
#6219=CARTESIAN_POINT('Ctrl Pts',(-12.6151294890442,28.8804875908682,3.));
#6220=CARTESIAN_POINT('Ctrl Pts',(-12.645486355915,28.4534902464736,5.));
#6221=CARTESIAN_POINT('Ctrl Pts',(-12.645486355915,28.4534902464736,3.));
#6222=CARTESIAN_POINT('Ctrl Pts',(-12.8465144088685,28.0754224247852,5.));
#6223=CARTESIAN_POINT('Ctrl Pts',(-12.8465144088685,28.0754224247852,3.));
#6224=CARTESIAN_POINT('Ctrl Pts',(-12.947978175384,27.8846023644839,5.));
#6225=CARTESIAN_POINT('Ctrl Pts',(-12.947978175384,27.8846023644839,3.));
#6226=CARTESIAN_POINT('',(-12.947978175384,27.8846023644839,5.));
#6227=CARTESIAN_POINT('Ctrl Pts',(-12.947978175384,27.8846023644839,5.));
#6228=CARTESIAN_POINT('Ctrl Pts',(-12.947978175384,27.8846023644839,3.));
#6229=CARTESIAN_POINT('Ctrl Pts',(-13.083466871546,27.7026850372061,5.));
#6230=CARTESIAN_POINT('Ctrl Pts',(-13.083466871546,27.7026850372061,3.));
#6231=CARTESIAN_POINT('Ctrl Pts',(-13.3668392828023,27.3222078967483,5.));
#6232=CARTESIAN_POINT('Ctrl Pts',(-13.3668392828023,27.3222078967483,3.));
#6233=CARTESIAN_POINT('Ctrl Pts',(-13.7818668987572,27.0911385315581,5.));
#6234=CARTESIAN_POINT('Ctrl Pts',(-13.7818668987572,27.0911385315581,3.));
#6235=CARTESIAN_POINT('Ctrl Pts',(-13.9984575874629,26.9705502356921,5.));
#6236=CARTESIAN_POINT('Ctrl Pts',(-13.9984575874629,26.9705502356921,3.));
#6237=CARTESIAN_POINT('',(-13.9984575874629,26.9705502356921,5.));
#6238=CARTESIAN_POINT('Ctrl Pts',(-13.9984575874629,26.9705502356921,5.));
#6239=CARTESIAN_POINT('Ctrl Pts',(-13.9984575874629,26.9705502356921,3.));
#6240=CARTESIAN_POINT('Ctrl Pts',(-13.7174102362713,26.871196694954,5.));
#6241=CARTESIAN_POINT('Ctrl Pts',(-13.7174102362713,26.871196694954,3.));
#6242=CARTESIAN_POINT('Ctrl Pts',(-13.1785199293391,26.6806926399037,5.));
#6243=CARTESIAN_POINT('Ctrl Pts',(-13.1785199293391,26.6806926399037,3.));
#6244=CARTESIAN_POINT('Ctrl Pts',(-12.7895951587293,26.2631172439061,5.));
#6245=CARTESIAN_POINT('Ctrl Pts',(-12.7895951587293,26.2631172439061,3.));
#6246=CARTESIAN_POINT('Ctrl Pts',(-12.6035062439265,26.0633198584948,5.));
#6247=CARTESIAN_POINT('Ctrl Pts',(-12.6035062439265,26.0633198584948,3.));
#6248=CARTESIAN_POINT('',(-12.6035062439265,26.0633198584948,5.));
#6249=CARTESIAN_POINT('Ctrl Pts',(-12.6035062439265,26.0633198584948,5.));
#6250=CARTESIAN_POINT('Ctrl Pts',(-12.6035062439265,26.0633198584948,3.));
#6251=CARTESIAN_POINT('Ctrl Pts',(-12.4612730440143,25.8368805356684,5.));
#6252=CARTESIAN_POINT('Ctrl Pts',(-12.4612730440143,25.8368805356684,3.));
#6253=CARTESIAN_POINT('Ctrl Pts',(-12.1704752163524,25.3739220757884,5.));
#6254=CARTESIAN_POINT('Ctrl Pts',(-12.1704752163524,25.3739220757884,3.));
#6255=CARTESIAN_POINT('Ctrl Pts',(-12.1342763820916,24.8279330385376,5.));
#6256=CARTESIAN_POINT('Ctrl Pts',(-12.1342763820916,24.8279330385376,3.));
#6257=CARTESIAN_POINT('Ctrl Pts',(-12.1157828934016,24.5489947165881,5.));
#6258=CARTESIAN_POINT('Ctrl Pts',(-12.1157828934016,24.5489947165881,3.));
#6259=CARTESIAN_POINT('',(-12.1157828934016,24.5489947165881,5.));
#6260=CARTESIAN_POINT('Ctrl Pts',(-12.1157828934016,24.5489947165881,5.));
#6261=CARTESIAN_POINT('Ctrl Pts',(-12.1157828934016,24.5489947165881,3.));
#6262=CARTESIAN_POINT('Ctrl Pts',(-12.1275773173814,24.3200842456264,5.));
#6263=CARTESIAN_POINT('Ctrl Pts',(-12.1275773173814,24.3200842456264,3.));
#6264=CARTESIAN_POINT('Ctrl Pts',(-12.1509022498869,23.8673854708358,5.));
#6265=CARTESIAN_POINT('Ctrl Pts',(-12.1509022498869,23.8673854708358,3.));
#6266=CARTESIAN_POINT('Ctrl Pts',(-12.3259671009598,23.4493649511817,5.));
#6267=CARTESIAN_POINT('Ctrl Pts',(-12.3259671009598,23.4493649511817,3.));
#6268=CARTESIAN_POINT('Ctrl Pts',(-12.4125091202082,23.2427195872699,5.));
#6269=CARTESIAN_POINT('Ctrl Pts',(-12.4125091202082,23.2427195872699,3.));
#6270=CARTESIAN_POINT('',(-12.4125091202082,23.2427195872699,5.));
#6271=CARTESIAN_POINT('Ctrl Pts',(-12.4125091202082,23.2427195872699,5.));
#6272=CARTESIAN_POINT('Ctrl Pts',(-12.4125091202082,23.2427195872699,3.));
#6273=CARTESIAN_POINT('Ctrl Pts',(-12.5128764894931,23.0563779116139,5.));
#6274=CARTESIAN_POINT('Ctrl Pts',(-12.5128764894931,23.0563779116139,3.));
#6275=CARTESIAN_POINT('Ctrl Pts',(-12.7032729421057,22.7028885826459,5.));
#6276=CARTESIAN_POINT('Ctrl Pts',(-12.7032729421057,22.7028885826459,3.));
#6277=CARTESIAN_POINT('Ctrl Pts',(-13.0037267032214,22.4372305450594,5.));
#6278=CARTESIAN_POINT('Ctrl Pts',(-13.0037267032214,22.4372305450594,3.));
#6279=CARTESIAN_POINT('Ctrl Pts',(-13.1457964546504,22.3116139735614,5.));
#6280=CARTESIAN_POINT('Ctrl Pts',(-13.1457964546504,22.3116139735614,3.));
#6281=CARTESIAN_POINT('',(-13.1457964546504,22.3116139735614,5.));
#6282=CARTESIAN_POINT('Ctrl Pts',(-13.1457964546504,22.3116139735614,5.));
#6283=CARTESIAN_POINT('Ctrl Pts',(-13.1457964546504,22.3116139735614,3.));
#6284=CARTESIAN_POINT('Ctrl Pts',(-13.3061075033089,22.2077967157149,5.));
#6285=CARTESIAN_POINT('Ctrl Pts',(-13.3061075033089,22.2077967157149,3.));
#6286=CARTESIAN_POINT('Ctrl Pts',(-13.6457769390102,21.9878271647459,5.));
#6287=CARTESIAN_POINT('Ctrl Pts',(-13.6457769390102,21.9878271647459,3.));
#6288=CARTESIAN_POINT('Ctrl Pts',(-14.0350573276988,21.8760790882605,5.));
#6289=CARTESIAN_POINT('Ctrl Pts',(-14.0350573276988,21.8760790882605,3.));
#6290=CARTESIAN_POINT('Ctrl Pts',(-14.240612185699,21.8170718516742,5.));
#6291=CARTESIAN_POINT('Ctrl Pts',(-14.240612185699,21.8170718516742,3.));
#6292=CARTESIAN_POINT('',(-14.240612185699,21.8170718516742,5.));
#6293=CARTESIAN_POINT('Ctrl Pts',(-14.240612185699,21.8170718516742,5.));
#6294=CARTESIAN_POINT('Ctrl Pts',(-14.240612185699,21.8170718516742,3.));
#6295=CARTESIAN_POINT('Ctrl Pts',(-14.4840096475977,21.7684214687203,5.));
#6296=CARTESIAN_POINT('Ctrl Pts',(-14.4840096475977,21.7684214687203,3.));
#6297=CARTESIAN_POINT('Ctrl Pts',(-15.0162370432403,21.6620396419972,5.));
#6298=CARTESIAN_POINT('Ctrl Pts',(-15.0162370432403,21.6620396419972,3.));
#6299=CARTESIAN_POINT('Ctrl Pts',(-15.5591930974406,21.6542028474693,5.));
#6300=CARTESIAN_POINT('Ctrl Pts',(-15.5591930974406,21.6542028474693,3.));
#6301=CARTESIAN_POINT('Ctrl Pts',(-15.853845275146,21.6499499644671,5.));
#6302=CARTESIAN_POINT('Ctrl Pts',(-15.853845275146,21.6499499644671,3.));
#6303=CARTESIAN_POINT('Origin',(-18.3436147339167,26.2679581012164,5.));
#6304=CARTESIAN_POINT('',(-18.3436147339167,26.2679581012164,5.));
#6305=CARTESIAN_POINT('',(-18.3436147339167,22.8300313319598,5.));
#6306=CARTESIAN_POINT('Origin',(-18.3436147339167,22.8300313319598,5.));
#6307=CARTESIAN_POINT('',(-15.853845275146,22.8300313319598,5.));
#6308=CARTESIAN_POINT('Ctrl Pts',(-15.853845275146,22.8300313319598,5.));
#6309=CARTESIAN_POINT('Ctrl Pts',(-15.853845275146,22.8300313319598,3.));
#6310=CARTESIAN_POINT('Ctrl Pts',(-15.671678619037,22.829685534957,5.));
#6311=CARTESIAN_POINT('Ctrl Pts',(-15.671678619037,22.829685534957,3.));
#6312=CARTESIAN_POINT('Ctrl Pts',(-15.3705311004498,22.8291138830886,5.));
#6313=CARTESIAN_POINT('Ctrl Pts',(-15.3705311004498,22.8291138830886,3.));
#6314=CARTESIAN_POINT('Ctrl Pts',(-15.0715578721086,22.8639981365163,5.));
#6315=CARTESIAN_POINT('Ctrl Pts',(-15.0715578721086,22.8639981365163,3.));
#6316=CARTESIAN_POINT('Ctrl Pts',(-14.9534360534968,22.8777806128894,5.));
#6317=CARTESIAN_POINT('Ctrl Pts',(-14.9534360534968,22.8777806128894,3.));
#6318=CARTESIAN_POINT('',(-14.9534360534968,22.8777806128894,5.));
#6319=CARTESIAN_POINT('Ctrl Pts',(-14.9534360534968,22.8777806128894,5.));
#6320=CARTESIAN_POINT('Ctrl Pts',(-14.9534360534968,22.8777806128894,3.));
#6321=CARTESIAN_POINT('Ctrl Pts',(-14.8111180707505,22.9073412139907,5.));
#6322=CARTESIAN_POINT('Ctrl Pts',(-14.8111180707505,22.9073412139907,3.));
#6323=CARTESIAN_POINT('Ctrl Pts',(-14.5435787334247,22.9629113076428,5.));
#6324=CARTESIAN_POINT('Ctrl Pts',(-14.5435787334247,22.9629113076428,3.));
#6325=CARTESIAN_POINT('Ctrl Pts',(-14.3023561618733,23.0907819538327,5.));
#6326=CARTESIAN_POINT('Ctrl Pts',(-14.3023561618733,23.0907819538327,3.));
#6327=CARTESIAN_POINT('Ctrl Pts',(-14.1894523269953,23.1506316031848,5.));
#6328=CARTESIAN_POINT('Ctrl Pts',(-14.1894523269953,23.1506316031848,3.));
#6329=CARTESIAN_POINT('',(-14.1894523269953,23.1506316031848,5.));
#6330=CARTESIAN_POINT('Ctrl Pts',(-14.1894523269953,23.1506316031848,5.));
#6331=CARTESIAN_POINT('Ctrl Pts',(-14.1894523269953,23.1506316031848,3.));
#6332=CARTESIAN_POINT('Ctrl Pts',(-14.0905803604319,23.2236147149812,5.));
#6333=CARTESIAN_POINT('Ctrl Pts',(-14.0905803604319,23.2236147149812,3.));
#6334=CARTESIAN_POINT('Ctrl Pts',(-13.885394918297,23.3750739463774,5.));
#6335=CARTESIAN_POINT('Ctrl Pts',(-13.885394918297,23.3750739463774,3.));
#6336=CARTESIAN_POINT('Ctrl Pts',(-13.7531814977032,23.5934292734716,5.));
#6337=CARTESIAN_POINT('Ctrl Pts',(-13.7531814977032,23.5934292734716,3.));
#6338=CARTESIAN_POINT('Ctrl Pts',(-13.6846772796931,23.7065665091906,5.));
#6339=CARTESIAN_POINT('Ctrl Pts',(-13.6846772796931,23.7065665091906,3.));
#6340=CARTESIAN_POINT('',(-13.6846772796931,23.7065665091906,5.));
#6341=CARTESIAN_POINT('Ctrl Pts',(-13.6846772796931,23.7065665091906,5.));
#6342=CARTESIAN_POINT('Ctrl Pts',(-13.6846772796931,23.7065665091906,3.));
#6343=CARTESIAN_POINT('Ctrl Pts',(-13.6270016964988,23.8356212029956,5.));
#6344=CARTESIAN_POINT('Ctrl Pts',(-13.6270016964988,23.8356212029956,3.));
#6345=CARTESIAN_POINT('Ctrl Pts',(-13.5072683918884,24.1035360485674,5.));
#6346=CARTESIAN_POINT('Ctrl Pts',(-13.5072683918884,24.1035360485674,3.));
#6347=CARTESIAN_POINT('Ctrl Pts',(-13.493827693127,24.3969291799846,5.));
#6348=CARTESIAN_POINT('Ctrl Pts',(-13.493827693127,24.3969291799846,3.));
#6349=CARTESIAN_POINT('Ctrl Pts',(-13.4868613846125,24.5489947165881,5.));
#6350=CARTESIAN_POINT('Ctrl Pts',(-13.4868613846125,24.5489947165881,3.));
#6351=CARTESIAN_POINT('',(-13.4868613846125,24.5489947165881,5.));
#6352=CARTESIAN_POINT('Ctrl Pts',(-13.4868613846125,24.5489947165881,5.));
#6353=CARTESIAN_POINT('Ctrl Pts',(-13.4868613846125,24.5489947165881,3.));
#6354=CARTESIAN_POINT('Ctrl Pts',(-13.4973651213638,24.7272278334846,5.));
#6355=CARTESIAN_POINT('Ctrl Pts',(-13.4973651213638,24.7272278334846,3.));
#6356=CARTESIAN_POINT('Ctrl Pts',(-13.517785604003,25.0737336871151,5.));
#6357=CARTESIAN_POINT('Ctrl Pts',(-13.517785604003,25.0737336871151,3.));
#6358=CARTESIAN_POINT('Ctrl Pts',(-13.6898133156793,25.3748146799397,5.));
#6359=CARTESIAN_POINT('Ctrl Pts',(-13.6898133156793,25.3748146799397,3.));
#6360=CARTESIAN_POINT('Ctrl Pts',(-13.7733546860041,25.5210278596316,5.));
#6361=CARTESIAN_POINT('Ctrl Pts',(-13.7733546860041,25.5210278596316,3.));
#6362=CARTESIAN_POINT('',(-13.7733546860041,25.5210278596316,5.));
#6363=CARTESIAN_POINT('Ctrl Pts',(-13.7733546860041,25.5210278596316,5.));
#6364=CARTESIAN_POINT('Ctrl Pts',(-13.7733546860041,25.5210278596316,3.));
#6365=CARTESIAN_POINT('Ctrl Pts',(-13.8794853037295,25.6488100086994,5.));
#6366=CARTESIAN_POINT('Ctrl Pts',(-13.8794853037295,25.6488100086994,3.));
#6367=CARTESIAN_POINT('Ctrl Pts',(-14.0954144628049,25.9087905174763,5.));
#6368=CARTESIAN_POINT('Ctrl Pts',(-14.0954144628049,25.9087905174763,3.));
#6369=CARTESIAN_POINT('Ctrl Pts',(-14.4087206778578,26.0361005202979,5.));
#6370=CARTESIAN_POINT('Ctrl Pts',(-14.4087206778578,26.0361005202979,3.));
#6371=CARTESIAN_POINT('Ctrl Pts',(-14.5680348045649,26.1008368100558,5.));
#6372=CARTESIAN_POINT('Ctrl Pts',(-14.5680348045649,26.1008368100558,3.));
#6373=CARTESIAN_POINT('',(-14.5680348045649,26.1008368100558,5.));
#6374=CARTESIAN_POINT('Ctrl Pts',(-14.5680348045649,26.1008368100558,5.));
#6375=CARTESIAN_POINT('Ctrl Pts',(-14.5680348045649,26.1008368100558,3.));
#6376=CARTESIAN_POINT('Ctrl Pts',(-14.7738225310523,26.1493297133131,5.));
#6377=CARTESIAN_POINT('Ctrl Pts',(-14.7738225310523,26.1493297133131,3.));
#6378=CARTESIAN_POINT('Ctrl Pts',(-15.2543446666061,26.2625624790864,5.));
#6379=CARTESIAN_POINT('Ctrl Pts',(-15.2543446666061,26.2625624790864,3.));
#6380=CARTESIAN_POINT('Ctrl Pts',(-15.7486088059271,26.2659953733619,5.));
#6381=CARTESIAN_POINT('Ctrl Pts',(-15.7486088059271,26.2659953733619,3.));
#6382=CARTESIAN_POINT('Ctrl Pts',(-16.031200087768,26.2679581012164,5.));
#6383=CARTESIAN_POINT('Ctrl Pts',(-16.031200087768,26.2679581012164,3.));
#6384=CARTESIAN_POINT('',(-16.031200087768,26.2679581012164,5.));
#6385=CARTESIAN_POINT('Origin',(-16.031200087768,26.2679581012164,5.));
#6386=CARTESIAN_POINT('Origin',(-18.3436147339167,30.469868000928,5.));
#6387=CARTESIAN_POINT('',(-18.3436147339167,30.469868000928,5.));
#6388=CARTESIAN_POINT('',(-18.3436147339167,27.4480400647555,5.));
#6389=CARTESIAN_POINT('Origin',(-18.3436147339167,27.4480400647555,5.));
#6390=CARTESIAN_POINT('',(-16.1812678940119,27.4480400647555,5.));
#6391=CARTESIAN_POINT('Ctrl Pts',(-16.1812678940119,27.4480400647555,5.));
#6392=CARTESIAN_POINT('Ctrl Pts',(-16.1812678940119,27.4480400647555,3.));
#6393=CARTESIAN_POINT('Ctrl Pts',(-15.9284216931461,27.4478848097916,5.));
#6394=CARTESIAN_POINT('Ctrl Pts',(-15.9284216931461,27.4478848097916,3.));
#6395=CARTESIAN_POINT('Ctrl Pts',(-15.503705863095,27.4476240218477,5.));
#6396=CARTESIAN_POINT('Ctrl Pts',(-15.503705863095,27.4476240218477,3.));
#6397=CARTESIAN_POINT('Ctrl Pts',(-15.087682376777,27.5304748664902,5.));
#6398=CARTESIAN_POINT('Ctrl Pts',(-15.087682376777,27.5304748664902,3.));
#6399=CARTESIAN_POINT('Ctrl Pts',(-14.9193302757563,27.5640020932589,5.));
#6400=CARTESIAN_POINT('Ctrl Pts',(-14.9193302757563,27.5640020932589,3.));
#6401=CARTESIAN_POINT('',(-14.9193302757563,27.5640020932589,5.));
#6402=CARTESIAN_POINT('Ctrl Pts',(-14.9193302757563,27.5640020932589,5.));
#6403=CARTESIAN_POINT('Ctrl Pts',(-14.9193302757563,27.5640020932589,3.));
#6404=CARTESIAN_POINT('Ctrl Pts',(-14.7640468682947,27.6188647339013,5.));
#6405=CARTESIAN_POINT('Ctrl Pts',(-14.7640468682947,27.6188647339013,3.));
#6406=CARTESIAN_POINT('Ctrl Pts',(-14.4692501564217,27.723018334923,5.));
#6407=CARTESIAN_POINT('Ctrl Pts',(-14.4692501564217,27.723018334923,3.));
#6408=CARTESIAN_POINT('Ctrl Pts',(-14.2584975390115,27.9530787187907,5.));
#6409=CARTESIAN_POINT('Ctrl Pts',(-14.2584975390115,27.9530787187907,3.));
#6410=CARTESIAN_POINT('Ctrl Pts',(-14.1587583191218,28.0619553889666,5.));
#6411=CARTESIAN_POINT('Ctrl Pts',(-14.1587583191218,28.0619553889666,3.));
#6412=CARTESIAN_POINT('',(-14.1587583191218,28.0619553889666,5.));
#6413=CARTESIAN_POINT('Ctrl Pts',(-14.1587583191218,28.0619553889666,5.));
#6414=CARTESIAN_POINT('Ctrl Pts',(-14.1587583191218,28.0619553889666,3.));
#6415=CARTESIAN_POINT('Ctrl Pts',(-14.0842056881466,28.1894915437677,5.));
#6416=CARTESIAN_POINT('Ctrl Pts',(-14.0842056881466,28.1894915437677,3.));
#6417=CARTESIAN_POINT('Ctrl Pts',(-13.9268187073764,28.4587312752246,5.));
#6418=CARTESIAN_POINT('Ctrl Pts',(-13.9268187073764,28.4587312752246,3.));
#6419=CARTESIAN_POINT('Ctrl Pts',(-13.9111864432993,28.7708225944167,5.));
#6420=CARTESIAN_POINT('Ctrl Pts',(-13.9111864432993,28.7708225944167,3.));
#6421=CARTESIAN_POINT('Ctrl Pts',(-13.9029590256037,28.935079392377,5.));
#6422=CARTESIAN_POINT('Ctrl Pts',(-13.9029590256037,28.935079392377,3.));
#6423=CARTESIAN_POINT('',(-13.9029590256037,28.935079392377,5.));
#6424=CARTESIAN_POINT('Ctrl Pts',(-13.9029590256037,28.935079392377,5.));
#6425=CARTESIAN_POINT('Ctrl Pts',(-13.9029590256037,28.935079392377,3.));
#6426=CARTESIAN_POINT('Ctrl Pts',(-13.9117323795869,29.0941944625806,5.));
#6427=CARTESIAN_POINT('Ctrl Pts',(-13.9117323795869,29.0941944625806,3.));
#6428=CARTESIAN_POINT('Ctrl Pts',(-13.92879664801,29.4036749957213,5.));
#6429=CARTESIAN_POINT('Ctrl Pts',(-13.92879664801,29.4036749957213,3.));
#6430=CARTESIAN_POINT('Ctrl Pts',(-14.0720853904823,29.6782220351485,5.));
#6431=CARTESIAN_POINT('Ctrl Pts',(-14.0720853904823,29.6782220351485,3.));
#6432=CARTESIAN_POINT('Ctrl Pts',(-14.1417042381587,29.8116145696078,5.));
#6433=CARTESIAN_POINT('Ctrl Pts',(-14.1417042381587,29.8116145696078,3.));
#6434=CARTESIAN_POINT('',(-14.1417042381587,29.8116145696078,5.));
#6435=CARTESIAN_POINT('Ctrl Pts',(-14.1417042381587,29.8116145696078,5.));
#6436=CARTESIAN_POINT('Ctrl Pts',(-14.1417042381587,29.8116145696078,3.));
#6437=CARTESIAN_POINT('Ctrl Pts',(-14.2305690623796,29.9280964051832,5.));
#6438=CARTESIAN_POINT('Ctrl Pts',(-14.2305690623796,29.9280964051832,3.));
#6439=CARTESIAN_POINT('Ctrl Pts',(-14.4101708901017,30.1635140830906,5.));
#6440=CARTESIAN_POINT('Ctrl Pts',(-14.4101708901017,30.1635140830906,3.));
#6441=CARTESIAN_POINT('Ctrl Pts',(-14.6849898632937,30.2741415839934,5.));
#6442=CARTESIAN_POINT('Ctrl Pts',(-14.6849898632937,30.2741415839934,3.));
#6443=CARTESIAN_POINT('Ctrl Pts',(-14.8238317138972,30.3300319280063,5.));
#6444=CARTESIAN_POINT('Ctrl Pts',(-14.8238317138972,30.3300319280063,3.));
#6445=CARTESIAN_POINT('',(-14.8238317138972,30.3300319280063,5.));
#6446=CARTESIAN_POINT('Ctrl Pts',(-14.8238317138972,30.3300319280063,5.));
#6447=CARTESIAN_POINT('Ctrl Pts',(-14.8238317138972,30.3300319280063,3.));
#6448=CARTESIAN_POINT('Ctrl Pts',(-15.0239173037309,30.3704227908056,5.));
#6449=CARTESIAN_POINT('Ctrl Pts',(-15.0239173037309,30.3704227908056,3.));
#6450=CARTESIAN_POINT('Ctrl Pts',(-15.5252000091186,30.4716156902736,5.));
#6451=CARTESIAN_POINT('Ctrl Pts',(-15.5252000091186,30.4716156902736,3.));
#6452=CARTESIAN_POINT('Ctrl Pts',(-16.0372883184478,30.4705239663193,5.));
#6453=CARTESIAN_POINT('Ctrl Pts',(-16.0372883184478,30.4705239663193,3.));
#6454=CARTESIAN_POINT('Ctrl Pts',(-16.344978011352,30.469868000928,5.));
#6455=CARTESIAN_POINT('Ctrl Pts',(-16.344978011352,30.469868000928,3.));
#6456=CARTESIAN_POINT('',(-16.344978011352,30.469868000928,5.));
#6457=CARTESIAN_POINT('Origin',(-16.344978011352,30.469868000928,5.));
#6458=CARTESIAN_POINT('Origin',(-25.5673514894666,26.6499493684207,3.));
#6459=CARTESIAN_POINT('',(-23.6096433765711,23.252951320592,3.));
#6460=CARTESIAN_POINT('',(-22.5659863121333,25.1560882892047,3.));
#6461=CARTESIAN_POINT('Ctrl Pts',(-23.6096433765711,23.252951320592,3.));
#6462=CARTESIAN_POINT('Ctrl Pts',(-23.3709305431083,23.505295785414,3.));
#6463=CARTESIAN_POINT('Ctrl Pts',(-22.8585306717223,24.0469561119415,3.));
#6464=CARTESIAN_POINT('Ctrl Pts',(-22.6678396801119,24.7699285698841,3.));
#6465=CARTESIAN_POINT('Ctrl Pts',(-22.5659863121333,25.1560882892047,3.));
#6466=CARTESIAN_POINT('',(-25.4923168785395,22.6117507781421,3.));
#6467=CARTESIAN_POINT('Ctrl Pts',(-25.4923168785395,22.6117507781421,3.));
#6468=CARTESIAN_POINT('Ctrl Pts',(-25.1397723184053,22.6353140013365,3.));
#6469=CARTESIAN_POINT('Ctrl Pts',(-24.4540726943256,22.6811445008354,3.));
#6470=CARTESIAN_POINT('Ctrl Pts',(-23.8857631281514,23.0659763379577,3.));
#6471=CARTESIAN_POINT('Ctrl Pts',(-23.6096433765711,23.252951320592,3.));
#6472=CARTESIAN_POINT('',(-27.1908167965235,23.0824188556109,3.));
#6473=CARTESIAN_POINT('Ctrl Pts',(-27.1908167965235,23.0824188556109,3.));
#6474=CARTESIAN_POINT('Ctrl Pts',(-26.9239674203392,22.9451405192336,3.));
#6475=CARTESIAN_POINT('Ctrl Pts',(-26.39038664935,22.6706445409716,3.));
#6476=CARTESIAN_POINT('Ctrl Pts',(-25.7916293379006,22.6313791383948,3.));
#6477=CARTESIAN_POINT('Ctrl Pts',(-25.4923168785395,22.6117507781421,3.));
#6478=CARTESIAN_POINT('',(-28.3470241195979,24.5046560134326,3.));
#6479=CARTESIAN_POINT('Ctrl Pts',(-28.3470241195979,24.5046560134326,3.));
#6480=CARTESIAN_POINT('Ctrl Pts',(-28.2100287215229,24.2100323626367,3.));
#6481=CARTESIAN_POINT('Ctrl Pts',(-27.9439953511976,23.6378983793047,3.));
#6482=CARTESIAN_POINT('Ctrl Pts',(-27.4368195382156,23.2638492547301,3.));
#6483=CARTESIAN_POINT('Ctrl Pts',(-27.1908167965235,23.0824188556109,3.));
#6484=CARTESIAN_POINT('',(-28.7187842495265,26.7318050231372,3.));
#6485=CARTESIAN_POINT('Ctrl Pts',(-28.7187842495265,26.7318050231372,3.));
#6486=CARTESIAN_POINT('Ctrl Pts',(-28.7071256809533,26.3302822144629,3.));
#6487=CARTESIAN_POINT('Ctrl Pts',(-28.6850601708282,25.5703428149891,3.));
#6488=CARTESIAN_POINT('Ctrl Pts',(-28.4553596854669,24.8461929065113,3.));
#6489=CARTESIAN_POINT('Ctrl Pts',(-28.3470241195979,24.5046560134326,3.));
#6490=CARTESIAN_POINT('',(-28.4050051338496,28.651996072713,3.));
#6491=CARTESIAN_POINT('Ctrl Pts',(-28.4050051338496,28.651996072713,3.));
#6492=CARTESIAN_POINT('Ctrl Pts',(-28.4965241169274,28.3389342857423,3.));
#6493=CARTESIAN_POINT('Ctrl Pts',(-28.6798718353309,27.7117511328041,3.));
#6494=CARTESIAN_POINT('Ctrl Pts',(-28.7057988442143,27.0588214183214,3.));
#6495=CARTESIAN_POINT('Ctrl Pts',(-28.7187842495265,26.7318050231372,3.));
#6496=CARTESIAN_POINT('',(-27.3170105583491,30.1356248225604,3.));
#6497=CARTESIAN_POINT('Ctrl Pts',(-27.3170105583491,30.1356248225604,3.));
#6498=CARTESIAN_POINT('Ctrl Pts',(-27.5563435408305,29.9343406453705,3.));
#6499=CARTESIAN_POINT('Ctrl Pts',(-28.039230528202,29.5282223205118,3.));
#6500=CARTESIAN_POINT('Ctrl Pts',(-28.2823718146378,28.9457686077359,3.));
#6501=CARTESIAN_POINT('Ctrl Pts',(-28.4050051338496,28.651996072713,3.));
#6502=CARTESIAN_POINT('',(-25.3899983532252,30.6881485547458,3.));
#6503=CARTESIAN_POINT('Ctrl Pts',(-25.3899983532252,30.6881485547458,3.));
#6504=CARTESIAN_POINT('Ctrl Pts',(-25.7510361389976,30.6702540081592,3.));
#6505=CARTESIAN_POINT('Ctrl Pts',(-26.4377546037259,30.6362173614614,3.));
#6506=CARTESIAN_POINT('Ctrl Pts',(-27.0341609747001,30.2966614245435,3.));
#6507=CARTESIAN_POINT('Ctrl Pts',(-27.3170105583491,30.1356248225604,3.));
#6508=CARTESIAN_POINT('',(-23.7256054050746,30.1901952590381,3.));
#6509=CARTESIAN_POINT('Ctrl Pts',(-23.7256054050746,30.1901952590381,3.));
#6510=CARTESIAN_POINT('Ctrl Pts',(-23.9682135035622,30.3353267035323,3.));
#6511=CARTESIAN_POINT('Ctrl Pts',(-24.479801457822,30.6413655342656,3.));
#6512=CARTESIAN_POINT('Ctrl Pts',(-25.0763489476216,30.6720273543329,3.));
#6513=CARTESIAN_POINT('Ctrl Pts',(-25.3899983532252,30.6881485547458,3.));
#6514=CARTESIAN_POINT('',(-22.7160553104701,28.6008362140094,3.));
#6515=CARTESIAN_POINT('Ctrl Pts',(-22.7160553104701,28.6008362140094,3.));
#6516=CARTESIAN_POINT('Ctrl Pts',(-22.83399464159,28.9309970679951,3.));
#6517=CARTESIAN_POINT('Ctrl Pts',(-23.0511414523115,29.5388805941042,3.));
#6518=CARTESIAN_POINT('Ctrl Pts',(-23.5140961229737,29.9859455038991,3.));
#6519=CARTESIAN_POINT('Ctrl Pts',(-23.7256054050746,30.1901952590381,3.));
#6520=CARTESIAN_POINT('',(-21.413189566833,28.9077941741382,3.));
#6521=CARTESIAN_POINT('',(-21.413189566833,28.9077941741382,3.));
#6522=CARTESIAN_POINT('',(-22.8388384945216,31.0564981069003,3.));
#6523=CARTESIAN_POINT('Ctrl Pts',(-22.8388384945216,31.0564981069003,3.));
#6524=CARTESIAN_POINT('Ctrl Pts',(-22.5216295602927,30.7688229103795,3.));
#6525=CARTESIAN_POINT('Ctrl Pts',(-21.8656740245726,30.1739401145784,3.));
#6526=CARTESIAN_POINT('Ctrl Pts',(-21.5672835076751,29.3389811780371,3.));
#6527=CARTESIAN_POINT('Ctrl Pts',(-21.413189566833,28.9077941741382,3.));
#6528=CARTESIAN_POINT('',(-25.3627125389399,31.8204812373553,3.));
#6529=CARTESIAN_POINT('Ctrl Pts',(-25.3627125389399,31.8204812373553,3.));
#6530=CARTESIAN_POINT('Ctrl Pts',(-24.8905525730432,31.794565337851,3.));
#6531=CARTESIAN_POINT('Ctrl Pts',(-23.9855986474096,31.7448942587957,3.));
#6532=CARTESIAN_POINT('Ctrl Pts',(-23.2098432801501,31.2792109960064,3.));
#6533=CARTESIAN_POINT('Ctrl Pts',(-22.8388384945216,31.0564981069003,3.));
#6534=CARTESIAN_POINT('',(-27.787678635818,31.2167982425128,3.));
#6535=CARTESIAN_POINT('Ctrl Pts',(-27.787678635818,31.2167982425128,3.));
#6536=CARTESIAN_POINT('Ctrl Pts',(-27.4082978320003,31.3928632151302,3.));
#6537=CARTESIAN_POINT('Ctrl Pts',(-26.639043262102,31.7498627876496,3.));
#6538=CARTESIAN_POINT('Ctrl Pts',(-25.7920074240342,31.7967286639025,3.));
#6539=CARTESIAN_POINT('Ctrl Pts',(-25.3627125389399,31.8204812373553,3.));
#6540=CARTESIAN_POINT('',(-29.486178553802,29.4500861730014,3.));
#6541=CARTESIAN_POINT('Ctrl Pts',(-29.486178553802,29.4500861730014,3.));
#6542=CARTESIAN_POINT('Ctrl Pts',(-29.268183017014,29.8133570919069,3.));
#6543=CARTESIAN_POINT('Ctrl Pts',(-28.8367830034102,30.5322483209055,3.));
#6544=CARTESIAN_POINT('Ctrl Pts',(-28.1348901891146,30.9902396188595,3.));
#6545=CARTESIAN_POINT('Ctrl Pts',(-27.787678635818,31.2167982425128,3.));
#6546=CARTESIAN_POINT('',(-30.0830403930964,26.7249838675891,3.));
#6547=CARTESIAN_POINT('Ctrl Pts',(-30.0830403930964,26.7249838675891,3.));
#6548=CARTESIAN_POINT('Ctrl Pts',(-30.0631136048322,27.2191247041944,3.));
#6549=CARTESIAN_POINT('Ctrl Pts',(-30.0250240002882,28.1636637240221,3.));
#6550=CARTESIAN_POINT('Ctrl Pts',(-29.6601613034228,29.0347253004044,3.));
#6551=CARTESIAN_POINT('Ctrl Pts',(-29.486178553802,29.4500861730014,3.));
#6552=CARTESIAN_POINT('',(-29.5543913013758,24.0442196692859,3.));
#6553=CARTESIAN_POINT('Ctrl Pts',(-29.5543913013758,24.0442196692859,3.));
#6554=CARTESIAN_POINT('Ctrl Pts',(-29.7085717095979,24.4712907198041,3.));
#6555=CARTESIAN_POINT('Ctrl Pts',(-30.0213753287598,25.3377391342419,3.));
#6556=CARTESIAN_POINT('Ctrl Pts',(-30.0622916578032,26.2582110835381,3.));
#6557=CARTESIAN_POINT('Ctrl Pts',(-30.0830403930964,26.7249838675891,3.));
#6558=CARTESIAN_POINT('',(-28.0127815372767,22.1376721228991,3.));
#6559=CARTESIAN_POINT('Ctrl Pts',(-28.0127815372767,22.1376721228991,3.));
#6560=CARTESIAN_POINT('Ctrl Pts',(-28.3327658814741,22.3877363513155,3.));
#6561=CARTESIAN_POINT('Ctrl Pts',(-28.9930386400289,22.9037322145707,3.));
#6562=CARTESIAN_POINT('Ctrl Pts',(-29.3634766304926,23.6563426677929,3.));
#6563=CARTESIAN_POINT('Ctrl Pts',(-29.5543913013758,24.0442196692859,3.));
#6564=CARTESIAN_POINT('',(-25.3831771976771,21.4794174994861,3.));
#6565=CARTESIAN_POINT('Ctrl Pts',(-25.3831771976771,21.4794174994861,3.));
#6566=CARTESIAN_POINT('Ctrl Pts',(-25.881434059876,21.497352482976,3.));
#6567=CARTESIAN_POINT('Ctrl Pts',(-26.8067791976341,21.5306607041513,3.));
#6568=CARTESIAN_POINT('Ctrl Pts',(-27.6319350908,21.9459824932842,3.));
#6569=CARTESIAN_POINT('Ctrl Pts',(-28.0127815372767,22.1376721228991,3.));
#6570=CARTESIAN_POINT('',(-22.7399293548884,22.3354892100726,3.));
#6571=CARTESIAN_POINT('Ctrl Pts',(-22.7399293548884,22.3354892100726,3.));
#6572=CARTESIAN_POINT('Ctrl Pts',(-23.1286374748361,22.0858811219083,3.));
#6573=CARTESIAN_POINT('Ctrl Pts',(-23.93328961438,21.5691754708508,3.));
#6574=CARTESIAN_POINT('Ctrl Pts',(-24.8890972639961,21.5100044312248,3.));
#6575=CARTESIAN_POINT('Ctrl Pts',(-25.3831771976771,21.4794174994861,3.));
#6576=CARTESIAN_POINT('',(-21.2426582939448,24.8218457068835,3.));
#6577=CARTESIAN_POINT('Ctrl Pts',(-21.2426582939448,24.8218457068835,3.));
#6578=CARTESIAN_POINT('Ctrl Pts',(-21.3984738178011,24.3193953924217,3.));
#6579=CARTESIAN_POINT('Ctrl Pts',(-21.6942365932421,23.3656643658299,3.));
#6580=CARTESIAN_POINT('Ctrl Pts',(-22.4040595816051,22.666374828389,3.));
#6581=CARTESIAN_POINT('Ctrl Pts',(-22.7399293548884,22.3354892100726,3.));
#6582=CARTESIAN_POINT('',(-22.5659863121333,25.1560882892047,3.));
#6583=CARTESIAN_POINT('Ctrl Pts',(-23.6096433765711,23.252951320592,5.));
#6584=CARTESIAN_POINT('Ctrl Pts',(-23.6096433765711,23.252951320592,3.));
#6585=CARTESIAN_POINT('Ctrl Pts',(-23.3709305431083,23.505295785414,5.));
#6586=CARTESIAN_POINT('Ctrl Pts',(-23.3709305431083,23.505295785414,3.));
#6587=CARTESIAN_POINT('Ctrl Pts',(-22.8585306717223,24.0469561119415,5.));
#6588=CARTESIAN_POINT('Ctrl Pts',(-22.8585306717223,24.0469561119415,3.));
#6589=CARTESIAN_POINT('Ctrl Pts',(-22.6678396801119,24.7699285698841,5.));
#6590=CARTESIAN_POINT('Ctrl Pts',(-22.6678396801119,24.7699285698841,3.));
#6591=CARTESIAN_POINT('Ctrl Pts',(-22.5659863121333,25.1560882892047,5.));
#6592=CARTESIAN_POINT('Ctrl Pts',(-22.5659863121333,25.1560882892047,3.));
#6593=CARTESIAN_POINT('',(-23.6096433765711,23.252951320592,5.));
#6594=CARTESIAN_POINT('',(-22.5659863121333,25.1560882892047,5.));
#6595=CARTESIAN_POINT('Origin',(-22.5659863121333,25.1560882892047,5.));
#6596=CARTESIAN_POINT('',(-21.2426582939448,24.8218457068835,5.));
#6597=CARTESIAN_POINT('Ctrl Pts',(-21.2426582939448,24.8218457068835,5.));
#6598=CARTESIAN_POINT('Ctrl Pts',(-21.2426582939448,24.8218457068835,3.));
#6599=CARTESIAN_POINT('Ctrl Pts',(-21.3984738178011,24.3193953924217,5.));
#6600=CARTESIAN_POINT('Ctrl Pts',(-21.3984738178011,24.3193953924217,3.));
#6601=CARTESIAN_POINT('Ctrl Pts',(-21.6942365932421,23.3656643658299,5.));
#6602=CARTESIAN_POINT('Ctrl Pts',(-21.6942365932421,23.3656643658299,3.));
#6603=CARTESIAN_POINT('Ctrl Pts',(-22.4040595816051,22.666374828389,5.));
#6604=CARTESIAN_POINT('Ctrl Pts',(-22.4040595816051,22.666374828389,3.));
#6605=CARTESIAN_POINT('Ctrl Pts',(-22.7399293548884,22.3354892100726,5.));
#6606=CARTESIAN_POINT('Ctrl Pts',(-22.7399293548884,22.3354892100726,3.));
#6607=CARTESIAN_POINT('',(-22.7399293548884,22.3354892100726,5.));
#6608=CARTESIAN_POINT('Ctrl Pts',(-22.7399293548884,22.3354892100726,5.));
#6609=CARTESIAN_POINT('Ctrl Pts',(-22.7399293548884,22.3354892100726,3.));
#6610=CARTESIAN_POINT('Ctrl Pts',(-23.1286374748361,22.0858811219083,5.));
#6611=CARTESIAN_POINT('Ctrl Pts',(-23.1286374748361,22.0858811219083,3.));
#6612=CARTESIAN_POINT('Ctrl Pts',(-23.93328961438,21.5691754708508,5.));
#6613=CARTESIAN_POINT('Ctrl Pts',(-23.93328961438,21.5691754708508,3.));
#6614=CARTESIAN_POINT('Ctrl Pts',(-24.8890972639961,21.5100044312248,5.));
#6615=CARTESIAN_POINT('Ctrl Pts',(-24.8890972639961,21.5100044312248,3.));
#6616=CARTESIAN_POINT('Ctrl Pts',(-25.3831771976771,21.4794174994861,5.));
#6617=CARTESIAN_POINT('Ctrl Pts',(-25.3831771976771,21.4794174994861,3.));
#6618=CARTESIAN_POINT('',(-25.3831771976771,21.4794174994861,5.));
#6619=CARTESIAN_POINT('Ctrl Pts',(-25.3831771976771,21.4794174994861,5.));
#6620=CARTESIAN_POINT('Ctrl Pts',(-25.3831771976771,21.4794174994861,3.));
#6621=CARTESIAN_POINT('Ctrl Pts',(-25.881434059876,21.497352482976,5.));
#6622=CARTESIAN_POINT('Ctrl Pts',(-25.881434059876,21.497352482976,3.));
#6623=CARTESIAN_POINT('Ctrl Pts',(-26.8067791976341,21.5306607041513,5.));
#6624=CARTESIAN_POINT('Ctrl Pts',(-26.8067791976341,21.5306607041513,3.));
#6625=CARTESIAN_POINT('Ctrl Pts',(-27.6319350908,21.9459824932842,5.));
#6626=CARTESIAN_POINT('Ctrl Pts',(-27.6319350908,21.9459824932842,3.));
#6627=CARTESIAN_POINT('Ctrl Pts',(-28.0127815372767,22.1376721228991,5.));
#6628=CARTESIAN_POINT('Ctrl Pts',(-28.0127815372767,22.1376721228991,3.));
#6629=CARTESIAN_POINT('',(-28.0127815372767,22.1376721228991,5.));
#6630=CARTESIAN_POINT('Ctrl Pts',(-28.0127815372767,22.1376721228991,5.));
#6631=CARTESIAN_POINT('Ctrl Pts',(-28.0127815372767,22.1376721228991,3.));
#6632=CARTESIAN_POINT('Ctrl Pts',(-28.3327658814741,22.3877363513155,5.));
#6633=CARTESIAN_POINT('Ctrl Pts',(-28.3327658814741,22.3877363513155,3.));
#6634=CARTESIAN_POINT('Ctrl Pts',(-28.9930386400289,22.9037322145707,5.));
#6635=CARTESIAN_POINT('Ctrl Pts',(-28.9930386400289,22.9037322145707,3.));
#6636=CARTESIAN_POINT('Ctrl Pts',(-29.3634766304926,23.6563426677929,5.));
#6637=CARTESIAN_POINT('Ctrl Pts',(-29.3634766304926,23.6563426677929,3.));
#6638=CARTESIAN_POINT('Ctrl Pts',(-29.5543913013758,24.0442196692859,5.));
#6639=CARTESIAN_POINT('Ctrl Pts',(-29.5543913013758,24.0442196692859,3.));
#6640=CARTESIAN_POINT('',(-29.5543913013758,24.0442196692859,5.));
#6641=CARTESIAN_POINT('Ctrl Pts',(-29.5543913013758,24.0442196692859,5.));
#6642=CARTESIAN_POINT('Ctrl Pts',(-29.5543913013758,24.0442196692859,3.));
#6643=CARTESIAN_POINT('Ctrl Pts',(-29.7085717095979,24.4712907198041,5.));
#6644=CARTESIAN_POINT('Ctrl Pts',(-29.7085717095979,24.4712907198041,3.));
#6645=CARTESIAN_POINT('Ctrl Pts',(-30.0213753287598,25.3377391342419,5.));
#6646=CARTESIAN_POINT('Ctrl Pts',(-30.0213753287598,25.3377391342419,3.));
#6647=CARTESIAN_POINT('Ctrl Pts',(-30.0622916578032,26.2582110835381,5.));
#6648=CARTESIAN_POINT('Ctrl Pts',(-30.0622916578032,26.2582110835381,3.));
#6649=CARTESIAN_POINT('Ctrl Pts',(-30.0830403930964,26.7249838675891,5.));
#6650=CARTESIAN_POINT('Ctrl Pts',(-30.0830403930964,26.7249838675891,3.));
#6651=CARTESIAN_POINT('',(-30.0830403930964,26.7249838675891,5.));
#6652=CARTESIAN_POINT('Ctrl Pts',(-30.0830403930964,26.7249838675891,5.));
#6653=CARTESIAN_POINT('Ctrl Pts',(-30.0830403930964,26.7249838675891,3.));
#6654=CARTESIAN_POINT('Ctrl Pts',(-30.0631136048322,27.2191247041944,5.));
#6655=CARTESIAN_POINT('Ctrl Pts',(-30.0631136048322,27.2191247041944,3.));
#6656=CARTESIAN_POINT('Ctrl Pts',(-30.0250240002882,28.1636637240221,5.));
#6657=CARTESIAN_POINT('Ctrl Pts',(-30.0250240002882,28.1636637240221,3.));
#6658=CARTESIAN_POINT('Ctrl Pts',(-29.6601613034228,29.0347253004044,5.));
#6659=CARTESIAN_POINT('Ctrl Pts',(-29.6601613034228,29.0347253004044,3.));
#6660=CARTESIAN_POINT('Ctrl Pts',(-29.486178553802,29.4500861730014,5.));
#6661=CARTESIAN_POINT('Ctrl Pts',(-29.486178553802,29.4500861730014,3.));
#6662=CARTESIAN_POINT('',(-29.486178553802,29.4500861730014,5.));
#6663=CARTESIAN_POINT('Ctrl Pts',(-29.486178553802,29.4500861730014,5.));
#6664=CARTESIAN_POINT('Ctrl Pts',(-29.486178553802,29.4500861730014,3.));
#6665=CARTESIAN_POINT('Ctrl Pts',(-29.268183017014,29.8133570919069,5.));
#6666=CARTESIAN_POINT('Ctrl Pts',(-29.268183017014,29.8133570919069,3.));
#6667=CARTESIAN_POINT('Ctrl Pts',(-28.8367830034102,30.5322483209055,5.));
#6668=CARTESIAN_POINT('Ctrl Pts',(-28.8367830034102,30.5322483209055,3.));
#6669=CARTESIAN_POINT('Ctrl Pts',(-28.1348901891146,30.9902396188595,5.));
#6670=CARTESIAN_POINT('Ctrl Pts',(-28.1348901891146,30.9902396188595,3.));
#6671=CARTESIAN_POINT('Ctrl Pts',(-27.787678635818,31.2167982425128,5.));
#6672=CARTESIAN_POINT('Ctrl Pts',(-27.787678635818,31.2167982425128,3.));
#6673=CARTESIAN_POINT('',(-27.787678635818,31.2167982425128,5.));
#6674=CARTESIAN_POINT('Ctrl Pts',(-27.787678635818,31.2167982425128,5.));
#6675=CARTESIAN_POINT('Ctrl Pts',(-27.787678635818,31.2167982425128,3.));
#6676=CARTESIAN_POINT('Ctrl Pts',(-27.4082978320003,31.3928632151302,5.));
#6677=CARTESIAN_POINT('Ctrl Pts',(-27.4082978320003,31.3928632151302,3.));
#6678=CARTESIAN_POINT('Ctrl Pts',(-26.639043262102,31.7498627876496,5.));
#6679=CARTESIAN_POINT('Ctrl Pts',(-26.639043262102,31.7498627876496,3.));
#6680=CARTESIAN_POINT('Ctrl Pts',(-25.7920074240342,31.7967286639025,5.));
#6681=CARTESIAN_POINT('Ctrl Pts',(-25.7920074240342,31.7967286639025,3.));
#6682=CARTESIAN_POINT('Ctrl Pts',(-25.3627125389399,31.8204812373553,5.));
#6683=CARTESIAN_POINT('Ctrl Pts',(-25.3627125389399,31.8204812373553,3.));
#6684=CARTESIAN_POINT('',(-25.3627125389399,31.8204812373553,5.));
#6685=CARTESIAN_POINT('Ctrl Pts',(-25.3627125389399,31.8204812373553,5.));
#6686=CARTESIAN_POINT('Ctrl Pts',(-25.3627125389399,31.8204812373553,3.));
#6687=CARTESIAN_POINT('Ctrl Pts',(-24.8905525730432,31.794565337851,5.));
#6688=CARTESIAN_POINT('Ctrl Pts',(-24.8905525730432,31.794565337851,3.));
#6689=CARTESIAN_POINT('Ctrl Pts',(-23.9855986474096,31.7448942587957,5.));
#6690=CARTESIAN_POINT('Ctrl Pts',(-23.9855986474096,31.7448942587957,3.));
#6691=CARTESIAN_POINT('Ctrl Pts',(-23.2098432801501,31.2792109960064,5.));
#6692=CARTESIAN_POINT('Ctrl Pts',(-23.2098432801501,31.2792109960064,3.));
#6693=CARTESIAN_POINT('Ctrl Pts',(-22.8388384945216,31.0564981069003,5.));
#6694=CARTESIAN_POINT('Ctrl Pts',(-22.8388384945216,31.0564981069003,3.));
#6695=CARTESIAN_POINT('',(-22.8388384945216,31.0564981069003,5.));
#6696=CARTESIAN_POINT('Ctrl Pts',(-22.8388384945216,31.0564981069003,5.));
#6697=CARTESIAN_POINT('Ctrl Pts',(-22.8388384945216,31.0564981069003,3.));
#6698=CARTESIAN_POINT('Ctrl Pts',(-22.5216295602927,30.7688229103795,5.));
#6699=CARTESIAN_POINT('Ctrl Pts',(-22.5216295602927,30.7688229103795,3.));
#6700=CARTESIAN_POINT('Ctrl Pts',(-21.8656740245726,30.1739401145784,5.));
#6701=CARTESIAN_POINT('Ctrl Pts',(-21.8656740245726,30.1739401145784,3.));
#6702=CARTESIAN_POINT('Ctrl Pts',(-21.5672835076751,29.3389811780371,5.));
#6703=CARTESIAN_POINT('Ctrl Pts',(-21.5672835076751,29.3389811780371,3.));
#6704=CARTESIAN_POINT('Ctrl Pts',(-21.413189566833,28.9077941741382,5.));
#6705=CARTESIAN_POINT('Ctrl Pts',(-21.413189566833,28.9077941741382,3.));
#6706=CARTESIAN_POINT('',(-21.413189566833,28.9077941741382,5.));
#6707=CARTESIAN_POINT('Origin',(-21.413189566833,28.9077941741382,5.));
#6708=CARTESIAN_POINT('',(-22.7160553104701,28.6008362140094,5.));
#6709=CARTESIAN_POINT('Ctrl Pts',(-22.7160553104701,28.6008362140094,5.));
#6710=CARTESIAN_POINT('Ctrl Pts',(-22.7160553104701,28.6008362140094,3.));
#6711=CARTESIAN_POINT('Ctrl Pts',(-22.83399464159,28.9309970679951,5.));
#6712=CARTESIAN_POINT('Ctrl Pts',(-22.83399464159,28.9309970679951,3.));
#6713=CARTESIAN_POINT('Ctrl Pts',(-23.0511414523115,29.5388805941042,5.));
#6714=CARTESIAN_POINT('Ctrl Pts',(-23.0511414523115,29.5388805941042,3.));
#6715=CARTESIAN_POINT('Ctrl Pts',(-23.5140961229737,29.9859455038991,5.));
#6716=CARTESIAN_POINT('Ctrl Pts',(-23.5140961229737,29.9859455038991,3.));
#6717=CARTESIAN_POINT('Ctrl Pts',(-23.7256054050746,30.1901952590381,5.));
#6718=CARTESIAN_POINT('Ctrl Pts',(-23.7256054050746,30.1901952590381,3.));
#6719=CARTESIAN_POINT('',(-23.7256054050746,30.1901952590381,5.));
#6720=CARTESIAN_POINT('Ctrl Pts',(-23.7256054050746,30.1901952590381,5.));
#6721=CARTESIAN_POINT('Ctrl Pts',(-23.7256054050746,30.1901952590381,3.));
#6722=CARTESIAN_POINT('Ctrl Pts',(-23.9682135035622,30.3353267035323,5.));
#6723=CARTESIAN_POINT('Ctrl Pts',(-23.9682135035622,30.3353267035323,3.));
#6724=CARTESIAN_POINT('Ctrl Pts',(-24.479801457822,30.6413655342656,5.));
#6725=CARTESIAN_POINT('Ctrl Pts',(-24.479801457822,30.6413655342656,3.));
#6726=CARTESIAN_POINT('Ctrl Pts',(-25.0763489476216,30.6720273543329,5.));
#6727=CARTESIAN_POINT('Ctrl Pts',(-25.0763489476216,30.6720273543329,3.));
#6728=CARTESIAN_POINT('Ctrl Pts',(-25.3899983532252,30.6881485547458,5.));
#6729=CARTESIAN_POINT('Ctrl Pts',(-25.3899983532252,30.6881485547458,3.));
#6730=CARTESIAN_POINT('',(-25.3899983532252,30.6881485547458,5.));
#6731=CARTESIAN_POINT('Ctrl Pts',(-25.3899983532252,30.6881485547458,5.));
#6732=CARTESIAN_POINT('Ctrl Pts',(-25.3899983532252,30.6881485547458,3.));
#6733=CARTESIAN_POINT('Ctrl Pts',(-25.7510361389976,30.6702540081592,5.));
#6734=CARTESIAN_POINT('Ctrl Pts',(-25.7510361389976,30.6702540081592,3.));
#6735=CARTESIAN_POINT('Ctrl Pts',(-26.4377546037259,30.6362173614614,5.));
#6736=CARTESIAN_POINT('Ctrl Pts',(-26.4377546037259,30.6362173614614,3.));
#6737=CARTESIAN_POINT('Ctrl Pts',(-27.0341609747001,30.2966614245435,5.));
#6738=CARTESIAN_POINT('Ctrl Pts',(-27.0341609747001,30.2966614245435,3.));
#6739=CARTESIAN_POINT('Ctrl Pts',(-27.3170105583491,30.1356248225604,5.));
#6740=CARTESIAN_POINT('Ctrl Pts',(-27.3170105583491,30.1356248225604,3.));
#6741=CARTESIAN_POINT('',(-27.3170105583491,30.1356248225604,5.));
#6742=CARTESIAN_POINT('Ctrl Pts',(-27.3170105583491,30.1356248225604,5.));
#6743=CARTESIAN_POINT('Ctrl Pts',(-27.3170105583491,30.1356248225604,3.));
#6744=CARTESIAN_POINT('Ctrl Pts',(-27.5563435408305,29.9343406453705,5.));
#6745=CARTESIAN_POINT('Ctrl Pts',(-27.5563435408305,29.9343406453705,3.));
#6746=CARTESIAN_POINT('Ctrl Pts',(-28.039230528202,29.5282223205118,5.));
#6747=CARTESIAN_POINT('Ctrl Pts',(-28.039230528202,29.5282223205118,3.));
#6748=CARTESIAN_POINT('Ctrl Pts',(-28.2823718146378,28.9457686077359,5.));
#6749=CARTESIAN_POINT('Ctrl Pts',(-28.2823718146378,28.9457686077359,3.));
#6750=CARTESIAN_POINT('Ctrl Pts',(-28.4050051338496,28.651996072713,5.));
#6751=CARTESIAN_POINT('Ctrl Pts',(-28.4050051338496,28.651996072713,3.));
#6752=CARTESIAN_POINT('',(-28.4050051338496,28.651996072713,5.));
#6753=CARTESIAN_POINT('Ctrl Pts',(-28.4050051338496,28.651996072713,5.));
#6754=CARTESIAN_POINT('Ctrl Pts',(-28.4050051338496,28.651996072713,3.));
#6755=CARTESIAN_POINT('Ctrl Pts',(-28.4965241169274,28.3389342857423,5.));
#6756=CARTESIAN_POINT('Ctrl Pts',(-28.4965241169274,28.3389342857423,3.));
#6757=CARTESIAN_POINT('Ctrl Pts',(-28.6798718353309,27.7117511328041,5.));
#6758=CARTESIAN_POINT('Ctrl Pts',(-28.6798718353309,27.7117511328041,3.));
#6759=CARTESIAN_POINT('Ctrl Pts',(-28.7057988442143,27.0588214183214,5.));
#6760=CARTESIAN_POINT('Ctrl Pts',(-28.7057988442143,27.0588214183214,3.));
#6761=CARTESIAN_POINT('Ctrl Pts',(-28.7187842495265,26.7318050231372,5.));
#6762=CARTESIAN_POINT('Ctrl Pts',(-28.7187842495265,26.7318050231372,3.));
#6763=CARTESIAN_POINT('',(-28.7187842495265,26.7318050231372,5.));
#6764=CARTESIAN_POINT('Ctrl Pts',(-28.7187842495265,26.7318050231372,5.));
#6765=CARTESIAN_POINT('Ctrl Pts',(-28.7187842495265,26.7318050231372,3.));
#6766=CARTESIAN_POINT('Ctrl Pts',(-28.7071256809533,26.3302822144629,5.));
#6767=CARTESIAN_POINT('Ctrl Pts',(-28.7071256809533,26.3302822144629,3.));
#6768=CARTESIAN_POINT('Ctrl Pts',(-28.6850601708282,25.5703428149891,5.));
#6769=CARTESIAN_POINT('Ctrl Pts',(-28.6850601708282,25.5703428149891,3.));
#6770=CARTESIAN_POINT('Ctrl Pts',(-28.4553596854669,24.8461929065113,5.));
#6771=CARTESIAN_POINT('Ctrl Pts',(-28.4553596854669,24.8461929065113,3.));
#6772=CARTESIAN_POINT('Ctrl Pts',(-28.3470241195979,24.5046560134326,5.));
#6773=CARTESIAN_POINT('Ctrl Pts',(-28.3470241195979,24.5046560134326,3.));
#6774=CARTESIAN_POINT('',(-28.3470241195979,24.5046560134326,5.));
#6775=CARTESIAN_POINT('Ctrl Pts',(-28.3470241195979,24.5046560134326,5.));
#6776=CARTESIAN_POINT('Ctrl Pts',(-28.3470241195979,24.5046560134326,3.));
#6777=CARTESIAN_POINT('Ctrl Pts',(-28.2100287215229,24.2100323626367,5.));
#6778=CARTESIAN_POINT('Ctrl Pts',(-28.2100287215229,24.2100323626367,3.));
#6779=CARTESIAN_POINT('Ctrl Pts',(-27.9439953511976,23.6378983793047,5.));
#6780=CARTESIAN_POINT('Ctrl Pts',(-27.9439953511976,23.6378983793047,3.));
#6781=CARTESIAN_POINT('Ctrl Pts',(-27.4368195382156,23.2638492547301,5.));
#6782=CARTESIAN_POINT('Ctrl Pts',(-27.4368195382156,23.2638492547301,3.));
#6783=CARTESIAN_POINT('Ctrl Pts',(-27.1908167965235,23.0824188556109,5.));
#6784=CARTESIAN_POINT('Ctrl Pts',(-27.1908167965235,23.0824188556109,3.));
#6785=CARTESIAN_POINT('',(-27.1908167965235,23.0824188556109,5.));
#6786=CARTESIAN_POINT('Ctrl Pts',(-27.1908167965235,23.0824188556109,5.));
#6787=CARTESIAN_POINT('Ctrl Pts',(-27.1908167965235,23.0824188556109,3.));
#6788=CARTESIAN_POINT('Ctrl Pts',(-26.9239674203392,22.9451405192336,5.));
#6789=CARTESIAN_POINT('Ctrl Pts',(-26.9239674203392,22.9451405192336,3.));
#6790=CARTESIAN_POINT('Ctrl Pts',(-26.39038664935,22.6706445409716,5.));
#6791=CARTESIAN_POINT('Ctrl Pts',(-26.39038664935,22.6706445409716,3.));
#6792=CARTESIAN_POINT('Ctrl Pts',(-25.7916293379006,22.6313791383948,5.));
#6793=CARTESIAN_POINT('Ctrl Pts',(-25.7916293379006,22.6313791383948,3.));
#6794=CARTESIAN_POINT('Ctrl Pts',(-25.4923168785395,22.6117507781421,5.));
#6795=CARTESIAN_POINT('Ctrl Pts',(-25.4923168785395,22.6117507781421,3.));
#6796=CARTESIAN_POINT('',(-25.4923168785395,22.6117507781421,5.));
#6797=CARTESIAN_POINT('Ctrl Pts',(-25.4923168785395,22.6117507781421,5.));
#6798=CARTESIAN_POINT('Ctrl Pts',(-25.4923168785395,22.6117507781421,3.));
#6799=CARTESIAN_POINT('Ctrl Pts',(-25.1397723184053,22.6353140013365,5.));
#6800=CARTESIAN_POINT('Ctrl Pts',(-25.1397723184053,22.6353140013365,3.));
#6801=CARTESIAN_POINT('Ctrl Pts',(-24.4540726943256,22.6811445008354,5.));
#6802=CARTESIAN_POINT('Ctrl Pts',(-24.4540726943256,22.6811445008354,3.));
#6803=CARTESIAN_POINT('Ctrl Pts',(-23.8857631281514,23.0659763379577,5.));
#6804=CARTESIAN_POINT('Ctrl Pts',(-23.8857631281514,23.0659763379577,3.));
#6805=CARTESIAN_POINT('Ctrl Pts',(-23.6096433765711,23.252951320592,5.));
#6806=CARTESIAN_POINT('Ctrl Pts',(-23.6096433765711,23.252951320592,3.));
#6807=CARTESIAN_POINT('Origin',(-25.5673514894666,26.6499493684207,3.));
#6808=CARTESIAN_POINT('',(-37.6955912477793,21.6499499644671,3.));
#6809=CARTESIAN_POINT('',(-39.0189200855317,21.6499499644671,3.));
#6810=CARTESIAN_POINT('',(-37.6955912477793,21.6499499644671,3.));
#6811=CARTESIAN_POINT('',(-37.6955912477793,25.715434369031,3.));
#6812=CARTESIAN_POINT('',(-37.6955912477793,25.715434369031,3.));
#6813=CARTESIAN_POINT('',(-35.1307890779795,25.715434369031,3.));
#6814=CARTESIAN_POINT('',(-35.1307890779795,25.715434369031,3.));
#6815=CARTESIAN_POINT('',(-32.1976373560252,26.5987901057635,3.));
#6816=CARTESIAN_POINT('Ctrl Pts',(-32.1976373560252,26.5987901057635,3.));
#6817=CARTESIAN_POINT('Ctrl Pts',(-32.5654946276324,26.3427072834409,3.));
#6818=CARTESIAN_POINT('Ctrl Pts',(-33.4379169481242,25.7353728977085,3.));
#6819=CARTESIAN_POINT('Ctrl Pts',(-34.5104753932268,25.7227403799071,3.));
#6820=CARTESIAN_POINT('Ctrl Pts',(-35.1307890779795,25.715434369031,3.));
#6821=CARTESIAN_POINT('',(-31.3859049446406,28.7577263678943,3.));
#6822=CARTESIAN_POINT('Ctrl Pts',(-31.3859049446406,28.7577263678943,3.));
#6823=CARTESIAN_POINT('Ctrl Pts',(-31.4173655853403,28.3514766920896,3.));
#6824=CARTESIAN_POINT('Ctrl Pts',(-31.4792342745248,27.5525694109689,3.));
#6825=CARTESIAN_POINT('Ctrl Pts',(-31.9609012480344,26.9130899833823,3.));
#6826=CARTESIAN_POINT('Ctrl Pts',(-32.1976373560252,26.5987901057635,3.));
#6827=CARTESIAN_POINT('',(-31.6894517309489,30.1219825114642,3.));
#6828=CARTESIAN_POINT('Ctrl Pts',(-31.6894517309489,30.1219825114642,3.));
#6829=CARTESIAN_POINT('Ctrl Pts',(-31.6009263218735,29.9076797444776,3.));
#6830=CARTESIAN_POINT('Ctrl Pts',(-31.4204394508411,29.4707561959625,3.));
#6831=CARTESIAN_POINT('Ctrl Pts',(-31.3975616270042,28.9984004975122,3.));
#6832=CARTESIAN_POINT('Ctrl Pts',(-31.3859049446406,28.7577263678943,3.));
#6833=CARTESIAN_POINT('',(-32.4909524090113,31.0871944989596,3.));
#6834=CARTESIAN_POINT('Ctrl Pts',(-32.4909524090113,31.0871944989596,3.));
#6835=CARTESIAN_POINT('Ctrl Pts',(-32.3314527111537,30.9574898423421,3.));
#6836=CARTESIAN_POINT('Ctrl Pts',(-32.0010127292869,30.6887770801461,3.));
#6837=CARTESIAN_POINT('Ctrl Pts',(-31.795675148915,30.3152251082307,3.));
#6838=CARTESIAN_POINT('Ctrl Pts',(-31.6894517309489,30.1219825114642,3.));
#6839=CARTESIAN_POINT('',(-33.7256048090281,31.5544519986545,3.));
#6840=CARTESIAN_POINT('Ctrl Pts',(-33.7256048090281,31.5544519986545,3.));
#6841=CARTESIAN_POINT('Ctrl Pts',(-33.495060394088,31.5076973484993,3.));
#6842=CARTESIAN_POINT('Ctrl Pts',(-33.0576728422949,31.4189946923469,3.));
#6843=CARTESIAN_POINT('Ctrl Pts',(-32.6729093294204,31.1937255817196,3.));
#6844=CARTESIAN_POINT('Ctrl Pts',(-32.4909524090113,31.0871944989596,3.));
#6845=CARTESIAN_POINT('',(-35.246751106483,31.6499499644671,3.));
#6846=CARTESIAN_POINT('Ctrl Pts',(-35.246751106483,31.6499499644671,3.));
#6847=CARTESIAN_POINT('Ctrl Pts',(-34.9535169109067,31.6490374654205,3.));
#6848=CARTESIAN_POINT('Ctrl Pts',(-34.4443757788699,31.6474530976878,3.));
#6849=CARTESIAN_POINT('Ctrl Pts',(-33.9396425326745,31.5821461381911,3.));
#6850=CARTESIAN_POINT('Ctrl Pts',(-33.7256048090281,31.5544519986545,3.));
#6851=CARTESIAN_POINT('',(-39.0189200855317,31.6499499644671,3.));
#6852=CARTESIAN_POINT('',(-39.0189200855317,31.6499499644671,3.));
#6853=CARTESIAN_POINT('',(-39.0189200855317,21.6499499644671,3.));
#6854=CARTESIAN_POINT('',(-37.6955912477793,30.469868000928,3.));
#6855=CARTESIAN_POINT('',(-37.6955912477793,26.8955163325702,3.));
#6856=CARTESIAN_POINT('',(-37.6955912477793,30.469868000928,3.));
#6857=CARTESIAN_POINT('',(-35.1376105315509,30.469868000928,3.));
#6858=CARTESIAN_POINT('',(-35.1376105315509,30.469868000928,3.));
#6859=CARTESIAN_POINT('',(-33.9029578335108,30.3811911906634,3.));
#6860=CARTESIAN_POINT('Ctrl Pts',(-33.9029578335108,30.3811911906634,3.));
#6861=CARTESIAN_POINT('Ctrl Pts',(-34.0612671183827,30.4067500594315,3.));
#6862=CARTESIAN_POINT('Ctrl Pts',(-34.4697523447074,30.4726995727642,3.));
#6863=CARTESIAN_POINT('Ctrl Pts',(-34.8839413328423,30.4709435025434,3.));
#6864=CARTESIAN_POINT('Ctrl Pts',(-35.1376105315509,30.469868000928,3.));
#6865=CARTESIAN_POINT('',(-33.0673507816615,29.7911505069171,3.));
#6866=CARTESIAN_POINT('Ctrl Pts',(-33.0673507816615,29.7911505069171,3.));
#6867=CARTESIAN_POINT('Ctrl Pts',(-33.1810228107631,29.9273109564591,3.));
#6868=CARTESIAN_POINT('Ctrl Pts',(-33.4072186173502,30.1982564384113,3.));
#6869=CARTESIAN_POINT('Ctrl Pts',(-33.7382716096457,30.3204196547833,3.));
#6870=CARTESIAN_POINT('Ctrl Pts',(-33.9029578335108,30.3811911906634,3.));
#6871=CARTESIAN_POINT('',(-32.7501610882106,28.7167988385592,3.));
#6872=CARTESIAN_POINT('Ctrl Pts',(-32.7501610882106,28.7167988385592,3.));
#6873=CARTESIAN_POINT('Ctrl Pts',(-32.7613450769181,28.9155189633824,3.));
#6874=CARTESIAN_POINT('Ctrl Pts',(-32.782927941667,29.2990091196308,3.));
#6875=CARTESIAN_POINT('Ctrl Pts',(-32.9748705794165,29.6311305344344,3.));
#6876=CARTESIAN_POINT('Ctrl Pts',(-33.0673507816615,29.7911505069171,3.));
#6877=CARTESIAN_POINT('',(-33.2890425092997,27.3730061616336,3.));
#6878=CARTESIAN_POINT('Ctrl Pts',(-33.2890425092997,27.3730061616336,3.));
#6879=CARTESIAN_POINT('Ctrl Pts',(-33.1319876175508,27.555307124555,3.));
#6880=CARTESIAN_POINT('Ctrl Pts',(-32.8003902106663,27.9402077532721,3.));
#6881=CARTESIAN_POINT('Ctrl Pts',(-32.7674826172681,28.4489911526591,3.));
#6882=CARTESIAN_POINT('Ctrl Pts',(-32.7501610882106,28.7167988385592,3.));
#6883=CARTESIAN_POINT('',(-35.110325313312,26.8955163325702,3.));
#6884=CARTESIAN_POINT('Ctrl Pts',(-35.110325313312,26.8955163325702,3.));
#6885=CARTESIAN_POINT('Ctrl Pts',(-34.7344645177784,26.8997941138631,3.));
#6886=CARTESIAN_POINT('Ctrl Pts',(-34.0831278701025,26.907207166142,3.));
#6887=CARTESIAN_POINT('Ctrl Pts',(-33.5250679637295,27.2345570414122,3.));
#6888=CARTESIAN_POINT('Ctrl Pts',(-33.2890425092997,27.3730061616336,3.));
#6889=CARTESIAN_POINT('',(-37.6955912477793,26.8955163325702,3.));
#6890=CARTESIAN_POINT('Origin',(-37.6955912477793,21.6499499644671,5.));
#6891=CARTESIAN_POINT('',(-37.6955912477793,21.6499499644671,5.));
#6892=CARTESIAN_POINT('',(-39.0189200855317,21.6499499644671,5.));
#6893=CARTESIAN_POINT('Origin',(-39.0189200855317,21.6499499644671,5.));
#6894=CARTESIAN_POINT('',(-39.0189200855317,31.6499499644671,5.));
#6895=CARTESIAN_POINT('Origin',(-39.0189200855317,31.6499499644671,5.));
#6896=CARTESIAN_POINT('',(-35.246751106483,31.6499499644671,5.));
#6897=CARTESIAN_POINT('Ctrl Pts',(-35.246751106483,31.6499499644671,5.));
#6898=CARTESIAN_POINT('Ctrl Pts',(-35.246751106483,31.6499499644671,3.));
#6899=CARTESIAN_POINT('Ctrl Pts',(-34.9535169109067,31.6490374654205,5.));
#6900=CARTESIAN_POINT('Ctrl Pts',(-34.9535169109067,31.6490374654205,3.));
#6901=CARTESIAN_POINT('Ctrl Pts',(-34.4443757788699,31.6474530976878,5.));
#6902=CARTESIAN_POINT('Ctrl Pts',(-34.4443757788699,31.6474530976878,3.));
#6903=CARTESIAN_POINT('Ctrl Pts',(-33.9396425326745,31.5821461381911,5.));
#6904=CARTESIAN_POINT('Ctrl Pts',(-33.9396425326745,31.5821461381911,3.));
#6905=CARTESIAN_POINT('Ctrl Pts',(-33.7256048090281,31.5544519986545,5.));
#6906=CARTESIAN_POINT('Ctrl Pts',(-33.7256048090281,31.5544519986545,3.));
#6907=CARTESIAN_POINT('',(-33.7256048090281,31.5544519986545,5.));
#6908=CARTESIAN_POINT('Ctrl Pts',(-33.7256048090281,31.5544519986545,5.));
#6909=CARTESIAN_POINT('Ctrl Pts',(-33.7256048090281,31.5544519986545,3.));
#6910=CARTESIAN_POINT('Ctrl Pts',(-33.495060394088,31.5076973484993,5.));
#6911=CARTESIAN_POINT('Ctrl Pts',(-33.495060394088,31.5076973484993,3.));
#6912=CARTESIAN_POINT('Ctrl Pts',(-33.0576728422949,31.4189946923469,5.));
#6913=CARTESIAN_POINT('Ctrl Pts',(-33.0576728422949,31.4189946923469,3.));
#6914=CARTESIAN_POINT('Ctrl Pts',(-32.6729093294204,31.1937255817196,5.));
#6915=CARTESIAN_POINT('Ctrl Pts',(-32.6729093294204,31.1937255817196,3.));
#6916=CARTESIAN_POINT('Ctrl Pts',(-32.4909524090113,31.0871944989596,5.));
#6917=CARTESIAN_POINT('Ctrl Pts',(-32.4909524090113,31.0871944989596,3.));
#6918=CARTESIAN_POINT('',(-32.4909524090113,31.0871944989596,5.));
#6919=CARTESIAN_POINT('Ctrl Pts',(-32.4909524090113,31.0871944989596,5.));
#6920=CARTESIAN_POINT('Ctrl Pts',(-32.4909524090113,31.0871944989596,3.));
#6921=CARTESIAN_POINT('Ctrl Pts',(-32.3314527111537,30.9574898423421,5.));
#6922=CARTESIAN_POINT('Ctrl Pts',(-32.3314527111537,30.9574898423421,3.));
#6923=CARTESIAN_POINT('Ctrl Pts',(-32.0010127292869,30.6887770801461,5.));
#6924=CARTESIAN_POINT('Ctrl Pts',(-32.0010127292869,30.6887770801461,3.));
#6925=CARTESIAN_POINT('Ctrl Pts',(-31.795675148915,30.3152251082307,5.));
#6926=CARTESIAN_POINT('Ctrl Pts',(-31.795675148915,30.3152251082307,3.));
#6927=CARTESIAN_POINT('Ctrl Pts',(-31.6894517309489,30.1219825114642,5.));
#6928=CARTESIAN_POINT('Ctrl Pts',(-31.6894517309489,30.1219825114642,3.));
#6929=CARTESIAN_POINT('',(-31.6894517309489,30.1219825114642,5.));
#6930=CARTESIAN_POINT('Ctrl Pts',(-31.6894517309489,30.1219825114642,5.));
#6931=CARTESIAN_POINT('Ctrl Pts',(-31.6894517309489,30.1219825114642,3.));
#6932=CARTESIAN_POINT('Ctrl Pts',(-31.6009263218735,29.9076797444776,5.));
#6933=CARTESIAN_POINT('Ctrl Pts',(-31.6009263218735,29.9076797444776,3.));
#6934=CARTESIAN_POINT('Ctrl Pts',(-31.4204394508411,29.4707561959625,5.));
#6935=CARTESIAN_POINT('Ctrl Pts',(-31.4204394508411,29.4707561959625,3.));
#6936=CARTESIAN_POINT('Ctrl Pts',(-31.3975616270042,28.9984004975122,5.));
#6937=CARTESIAN_POINT('Ctrl Pts',(-31.3975616270042,28.9984004975122,3.));
#6938=CARTESIAN_POINT('Ctrl Pts',(-31.3859049446406,28.7577263678943,5.));
#6939=CARTESIAN_POINT('Ctrl Pts',(-31.3859049446406,28.7577263678943,3.));
#6940=CARTESIAN_POINT('',(-31.3859049446406,28.7577263678943,5.));
#6941=CARTESIAN_POINT('Ctrl Pts',(-31.3859049446406,28.7577263678943,5.));
#6942=CARTESIAN_POINT('Ctrl Pts',(-31.3859049446406,28.7577263678943,3.));
#6943=CARTESIAN_POINT('Ctrl Pts',(-31.4173655853403,28.3514766920896,5.));
#6944=CARTESIAN_POINT('Ctrl Pts',(-31.4173655853403,28.3514766920896,3.));
#6945=CARTESIAN_POINT('Ctrl Pts',(-31.4792342745248,27.5525694109689,5.));
#6946=CARTESIAN_POINT('Ctrl Pts',(-31.4792342745248,27.5525694109689,3.));
#6947=CARTESIAN_POINT('Ctrl Pts',(-31.9609012480344,26.9130899833823,5.));
#6948=CARTESIAN_POINT('Ctrl Pts',(-31.9609012480344,26.9130899833823,3.));
#6949=CARTESIAN_POINT('Ctrl Pts',(-32.1976373560252,26.5987901057635,5.));
#6950=CARTESIAN_POINT('Ctrl Pts',(-32.1976373560252,26.5987901057635,3.));
#6951=CARTESIAN_POINT('',(-32.1976373560252,26.5987901057635,5.));
#6952=CARTESIAN_POINT('Ctrl Pts',(-32.1976373560252,26.5987901057635,5.));
#6953=CARTESIAN_POINT('Ctrl Pts',(-32.1976373560252,26.5987901057635,3.));
#6954=CARTESIAN_POINT('Ctrl Pts',(-32.5654946276324,26.3427072834409,5.));
#6955=CARTESIAN_POINT('Ctrl Pts',(-32.5654946276324,26.3427072834409,3.));
#6956=CARTESIAN_POINT('Ctrl Pts',(-33.4379169481242,25.7353728977085,5.));
#6957=CARTESIAN_POINT('Ctrl Pts',(-33.4379169481242,25.7353728977085,3.));
#6958=CARTESIAN_POINT('Ctrl Pts',(-34.5104753932268,25.7227403799071,5.));
#6959=CARTESIAN_POINT('Ctrl Pts',(-34.5104753932268,25.7227403799071,3.));
#6960=CARTESIAN_POINT('Ctrl Pts',(-35.1307890779795,25.715434369031,5.));
#6961=CARTESIAN_POINT('Ctrl Pts',(-35.1307890779795,25.715434369031,3.));
#6962=CARTESIAN_POINT('',(-35.1307890779795,25.715434369031,5.));
#6963=CARTESIAN_POINT('Origin',(-35.1307890779795,25.715434369031,5.));
#6964=CARTESIAN_POINT('',(-37.6955912477793,25.715434369031,5.));
#6965=CARTESIAN_POINT('Origin',(-37.6955912477793,25.715434369031,5.));
#6966=CARTESIAN_POINT('Origin',(-37.6955912477793,30.469868000928,5.));
#6967=CARTESIAN_POINT('',(-37.6955912477793,30.469868000928,5.));
#6968=CARTESIAN_POINT('',(-37.6955912477793,26.8955163325702,5.));
#6969=CARTESIAN_POINT('Origin',(-37.6955912477793,26.8955163325702,5.));
#6970=CARTESIAN_POINT('',(-35.110325313312,26.8955163325702,5.));
#6971=CARTESIAN_POINT('Ctrl Pts',(-35.110325313312,26.8955163325702,5.));
#6972=CARTESIAN_POINT('Ctrl Pts',(-35.110325313312,26.8955163325702,3.));
#6973=CARTESIAN_POINT('Ctrl Pts',(-34.7344645177784,26.8997941138631,5.));
#6974=CARTESIAN_POINT('Ctrl Pts',(-34.7344645177784,26.8997941138631,3.));
#6975=CARTESIAN_POINT('Ctrl Pts',(-34.0831278701025,26.907207166142,5.));
#6976=CARTESIAN_POINT('Ctrl Pts',(-34.0831278701025,26.907207166142,3.));
#6977=CARTESIAN_POINT('Ctrl Pts',(-33.5250679637295,27.2345570414122,5.));
#6978=CARTESIAN_POINT('Ctrl Pts',(-33.5250679637295,27.2345570414122,3.));
#6979=CARTESIAN_POINT('Ctrl Pts',(-33.2890425092997,27.3730061616336,5.));
#6980=CARTESIAN_POINT('Ctrl Pts',(-33.2890425092997,27.3730061616336,3.));
#6981=CARTESIAN_POINT('',(-33.2890425092997,27.3730061616336,5.));
#6982=CARTESIAN_POINT('Ctrl Pts',(-33.2890425092997,27.3730061616336,5.));
#6983=CARTESIAN_POINT('Ctrl Pts',(-33.2890425092997,27.3730061616336,3.));
#6984=CARTESIAN_POINT('Ctrl Pts',(-33.1319876175508,27.555307124555,5.));
#6985=CARTESIAN_POINT('Ctrl Pts',(-33.1319876175508,27.555307124555,3.));
#6986=CARTESIAN_POINT('Ctrl Pts',(-32.8003902106663,27.9402077532721,5.));
#6987=CARTESIAN_POINT('Ctrl Pts',(-32.8003902106663,27.9402077532721,3.));
#6988=CARTESIAN_POINT('Ctrl Pts',(-32.7674826172681,28.4489911526591,5.));
#6989=CARTESIAN_POINT('Ctrl Pts',(-32.7674826172681,28.4489911526591,3.));
#6990=CARTESIAN_POINT('Ctrl Pts',(-32.7501610882106,28.7167988385592,5.));
#6991=CARTESIAN_POINT('Ctrl Pts',(-32.7501610882106,28.7167988385592,3.));
#6992=CARTESIAN_POINT('',(-32.7501610882106,28.7167988385592,5.));
#6993=CARTESIAN_POINT('Ctrl Pts',(-32.7501610882106,28.7167988385592,5.));
#6994=CARTESIAN_POINT('Ctrl Pts',(-32.7501610882106,28.7167988385592,3.));
#6995=CARTESIAN_POINT('Ctrl Pts',(-32.7613450769181,28.9155189633824,5.));
#6996=CARTESIAN_POINT('Ctrl Pts',(-32.7613450769181,28.9155189633824,3.));
#6997=CARTESIAN_POINT('Ctrl Pts',(-32.782927941667,29.2990091196308,5.));
#6998=CARTESIAN_POINT('Ctrl Pts',(-32.782927941667,29.2990091196308,3.));
#6999=CARTESIAN_POINT('Ctrl Pts',(-32.9748705794165,29.6311305344344,5.));
#7000=CARTESIAN_POINT('Ctrl Pts',(-32.9748705794165,29.6311305344344,3.));
#7001=CARTESIAN_POINT('Ctrl Pts',(-33.0673507816615,29.7911505069171,5.));
#7002=CARTESIAN_POINT('Ctrl Pts',(-33.0673507816615,29.7911505069171,3.));
#7003=CARTESIAN_POINT('',(-33.0673507816615,29.7911505069171,5.));
#7004=CARTESIAN_POINT('Ctrl Pts',(-33.0673507816615,29.7911505069171,5.));
#7005=CARTESIAN_POINT('Ctrl Pts',(-33.0673507816615,29.7911505069171,3.));
#7006=CARTESIAN_POINT('Ctrl Pts',(-33.1810228107631,29.9273109564591,5.));
#7007=CARTESIAN_POINT('Ctrl Pts',(-33.1810228107631,29.9273109564591,3.));
#7008=CARTESIAN_POINT('Ctrl Pts',(-33.4072186173502,30.1982564384113,5.));
#7009=CARTESIAN_POINT('Ctrl Pts',(-33.4072186173502,30.1982564384113,3.));
#7010=CARTESIAN_POINT('Ctrl Pts',(-33.7382716096457,30.3204196547833,5.));
#7011=CARTESIAN_POINT('Ctrl Pts',(-33.7382716096457,30.3204196547833,3.));
#7012=CARTESIAN_POINT('Ctrl Pts',(-33.9029578335108,30.3811911906634,5.));
#7013=CARTESIAN_POINT('Ctrl Pts',(-33.9029578335108,30.3811911906634,3.));
#7014=CARTESIAN_POINT('',(-33.9029578335108,30.3811911906634,5.));
#7015=CARTESIAN_POINT('Ctrl Pts',(-33.9029578335108,30.3811911906634,5.));
#7016=CARTESIAN_POINT('Ctrl Pts',(-33.9029578335108,30.3811911906634,3.));
#7017=CARTESIAN_POINT('Ctrl Pts',(-34.0612671183827,30.4067500594315,5.));
#7018=CARTESIAN_POINT('Ctrl Pts',(-34.0612671183827,30.4067500594315,3.));
#7019=CARTESIAN_POINT('Ctrl Pts',(-34.4697523447074,30.4726995727642,5.));
#7020=CARTESIAN_POINT('Ctrl Pts',(-34.4697523447074,30.4726995727642,3.));
#7021=CARTESIAN_POINT('Ctrl Pts',(-34.8839413328423,30.4709435025434,5.));
#7022=CARTESIAN_POINT('Ctrl Pts',(-34.8839413328423,30.4709435025434,3.));
#7023=CARTESIAN_POINT('Ctrl Pts',(-35.1376105315509,30.469868000928,5.));
#7024=CARTESIAN_POINT('Ctrl Pts',(-35.1376105315509,30.469868000928,3.));
#7025=CARTESIAN_POINT('',(-35.1376105315509,30.469868000928,5.));
#7026=CARTESIAN_POINT('Origin',(-35.1376105315509,30.469868000928,5.));
#7027=CARTESIAN_POINT('Origin',(0.,0.,5.));
#7028=CARTESIAN_POINT('',(-7.33752410594645,-17.6787871764731,5.));
#7029=CARTESIAN_POINT('',(-66.5476494295624,-17.6787871764731,5.));
#7030=CARTESIAN_POINT('',(-3.66876205297323,-17.6787871764731,5.));
#7031=CARTESIAN_POINT('',(-66.5476494295624,-52.6778273161916,5.));
#7032=CARTESIAN_POINT('',(-66.5476494295624,-8.83939358823654,5.));
#7033=CARTESIAN_POINT('',(-7.33752410594645,-52.6778273161916,5.));
#7034=CARTESIAN_POINT('',(-33.2738247147812,-52.6778273161916,5.));
#7035=CARTESIAN_POINT('',(-7.33752410594645,-26.3389136580958,5.));
#7036=CARTESIAN_POINT('',(-11.5476494295624,-46.6778273161915,5.));
#7037=CARTESIAN_POINT('Origin',(-13.5476494295624,-46.6778273161915,5.));
#7038=CARTESIAN_POINT('',(-58.5476494295624,-46.6778273161915,5.));
#7039=CARTESIAN_POINT('Origin',(-60.5476494295624,-46.6778273161915,5.));
#7040=CARTESIAN_POINT('',(-11.3375241059464,-23.6787871764731,5.));
#7041=CARTESIAN_POINT('Origin',(-13.3375241059464,-23.6787871764731,5.));
#7042=CARTESIAN_POINT('',(-58.3375241059464,-23.6787871764731,5.));
#7043=CARTESIAN_POINT('Origin',(-60.3375241059464,-23.6787871764731,5.));
#7044=CARTESIAN_POINT('',(-29.3769338135009,-36.1185886119444,5.));
#7045=CARTESIAN_POINT('',(-29.3769338135009,-40.1840730165083,5.));
#7046=CARTESIAN_POINT('',(-29.3769338135009,-18.0592943059722,5.));
#7047=CARTESIAN_POINT('',(-30.7002618316894,-40.1840730165083,5.));
#7048=CARTESIAN_POINT('',(-14.6884669067505,-40.1840730165083,5.));
#7049=CARTESIAN_POINT('',(-30.7002618316894,-30.1840730165083,5.));
#7050=CARTESIAN_POINT('',(-30.7002618316894,-20.0920365082542,5.));
#7051=CARTESIAN_POINT('',(-26.9280936722046,-30.1840730165083,5.));
#7052=CARTESIAN_POINT('',(-15.3501309158447,-30.1840730165083,5.));
#7053=CARTESIAN_POINT('',(-25.4069473747497,-30.279570982321,5.));
#7054=CARTESIAN_POINT('Ctrl Pts',(-26.9280936722046,-30.1840730165083,5.));
#7055=CARTESIAN_POINT('Ctrl Pts',(-26.6348592762914,-30.1849854959094,5.));
#7056=CARTESIAN_POINT('Ctrl Pts',(-26.1257181405508,-30.1865698284606,5.));
#7057=CARTESIAN_POINT('Ctrl Pts',(-25.6209848996591,-30.2518768443105,5.));
#7058=CARTESIAN_POINT('Ctrl Pts',(-25.4069473747497,-30.279570982321,5.));
#7059=CARTESIAN_POINT('',(-24.1722943786865,-30.7468284820158,5.));
#7060=CARTESIAN_POINT('Ctrl Pts',(-25.4069473747497,-30.279570982321,5.));
#7061=CARTESIAN_POINT('Ctrl Pts',(-25.1764027518244,-30.3263256042484,5.));
#7062=CARTESIAN_POINT('Ctrl Pts',(-24.7390149757488,-30.4150281723093,5.));
#7063=CARTESIAN_POINT('Ctrl Pts',(-24.354251298067,-30.6402973932983,5.));
#7064=CARTESIAN_POINT('Ctrl Pts',(-24.1722943786865,-30.7468284820158,5.));
#7065=CARTESIAN_POINT('',(-23.3707931045776,-31.7120404695112,5.));
#7066=CARTESIAN_POINT('Ctrl Pts',(-24.1722943786865,-30.7468284820158,5.));
#7067=CARTESIAN_POINT('Ctrl Pts',(-24.0127944495705,-30.8765331058678,5.));
#7068=CARTESIAN_POINT('Ctrl Pts',(-23.6823541113661,-31.1452457003491,5.));
#7069=CARTESIAN_POINT('Ctrl Pts',(-23.4770165011559,-31.5187978485433,5.));
#7070=CARTESIAN_POINT('Ctrl Pts',(-23.3707931045776,-31.7120404695112,5.));
#7071=CARTESIAN_POINT('',(-23.0672481064087,-33.0762966130812,5.));
#7072=CARTESIAN_POINT('Ctrl Pts',(-23.3707931045776,-31.7120404695112,5.));
#7073=CARTESIAN_POINT('Ctrl Pts',(-23.2822693215807,-31.926343350074,5.));
#7074=CARTESIAN_POINT('Ctrl Pts',(-23.1017855843087,-32.363267569563,5.));
#7075=CARTESIAN_POINT('Ctrl Pts',(-23.0789057993082,-32.8356225939237,5.));
#7076=CARTESIAN_POINT('Ctrl Pts',(-23.0672481064087,-33.0762966130812,5.));
#7077=CARTESIAN_POINT('',(-23.8789799217468,-35.2352328752119,5.));
#7078=CARTESIAN_POINT('Ctrl Pts',(-23.0672481064087,-33.0762966130812,5.));
#7079=CARTESIAN_POINT('Ctrl Pts',(-23.0987085039397,-33.4825462956042,5.));
#7080=CARTESIAN_POINT('Ctrl Pts',(-23.160576717499,-34.2814536232023,5.));
#7081=CARTESIAN_POINT('Ctrl Pts',(-23.642243766469,-34.9209330060445,5.));
#7082=CARTESIAN_POINT('Ctrl Pts',(-23.8789799217468,-35.2352328752119,5.));
#7083=CARTESIAN_POINT('',(-26.8121316437011,-36.1185886119444,5.));
#7084=CARTESIAN_POINT('Ctrl Pts',(-23.8789799217468,-35.2352328752119,5.));
#7085=CARTESIAN_POINT('Ctrl Pts',(-24.2468373935146,-35.4913157040483,5.));
#7086=CARTESIAN_POINT('Ctrl Pts',(-25.1192598262985,-36.0986498529346,5.));
#7087=CARTESIAN_POINT('Ctrl Pts',(-26.1918181924677,-36.1112825180704,5.));
#7088=CARTESIAN_POINT('Ctrl Pts',(-26.8121316437011,-36.1185886119444,5.));
#7089=CARTESIAN_POINT('',(-13.4060658218506,-36.1185886119444,5.));
#7090=CARTESIAN_POINT('',(-38.4799339775329,-39.9589713071425,5.));
#7091=CARTESIAN_POINT('',(-39.9192252163177,-38.7686570142347,5.));
#7092=CARTESIAN_POINT('Ctrl Pts',(-38.4799339775329,-39.9589713071425,5.));
#7093=CARTESIAN_POINT('Ctrl Pts',(-38.7680819163855,-39.8122609993773,5.));
#7094=CARTESIAN_POINT('Ctrl Pts',(-39.3368476641554,-39.5226743438769,5.));
#7095=CARTESIAN_POINT('Ctrl Pts',(-39.7268203700456,-39.0177679009055,5.));
#7096=CARTESIAN_POINT('Ctrl Pts',(-39.9192252163177,-38.7686570142347,5.));
#7097=CARTESIAN_POINT('',(-40.468338370729,-36.9712491487105,5.));
#7098=CARTESIAN_POINT('Ctrl Pts',(-39.9192252163177,-38.7686570142347,5.));
#7099=CARTESIAN_POINT('Ctrl Pts',(-40.0726165861143,-38.4927841085215,5.));
#7100=CARTESIAN_POINT('Ctrl Pts',(-40.3838208008575,-37.9330863164927,5.));
#7101=CARTESIAN_POINT('Ctrl Pts',(-40.4399002619783,-37.294883986052,5.));
#7102=CARTESIAN_POINT('Ctrl Pts',(-40.468338370729,-36.9712491487105,5.));
#7103=CARTESIAN_POINT('',(-39.2200436596161,-36.8621088718016,5.));
#7104=CARTESIAN_POINT('',(-18.7837064458144,-35.0753292894954,5.));
#7105=CARTESIAN_POINT('',(-38.8073565963989,-38.0933506940443,5.));
#7106=CARTESIAN_POINT('Ctrl Pts',(-39.2200436596161,-36.8621088718016,5.));
#7107=CARTESIAN_POINT('Ctrl Pts',(-39.184830356892,-37.0945749237579,5.));
#7108=CARTESIAN_POINT('Ctrl Pts',(-39.1189246453574,-37.5296616488475,5.));
#7109=CARTESIAN_POINT('Ctrl Pts',(-38.9063520416183,-37.9142480929236,5.));
#7110=CARTESIAN_POINT('Ctrl Pts',(-38.8073565963989,-38.0933506940443,5.));
#7111=CARTESIAN_POINT('',(-37.8012170795684,-38.870976731642,5.));
#7112=CARTESIAN_POINT('Ctrl Pts',(-38.8073565963989,-38.0933506940443,5.));
#7113=CARTESIAN_POINT('Ctrl Pts',(-38.6777557134336,-38.2487656141798,5.));
#7114=CARTESIAN_POINT('Ctrl Pts',(-38.4003060259949,-38.5814780157336,5.));
#7115=CARTESIAN_POINT('Ctrl Pts',(-38.0094815954009,-38.7703367344222,5.));
#7116=CARTESIAN_POINT('Ctrl Pts',(-37.8012170795684,-38.870976731642,5.));
#7117=CARTESIAN_POINT('',(-36.2664284710174,-39.1677017663557,5.));
#7118=CARTESIAN_POINT('Ctrl Pts',(-37.8012170795684,-38.870976731642,5.));
#7119=CARTESIAN_POINT('Ctrl Pts',(-37.5620611485898,-38.9574918564027,5.));
#7120=CARTESIAN_POINT('Ctrl Pts',(-37.0663185534909,-39.1368277076555,5.));
#7121=CARTESIAN_POINT('Ctrl Pts',(-36.5392360554756,-39.1571719728741,5.));
#7122=CARTESIAN_POINT('Ctrl Pts',(-36.2664284710174,-39.1677017663557,5.));
#7123=CARTESIAN_POINT('',(-34.9294569496399,-38.9426000569899,5.));
#7124=CARTESIAN_POINT('Ctrl Pts',(-36.2664284710174,-39.1677017663557,5.));
#7125=CARTESIAN_POINT('Ctrl Pts',(-36.0268431963191,-39.1603589705756,5.));
#7126=CARTESIAN_POINT('Ctrl Pts',(-35.5706132962247,-39.1463764627216,5.));
#7127=CARTESIAN_POINT('Ctrl Pts',(-35.1358893100045,-39.0082097084359,5.));
#7128=CARTESIAN_POINT('Ctrl Pts',(-34.9294569496399,-38.9426000569899,5.));
#7129=CARTESIAN_POINT('',(-34.0665652755981,-38.3252735589583,5.));
#7130=CARTESIAN_POINT('Ctrl Pts',(-34.9294569496399,-38.9426000569899,5.));
#7131=CARTESIAN_POINT('Ctrl Pts',(-34.7522519948484,-38.8655020626152,5.));
#7132=CARTESIAN_POINT('Ctrl Pts',(-34.4199381287344,-38.7209195783926,5.));
#7133=CARTESIAN_POINT('Ctrl Pts',(-34.179016480339,-38.4511770377951,5.));
#7134=CARTESIAN_POINT('Ctrl Pts',(-34.0665652755981,-38.3252735589583,5.));
#7135=CARTESIAN_POINT('',(-33.7834813598877,-37.4692030404646,5.));
#7136=CARTESIAN_POINT('Ctrl Pts',(-34.0665652755981,-38.3252735589583,5.));
#7137=CARTESIAN_POINT('Ctrl Pts',(-33.984002169423,-38.1924395268253,5.));
#7138=CARTESIAN_POINT('Ctrl Pts',(-33.8207178248189,-37.9297348045498,5.));
#7139=CARTESIAN_POINT('Ctrl Pts',(-33.7957998221401,-37.6215548591022,5.));
#7140=CARTESIAN_POINT('Ctrl Pts',(-33.7834813598877,-37.4692030404646,5.));
#7141=CARTESIAN_POINT('',(-34.0563323501831,-36.6472382997114,5.));
#7142=CARTESIAN_POINT('Ctrl Pts',(-33.7834813598877,-37.4692030404646,5.));
#7143=CARTESIAN_POINT('Ctrl Pts',(-33.7941367407013,-37.3182153698357,5.));
#7144=CARTESIAN_POINT('Ctrl Pts',(-33.8151257426954,-37.0207993904975,5.));
#7145=CARTESIAN_POINT('Ctrl Pts',(-33.9767560741442,-36.7704795358757,5.));
#7146=CARTESIAN_POINT('Ctrl Pts',(-34.0563323501831,-36.6472382997114,5.));
#7147=CARTESIAN_POINT('',(-34.9567415718322,-36.0571976159651,5.));
#7148=CARTESIAN_POINT('Ctrl Pts',(-34.0563323501831,-36.6472382997114,5.));
#7149=CARTESIAN_POINT('Ctrl Pts',(-34.1714101486175,-36.531487531277,5.));
#7150=CARTESIAN_POINT('Ctrl Pts',(-34.4291998325085,-36.2721903044376,5.));
#7151=CARTESIAN_POINT('Ctrl Pts',(-34.7687610942562,-36.133806584018,5.));
#7152=CARTESIAN_POINT('Ctrl Pts',(-34.9567415718322,-36.0571976159651,5.));
#7153=CARTESIAN_POINT('',(-36.7370965484863,-35.5694760535795,5.));
#7154=CARTESIAN_POINT('Ctrl Pts',(-34.9567415718322,-36.0571976159651,5.));
#7155=CARTESIAN_POINT('Ctrl Pts',(-35.1715930758396,-35.9883187850227,5.));
#7156=CARTESIAN_POINT('Ctrl Pts',(-35.7578979806605,-35.8003564218714,5.));
#7157=CARTESIAN_POINT('Ctrl Pts',(-36.3573278365358,-35.6590198325043,5.));
#7158=CARTESIAN_POINT('Ctrl Pts',(-36.7370965484863,-35.5694760535795,5.));
#7159=CARTESIAN_POINT('',(-38.6675193313842,-34.9453283999998,5.));
#7160=CARTESIAN_POINT('Ctrl Pts',(-36.7370965484863,-35.5694760535795,5.));
#7161=CARTESIAN_POINT('Ctrl Pts',(-37.1319153351124,-35.4751439931215,5.));
#7162=CARTESIAN_POINT('Ctrl Pts',(-37.7922557185463,-35.3173721973433,5.));
#7163=CARTESIAN_POINT('Ctrl Pts',(-38.4165084927625,-35.0520242847658,5.));
#7164=CARTESIAN_POINT('Ctrl Pts',(-38.6675193313842,-34.9453283999998,5.));
#7165=CARTESIAN_POINT('',(-39.7350504402404,-34.0142233823378,5.));
#7166=CARTESIAN_POINT('Ctrl Pts',(-38.6675193313842,-34.9453283999998,5.));
#7167=CARTESIAN_POINT('Ctrl Pts',(-38.8874284411238,-34.8182879845097,5.));
#7168=CARTESIAN_POINT('Ctrl Pts',(-39.3046423489806,-34.5772655536282,5.));
#7169=CARTESIAN_POINT('Ctrl Pts',(-39.5968584198373,-34.1950005024775,5.));
#7170=CARTESIAN_POINT('Ctrl Pts',(-39.7350504402404,-34.0142233823378,5.));
#7171=CARTESIAN_POINT('',(-40.0863471035247,-32.7693392489988,5.));
#7172=CARTESIAN_POINT('Ctrl Pts',(-39.7350504402404,-34.0142233823378,5.));
#7173=CARTESIAN_POINT('Ctrl Pts',(-39.8375077069887,-33.8219848225769,5.));
#7174=CARTESIAN_POINT('Ctrl Pts',(-40.0449837689557,-33.4327015574336,5.));
#7175=CARTESIAN_POINT('Ctrl Pts',(-40.0724463065587,-32.9922725511747,5.));
#7176=CARTESIAN_POINT('Ctrl Pts',(-40.0863471035247,-32.7693392489988,5.));
#7177=CARTESIAN_POINT('',(-39.6566059593444,-31.3539232467253,5.));
#7178=CARTESIAN_POINT('Ctrl Pts',(-40.0863471035247,-32.7693392489988,5.));
#7179=CARTESIAN_POINT('Ctrl Pts',(-40.0677365085647,-32.5199996534535,5.));
#7180=CARTESIAN_POINT('Ctrl Pts',(-40.0301397492087,-32.0162886871057,5.));
#7181=CARTESIAN_POINT('Ctrl Pts',(-39.7819436667576,-31.5761772114794,5.));
#7182=CARTESIAN_POINT('Ctrl Pts',(-39.6566059593444,-31.3539232467253,5.));
#7183=CARTESIAN_POINT('',(-38.4014894966369,-30.3546054814894,5.));
#7184=CARTESIAN_POINT('Ctrl Pts',(-39.6566059593444,-31.3539232467253,5.));
#7185=CARTESIAN_POINT('Ctrl Pts',(-39.4924582158778,-31.1459420524888,5.));
#7186=CARTESIAN_POINT('Ctrl Pts',(-39.1525811219255,-30.7153053443566,5.));
#7187=CARTESIAN_POINT('Ctrl Pts',(-38.657477071833,-30.4775394620586,5.));
#7188=CARTESIAN_POINT('Ctrl Pts',(-38.4014894966369,-30.3546054814894,5.));
#7189=CARTESIAN_POINT('',(-36.5665652755981,-30.0135417436201,5.));
#7190=CARTESIAN_POINT('Ctrl Pts',(-38.4014894966369,-30.3546054814894,5.));
#7191=CARTESIAN_POINT('Ctrl Pts',(-38.1136987230241,-30.2551559051294,5.));
#7192=CARTESIAN_POINT('Ctrl Pts',(-37.5193942549193,-30.0497868210552,5.));
#7193=CARTESIAN_POINT('Ctrl Pts',(-36.8907762460217,-30.0258745462356,5.));
#7194=CARTESIAN_POINT('Ctrl Pts',(-36.5665652755981,-30.0135417436201,5.));
#7195=CARTESIAN_POINT('',(-34.6054461006408,-30.3716589664061,5.));
#7196=CARTESIAN_POINT('Ctrl Pts',(-36.5665652755981,-30.0135417436201,5.));
#7197=CARTESIAN_POINT('Ctrl Pts',(-36.2144473433116,-30.0253694782569,5.));
#7198=CARTESIAN_POINT('Ctrl Pts',(-35.542579282819,-30.0479377044159,5.));
#7199=CARTESIAN_POINT('Ctrl Pts',(-34.9076273822699,-30.2672741172735,5.));
#7200=CARTESIAN_POINT('Ctrl Pts',(-34.6054461006408,-30.3716589664061,5.));
#7201=CARTESIAN_POINT('',(-33.2991697792297,-31.4255471681196,5.));
#7202=CARTESIAN_POINT('Ctrl Pts',(-34.6054461006408,-30.3716589664061,5.));
#7203=CARTESIAN_POINT('Ctrl Pts',(-34.3409135331935,-30.5017969638283,5.));
#7204=CARTESIAN_POINT('Ctrl Pts',(-33.8258346870166,-30.7551923404463,5.));
#7205=CARTESIAN_POINT('Ctrl Pts',(-33.471517744952,-31.2061775288036,5.));
#7206=CARTESIAN_POINT('Ctrl Pts',(-33.2991697792297,-31.4255471681196,5.));
#7207=CARTESIAN_POINT('',(-32.8080382351165,-33.0012633060057,5.));
#7208=CARTESIAN_POINT('Ctrl Pts',(-33.2991697792297,-31.4255471681196,5.));
#7209=CARTESIAN_POINT('Ctrl Pts',(-33.1643759516861,-31.6672629788901,5.));
#7210=CARTESIAN_POINT('Ctrl Pts',(-32.8907228948323,-32.1579847850188,5.));
#7211=CARTESIAN_POINT('Ctrl Pts',(-32.8358714136884,-32.7174002322365,5.));
#7212=CARTESIAN_POINT('Ctrl Pts',(-32.8080382351165,-33.0012633060057,5.));
#7213=CARTESIAN_POINT('',(-34.0767970089203,-33.0967612718184,5.));
#7214=CARTESIAN_POINT('',(-15.2614445413531,-31.6805520413478,5.));
#7215=CARTESIAN_POINT('',(-34.7691562179809,-31.6642917846281,5.));
#7216=CARTESIAN_POINT('Ctrl Pts',(-34.0767970089203,-33.0967612718184,5.));
#7217=CARTESIAN_POINT('Ctrl Pts',(-34.124486373469,-32.8058620038205,5.));
#7218=CARTESIAN_POINT('Ctrl Pts',(-34.2142953088752,-32.2580385254297,5.));
#7219=CARTESIAN_POINT('Ctrl Pts',(-34.5920110047211,-31.8538517109007,5.));
#7220=CARTESIAN_POINT('Ctrl Pts',(-34.7691562179809,-31.6642917846281,5.));
#7221=CARTESIAN_POINT('',(-36.5119948391204,-31.1799808000166,5.));
#7222=CARTESIAN_POINT('Ctrl Pts',(-34.7691562179809,-31.6642917846281,5.));
#7223=CARTESIAN_POINT('Ctrl Pts',(-35.0068401267687,-31.5234801364651,5.));
#7224=CARTESIAN_POINT('Ctrl Pts',(-35.5414212681845,-31.2067769486746,5.));
#7225=CARTESIAN_POINT('Ctrl Pts',(-36.1654306754955,-31.1895489410892,5.));
#7226=CARTESIAN_POINT('Ctrl Pts',(-36.5119948391204,-31.1799808000166,5.));
#7227=CARTESIAN_POINT('',(-38.2616534237152,-31.619953677519,5.));
#7228=CARTESIAN_POINT('Ctrl Pts',(-36.5119948391204,-31.1799808000166,5.));
#7229=CARTESIAN_POINT('Ctrl Pts',(-36.8665409650872,-31.1853663718005,5.));
#7230=CARTESIAN_POINT('Ctrl Pts',(-37.4877087235456,-31.1948019383122,5.));
#7231=CARTESIAN_POINT('Ctrl Pts',(-38.0292217214207,-31.4922717611552,5.));
#7232=CARTESIAN_POINT('Ctrl Pts',(-38.2616534237152,-31.619953677519,5.));
#7233=CARTESIAN_POINT('',(-38.8107671741729,-32.6806630347807,5.));
#7234=CARTESIAN_POINT('Ctrl Pts',(-38.2616534237152,-31.619953677519,5.));
#7235=CARTESIAN_POINT('Ctrl Pts',(-38.4217483880283,-31.7701137115665,5.));
#7236=CARTESIAN_POINT('Ctrl Pts',(-38.7306937901409,-32.0598870489045,5.));
#7237=CARTESIAN_POINT('Ctrl Pts',(-38.7847316421079,-32.4788202716599,5.));
#7238=CARTESIAN_POINT('Ctrl Pts',(-38.8107671741729,-32.6806630347807,5.));
#7239=CARTESIAN_POINT('',(-38.4219541553741,-33.5674293492872,5.));
#7240=CARTESIAN_POINT('Ctrl Pts',(-38.8107671741729,-32.6806630347807,5.));
#7241=CARTESIAN_POINT('Ctrl Pts',(-38.7951738555015,-32.8517847359793,5.));
#7242=CARTESIAN_POINT('Ctrl Pts',(-38.7642727790539,-33.1908943817186,5.));
#7243=CARTESIAN_POINT('Ctrl Pts',(-38.5353552108558,-33.4426933291168,5.));
#7244=CARTESIAN_POINT('Ctrl Pts',(-38.4219541553741,-33.5674293492872,5.));
#7245=CARTESIAN_POINT('',(-36.4267280105835,-34.2802532170851,5.));
#7246=CARTESIAN_POINT('Ctrl Pts',(-38.4219541553741,-33.5674293492872,5.));
#7247=CARTESIAN_POINT('Ctrl Pts',(-38.19545929288,-33.6936586124889,5.));
#7248=CARTESIAN_POINT('Ctrl Pts',(-37.5728984002841,-34.0406219029811,5.));
#7249=CARTESIAN_POINT('Ctrl Pts',(-36.8723859310188,-34.1870789438056,5.));
#7250=CARTESIAN_POINT('Ctrl Pts',(-36.4267280105835,-34.2802532170851,5.));
#7251=CARTESIAN_POINT('',(-34.213222504068,-34.918043181761,5.));
#7252=CARTESIAN_POINT('Ctrl Pts',(-36.4267280105835,-34.2802532170851,5.));
#7253=CARTESIAN_POINT('Ctrl Pts',(-35.9698461107114,-34.3823265188625,5.));
#7254=CARTESIAN_POINT('Ctrl Pts',(-35.2186510882933,-34.5501531634252,5.));
#7255=CARTESIAN_POINT('Ctrl Pts',(-34.4962531313717,-34.8144812338494,5.));
#7256=CARTESIAN_POINT('Ctrl Pts',(-34.213222504068,-34.918043181761,5.));
#7257=CARTESIAN_POINT('',(-32.92400026362,-35.9378250096876,5.));
#7258=CARTESIAN_POINT('Ctrl Pts',(-34.213222504068,-34.918043181761,5.));
#7259=CARTESIAN_POINT('Ctrl Pts',(-33.9467408179195,-35.0533239981083,5.));
#7260=CARTESIAN_POINT('Ctrl Pts',(-33.4473403227973,-35.306847261342,5.));
#7261=CARTESIAN_POINT('Ctrl Pts',(-33.0904518955653,-35.7371385266035,5.));
#7262=CARTESIAN_POINT('Ctrl Pts',(-32.92400026362,-35.9378250096876,5.));
#7263=CARTESIAN_POINT('',(-32.5079014305359,-37.3600621675093,5.));
#7264=CARTESIAN_POINT('Ctrl Pts',(-32.92400026362,-35.9378250096876,5.));
#7265=CARTESIAN_POINT('Ctrl Pts',(-32.8026527081376,-36.1541045139598,5.));
#7266=CARTESIAN_POINT('Ctrl Pts',(-32.554792350126,-36.5958696170669,5.));
#7267=CARTESIAN_POINT('Ctrl Pts',(-32.5237473892631,-37.1018167818391,5.));
#7268=CARTESIAN_POINT('Ctrl Pts',(-32.5079014305359,-37.3600621675093,5.));
#7269=CARTESIAN_POINT('',(-32.9649283890014,-38.8641555760939,5.));
#7270=CARTESIAN_POINT('Ctrl Pts',(-32.5079014305359,-37.3600621675093,5.));
#7271=CARTESIAN_POINT('Ctrl Pts',(-32.527983368505,-37.6238485172286,5.));
#7272=CARTESIAN_POINT('Ctrl Pts',(-32.5687147696928,-38.158875946096,5.));
#7273=CARTESIAN_POINT('Ctrl Pts',(-32.831636056973,-38.6268887027881,5.));
#7274=CARTESIAN_POINT('Ctrl Pts',(-32.9649283890014,-38.8641555760939,5.));
#7275=CARTESIAN_POINT('',(-34.2780246738678,-39.9623818849165,5.));
#7276=CARTESIAN_POINT('Ctrl Pts',(-32.9649283890014,-38.8641555760939,5.));
#7277=CARTESIAN_POINT('Ctrl Pts',(-33.1379539962023,-39.0882380402291,5.));
#7278=CARTESIAN_POINT('Ctrl Pts',(-33.4946997661884,-39.5502533020249,5.));
#7279=CARTESIAN_POINT('Ctrl Pts',(-34.0117496492522,-39.8222873373305,5.));
#7280=CARTESIAN_POINT('Ctrl Pts',(-34.2780246738678,-39.9623818849165,5.));
#7281=CARTESIAN_POINT('',(-36.2050368789917,-40.3546054814894,5.));
#7282=CARTESIAN_POINT('Ctrl Pts',(-34.2780246738678,-39.9623818849165,5.));
#7283=CARTESIAN_POINT('Ctrl Pts',(-34.5779068602717,-40.0767450205283,5.));
#7284=CARTESIAN_POINT('Ctrl Pts',(-35.1983002572026,-40.3133383808632,5.));
#7285=CARTESIAN_POINT('Ctrl Pts',(-35.8621005485987,-40.3405481920769,5.));
#7286=CARTESIAN_POINT('Ctrl Pts',(-36.2050368789917,-40.3546054814894,5.));
#7287=CARTESIAN_POINT('Ctrl Pts',(-36.2050368789917,-40.3546054814894,5.));
#7288=CARTESIAN_POINT('Ctrl Pts',(-36.6249141683193,-40.3439489485968,5.));
#7289=CARTESIAN_POINT('Ctrl Pts',(-37.4036302375722,-40.3241850470549,5.));
#7290=CARTESIAN_POINT('Ctrl Pts',(-38.1404167040093,-40.0741770512319,5.));
#7291=CARTESIAN_POINT('Ctrl Pts',(-38.4799339775329,-39.9589713071425,5.));
#7292=CARTESIAN_POINT('',(-41.8462374214416,-39.0039916490156,5.));
#7293=CARTESIAN_POINT('',(-41.8462374214416,-40.1840730165083,5.));
#7294=CARTESIAN_POINT('',(-41.8462374214416,-19.5019958245078,5.));
#7295=CARTESIAN_POINT('',(-49.3087207679039,-40.1840730165083,5.));
#7296=CARTESIAN_POINT('',(-20.9231187107208,-40.1840730165083,5.));
#7297=CARTESIAN_POINT('',(-49.3087207679039,-30.1840730165083,5.));
#7298=CARTESIAN_POINT('',(-49.3087207679039,-20.0920365082542,5.));
#7299=CARTESIAN_POINT('',(-42.0781614784485,-30.1840730165083,5.));
#7300=CARTESIAN_POINT('',(-24.6543603839519,-30.1840730165083,5.));
#7301=CARTESIAN_POINT('',(-42.0781614784485,-31.3641549800474,5.));
#7302=CARTESIAN_POINT('',(-42.0781614784485,-15.0920365082542,5.));
#7303=CARTESIAN_POINT('',(-47.9853920046573,-31.3641549800474,5.));
#7304=CARTESIAN_POINT('',(-21.0390807392242,-31.3641549800474,5.));
#7305=CARTESIAN_POINT('',(-47.9853920046573,-34.4269104455549,5.));
#7306=CARTESIAN_POINT('',(-47.9853920046573,-15.6820774900237,5.));
#7307=CARTESIAN_POINT('',(-42.4533321861511,-34.4269104455549,5.));
#7308=CARTESIAN_POINT('',(-23.9926960023286,-34.4269104455549,5.));
#7309=CARTESIAN_POINT('',(-42.4533321861511,-35.600171253546,5.));
#7310=CARTESIAN_POINT('',(-42.4533321861511,-17.2134552227775,5.));
#7311=CARTESIAN_POINT('',(-47.9853920046573,-35.600171253546,5.));
#7312=CARTESIAN_POINT('',(-21.2266660930755,-35.6001712535459,5.));
#7313=CARTESIAN_POINT('',(-47.9853920046573,-39.0039916490156,5.));
#7314=CARTESIAN_POINT('',(-47.9853920046573,-17.800085626773,5.));
#7315=CARTESIAN_POINT('',(-23.9926960023286,-39.0039916490156,5.));
#7316=CARTESIAN_POINT('Origin',(0.,0.,5.));
#7317=CARTESIAN_POINT('',(-67.5476494444635,-16.6787871615719,5.));
#7318=CARTESIAN_POINT('',(-6.33752409104529,-16.6787871615719,5.));
#7319=CARTESIAN_POINT('',(-33.7738247222318,-16.6787871615719,5.));
#7320=CARTESIAN_POINT('',(-6.33752409104529,-53.6778273310927,5.));
#7321=CARTESIAN_POINT('',(-6.33752409104529,-8.33939358078596,5.));
#7322=CARTESIAN_POINT('',(-67.5476494444635,-53.6778273310927,5.));
#7323=CARTESIAN_POINT('',(-3.16876204552265,-53.6778273310927,5.));
#7324=CARTESIAN_POINT('',(-67.5476494444635,-26.8389136655464,5.));
#7325=CARTESIAN_POINT('Origin',(-36.9425867677544,-35.1783072463323,3.));
#7326=CARTESIAN_POINT('',(-6.33752409104528,-16.6787871615719,3.));
#7327=CARTESIAN_POINT('',(-6.33752409104529,-53.6778273310927,3.));
#7328=CARTESIAN_POINT('',(-6.33752409104529,-53.6778273310927,3.));
#7329=CARTESIAN_POINT('',(-67.5476494444635,-16.6787871615719,3.));
#7330=CARTESIAN_POINT('',(-6.33752409104529,-16.6787871615719,3.));
#7331=CARTESIAN_POINT('',(-67.5476494444635,-53.6778273310927,3.));
#7332=CARTESIAN_POINT('',(-67.5476494444635,-16.6787871615719,3.));
#7333=CARTESIAN_POINT('',(-67.5476494444635,-53.6778273310927,3.));
#7334=CARTESIAN_POINT('',(-66.5476494295624,-17.6787871764731,3.));
#7335=CARTESIAN_POINT('',(-66.5476494295624,-52.6778273161916,3.));
#7336=CARTESIAN_POINT('',(-66.5476494295624,-17.6787871764731,3.));
#7337=CARTESIAN_POINT('',(-7.33752410594645,-17.6787871764731,3.));
#7338=CARTESIAN_POINT('',(-7.33752410594645,-17.6787871764731,3.));
#7339=CARTESIAN_POINT('',(-7.33752410594645,-52.6778273161916,3.));
#7340=CARTESIAN_POINT('',(-7.33752410594645,-52.6778273161916,3.));
#7341=CARTESIAN_POINT('',(-66.5476494295624,-52.6778273161916,3.));
#7342=CARTESIAN_POINT('Origin',(-6.33752409104529,-16.6787871615719,5.));
#7343=CARTESIAN_POINT('',(-6.33752409104529,-16.6787871615719,5.));
#7344=CARTESIAN_POINT('',(-6.33752409104529,-53.6778273310927,5.));
#7345=CARTESIAN_POINT('Origin',(-6.33752409104529,-53.6778273310927,5.));
#7346=CARTESIAN_POINT('',(-67.5476494444635,-53.6778273310927,5.));
#7347=CARTESIAN_POINT('Origin',(-67.5476494444635,-53.6778273310927,5.));
#7348=CARTESIAN_POINT('',(-67.5476494444635,-16.6787871615719,5.));
#7349=CARTESIAN_POINT('Origin',(-67.5476494444635,-16.6787871615719,5.));
#7350=CARTESIAN_POINT('Origin',(-66.5476494295624,-17.6787871764731,5.));
#7351=CARTESIAN_POINT('',(-66.5476494295624,-17.6787871764731,5.));
#7352=CARTESIAN_POINT('',(-66.5476494295624,-52.6778273161916,5.));
#7353=CARTESIAN_POINT('Origin',(-66.5476494295624,-52.6778273161916,5.));
#7354=CARTESIAN_POINT('',(-7.33752410594645,-52.6778273161916,5.));
#7355=CARTESIAN_POINT('Origin',(-7.33752410594645,-52.6778273161916,5.));
#7356=CARTESIAN_POINT('',(-7.33752410594645,-17.6787871764731,5.));
#7357=CARTESIAN_POINT('Origin',(-7.33752410594645,-17.6787871764731,5.));
#7358=CARTESIAN_POINT('Origin',(-36.1879844371563,-35.1840736125548,3.));
#7359=CARTESIAN_POINT('',(-29.3769338135009,-40.1840730165083,3.));
#7360=CARTESIAN_POINT('',(-30.7002618316894,-40.1840730165083,3.));
#7361=CARTESIAN_POINT('',(-29.3769338135009,-40.1840730165083,3.));
#7362=CARTESIAN_POINT('',(-29.3769338135009,-36.1185886119444,3.));
#7363=CARTESIAN_POINT('',(-29.3769338135009,-36.1185886119444,3.));
#7364=CARTESIAN_POINT('',(-26.8121316437011,-36.1185886119444,3.));
#7365=CARTESIAN_POINT('',(-26.8121316437011,-36.1185886119444,3.));
#7366=CARTESIAN_POINT('',(-23.8789799217468,-35.2352328752119,3.));
#7367=CARTESIAN_POINT('Ctrl Pts',(-23.8789799217468,-35.2352328752119,3.));
#7368=CARTESIAN_POINT('Ctrl Pts',(-24.2468373935146,-35.4913157040483,3.));
#7369=CARTESIAN_POINT('Ctrl Pts',(-25.1192598262985,-36.0986498529346,3.));
#7370=CARTESIAN_POINT('Ctrl Pts',(-26.1918181924677,-36.1112825180704,3.));
#7371=CARTESIAN_POINT('Ctrl Pts',(-26.8121316437011,-36.1185886119444,3.));
#7372=CARTESIAN_POINT('',(-23.0672481064087,-33.0762966130812,3.));
#7373=CARTESIAN_POINT('Ctrl Pts',(-23.0672481064087,-33.0762966130812,3.));
#7374=CARTESIAN_POINT('Ctrl Pts',(-23.0987085039397,-33.4825462956042,3.));
#7375=CARTESIAN_POINT('Ctrl Pts',(-23.160576717499,-34.2814536232023,3.));
#7376=CARTESIAN_POINT('Ctrl Pts',(-23.642243766469,-34.9209330060445,3.));
#7377=CARTESIAN_POINT('Ctrl Pts',(-23.8789799217468,-35.2352328752119,3.));
#7378=CARTESIAN_POINT('',(-23.3707931045776,-31.7120404695112,3.));
#7379=CARTESIAN_POINT('Ctrl Pts',(-23.3707931045776,-31.7120404695112,3.));
#7380=CARTESIAN_POINT('Ctrl Pts',(-23.2822693215807,-31.926343350074,3.));
#7381=CARTESIAN_POINT('Ctrl Pts',(-23.1017855843087,-32.363267569563,3.));
#7382=CARTESIAN_POINT('Ctrl Pts',(-23.0789057993082,-32.8356225939237,3.));
#7383=CARTESIAN_POINT('Ctrl Pts',(-23.0672481064087,-33.0762966130812,3.));
#7384=CARTESIAN_POINT('',(-24.1722943786865,-30.7468284820158,3.));
#7385=CARTESIAN_POINT('Ctrl Pts',(-24.1722943786865,-30.7468284820158,3.));
#7386=CARTESIAN_POINT('Ctrl Pts',(-24.0127944495705,-30.8765331058678,3.));
#7387=CARTESIAN_POINT('Ctrl Pts',(-23.6823541113661,-31.1452457003491,3.));
#7388=CARTESIAN_POINT('Ctrl Pts',(-23.4770165011559,-31.5187978485433,3.));
#7389=CARTESIAN_POINT('Ctrl Pts',(-23.3707931045776,-31.7120404695112,3.));
#7390=CARTESIAN_POINT('',(-25.4069473747497,-30.279570982321,3.));
#7391=CARTESIAN_POINT('Ctrl Pts',(-25.4069473747497,-30.279570982321,3.));
#7392=CARTESIAN_POINT('Ctrl Pts',(-25.1764027518244,-30.3263256042484,3.));
#7393=CARTESIAN_POINT('Ctrl Pts',(-24.7390149757488,-30.4150281723093,3.));
#7394=CARTESIAN_POINT('Ctrl Pts',(-24.354251298067,-30.6402973932983,3.));
#7395=CARTESIAN_POINT('Ctrl Pts',(-24.1722943786865,-30.7468284820158,3.));
#7396=CARTESIAN_POINT('',(-26.9280936722046,-30.1840730165083,3.));
#7397=CARTESIAN_POINT('Ctrl Pts',(-26.9280936722046,-30.1840730165083,3.));
#7398=CARTESIAN_POINT('Ctrl Pts',(-26.6348592762914,-30.1849854959094,3.));
#7399=CARTESIAN_POINT('Ctrl Pts',(-26.1257181405508,-30.1865698284606,3.));
#7400=CARTESIAN_POINT('Ctrl Pts',(-25.6209848996591,-30.2518768443105,3.));
#7401=CARTESIAN_POINT('Ctrl Pts',(-25.4069473747497,-30.279570982321,3.));
#7402=CARTESIAN_POINT('',(-30.7002618316894,-30.1840730165083,3.));
#7403=CARTESIAN_POINT('',(-30.7002618316894,-30.1840730165083,3.));
#7404=CARTESIAN_POINT('',(-30.7002618316894,-40.1840730165083,3.));
#7405=CARTESIAN_POINT('',(-29.3769338135009,-31.3641549800474,3.));
#7406=CARTESIAN_POINT('',(-29.3769338135009,-34.9385066484053,3.));
#7407=CARTESIAN_POINT('',(-29.3769338135009,-31.3641549800474,3.));
#7408=CARTESIAN_POINT('',(-26.8189527992492,-31.3641549800474,3.));
#7409=CARTESIAN_POINT('',(-26.8189527992492,-31.3641549800474,3.));
#7410=CARTESIAN_POINT('',(-25.584299803186,-31.452831790312,3.));
#7411=CARTESIAN_POINT('Ctrl Pts',(-25.584299803186,-31.452831790312,3.));
#7412=CARTESIAN_POINT('Ctrl Pts',(-25.7426094855916,-31.4272729172918,3.));
#7413=CARTESIAN_POINT('Ctrl Pts',(-26.1510948283652,-31.3613235397935,3.));
#7414=CARTESIAN_POINT('Ctrl Pts',(-26.5652839041711,-31.3630795293498,3.));
#7415=CARTESIAN_POINT('Ctrl Pts',(-26.8189527992492,-31.3641549800474,3.));
#7416=CARTESIAN_POINT('',(-24.7486927513366,-32.0428724740583,3.));
#7417=CARTESIAN_POINT('Ctrl Pts',(-24.7486927513366,-32.0428724740583,3.));
#7418=CARTESIAN_POINT('Ctrl Pts',(-24.862364344973,-31.9067119790195,3.));
#7419=CARTESIAN_POINT('Ctrl Pts',(-25.0885597008911,-31.6357659083959,3.));
#7420=CARTESIAN_POINT('Ctrl Pts',(-25.4196130806868,-31.5136031908928,3.));
#7421=CARTESIAN_POINT('Ctrl Pts',(-25.584299803186,-31.452831790312,3.));
#7422=CARTESIAN_POINT('',(-24.4315030578857,-33.1172241424162,3.));
#7423=CARTESIAN_POINT('Ctrl Pts',(-24.4315030578857,-33.1172241424162,3.));
#7424=CARTESIAN_POINT('Ctrl Pts',(-24.4426876216236,-32.9185040707834,3.));
#7425=CARTESIAN_POINT('Ctrl Pts',(-24.4642715833451,-32.5350142432016,3.));
#7426=CARTESIAN_POINT('Ctrl Pts',(-24.6562131323041,-32.2028925022502,3.));
#7427=CARTESIAN_POINT('Ctrl Pts',(-24.7486927513366,-32.0428724740583,3.));
#7428=CARTESIAN_POINT('',(-24.9703838829284,-34.4610168193419,3.));
#7429=CARTESIAN_POINT('Ctrl Pts',(-24.9703838829284,-34.4610168193419,3.));
#7430=CARTESIAN_POINT('Ctrl Pts',(-24.81332923798,-34.2787158273806,3.));
#7431=CARTESIAN_POINT('Ctrl Pts',(-24.481732266996,-33.8938150384762,3.));
#7432=CARTESIAN_POINT('Ctrl Pts',(-24.4488246194492,-33.3850318036165,3.));
#7433=CARTESIAN_POINT('Ctrl Pts',(-24.4315030578857,-33.1172241424162,3.));
#7434=CARTESIAN_POINT('',(-26.7916657928711,-34.9385066484053,3.));
#7435=CARTESIAN_POINT('Ctrl Pts',(-26.7916657928711,-34.9385066484053,3.));
#7436=CARTESIAN_POINT('Ctrl Pts',(-26.4158053082396,-34.9342288171406,3.));
#7437=CARTESIAN_POINT('Ctrl Pts',(-25.7644689773488,-34.9268156757384,3.));
#7438=CARTESIAN_POINT('Ctrl Pts',(-25.206409335313,-34.5994659434644,3.));
#7439=CARTESIAN_POINT('Ctrl Pts',(-24.9703838829284,-34.4610168193419,3.));
#7440=CARTESIAN_POINT('',(-29.3769338135009,-34.9385066484053,3.));
#7441=CARTESIAN_POINT('Origin',(-29.3769338135009,-40.1840730165083,5.));
#7442=CARTESIAN_POINT('',(-29.3769338135009,-40.1840730165083,5.));
#7443=CARTESIAN_POINT('',(-30.7002618316894,-40.1840730165083,5.));
#7444=CARTESIAN_POINT('Origin',(-30.7002618316894,-40.1840730165083,5.));
#7445=CARTESIAN_POINT('',(-30.7002618316894,-30.1840730165083,5.));
#7446=CARTESIAN_POINT('Origin',(-30.7002618316894,-30.1840730165083,5.));
#7447=CARTESIAN_POINT('',(-26.9280936722046,-30.1840730165083,5.));
#7448=CARTESIAN_POINT('Ctrl Pts',(-26.9280936722046,-30.1840730165083,5.));
#7449=CARTESIAN_POINT('Ctrl Pts',(-26.9280936722046,-30.1840730165083,3.));
#7450=CARTESIAN_POINT('Ctrl Pts',(-26.6348592762914,-30.1849854959094,5.));
#7451=CARTESIAN_POINT('Ctrl Pts',(-26.6348592762914,-30.1849854959094,3.));
#7452=CARTESIAN_POINT('Ctrl Pts',(-26.1257181405508,-30.1865698284606,5.));
#7453=CARTESIAN_POINT('Ctrl Pts',(-26.1257181405508,-30.1865698284606,3.));
#7454=CARTESIAN_POINT('Ctrl Pts',(-25.6209848996591,-30.2518768443105,5.));
#7455=CARTESIAN_POINT('Ctrl Pts',(-25.6209848996591,-30.2518768443105,3.));
#7456=CARTESIAN_POINT('Ctrl Pts',(-25.4069473747497,-30.279570982321,5.));
#7457=CARTESIAN_POINT('Ctrl Pts',(-25.4069473747497,-30.279570982321,3.));
#7458=CARTESIAN_POINT('',(-25.4069473747497,-30.279570982321,5.));
#7459=CARTESIAN_POINT('Ctrl Pts',(-25.4069473747497,-30.279570982321,5.));
#7460=CARTESIAN_POINT('Ctrl Pts',(-25.4069473747497,-30.279570982321,3.));
#7461=CARTESIAN_POINT('Ctrl Pts',(-25.1764027518244,-30.3263256042484,5.));
#7462=CARTESIAN_POINT('Ctrl Pts',(-25.1764027518244,-30.3263256042484,3.));
#7463=CARTESIAN_POINT('Ctrl Pts',(-24.7390149757488,-30.4150281723093,5.));
#7464=CARTESIAN_POINT('Ctrl Pts',(-24.7390149757488,-30.4150281723093,3.));
#7465=CARTESIAN_POINT('Ctrl Pts',(-24.354251298067,-30.6402973932983,5.));
#7466=CARTESIAN_POINT('Ctrl Pts',(-24.354251298067,-30.6402973932983,3.));
#7467=CARTESIAN_POINT('Ctrl Pts',(-24.1722943786865,-30.7468284820158,5.));
#7468=CARTESIAN_POINT('Ctrl Pts',(-24.1722943786865,-30.7468284820158,3.));
#7469=CARTESIAN_POINT('',(-24.1722943786865,-30.7468284820158,5.));
#7470=CARTESIAN_POINT('Ctrl Pts',(-24.1722943786865,-30.7468284820158,5.));
#7471=CARTESIAN_POINT('Ctrl Pts',(-24.1722943786865,-30.7468284820158,3.));
#7472=CARTESIAN_POINT('Ctrl Pts',(-24.0127944495705,-30.8765331058678,5.));
#7473=CARTESIAN_POINT('Ctrl Pts',(-24.0127944495705,-30.8765331058678,3.));
#7474=CARTESIAN_POINT('Ctrl Pts',(-23.6823541113661,-31.1452457003491,5.));
#7475=CARTESIAN_POINT('Ctrl Pts',(-23.6823541113661,-31.1452457003491,3.));
#7476=CARTESIAN_POINT('Ctrl Pts',(-23.4770165011559,-31.5187978485433,5.));
#7477=CARTESIAN_POINT('Ctrl Pts',(-23.4770165011559,-31.5187978485433,3.));
#7478=CARTESIAN_POINT('Ctrl Pts',(-23.3707931045776,-31.7120404695112,5.));
#7479=CARTESIAN_POINT('Ctrl Pts',(-23.3707931045776,-31.7120404695112,3.));
#7480=CARTESIAN_POINT('',(-23.3707931045776,-31.7120404695112,5.));
#7481=CARTESIAN_POINT('Ctrl Pts',(-23.3707931045776,-31.7120404695112,5.));
#7482=CARTESIAN_POINT('Ctrl Pts',(-23.3707931045776,-31.7120404695112,3.));
#7483=CARTESIAN_POINT('Ctrl Pts',(-23.2822693215807,-31.926343350074,5.));
#7484=CARTESIAN_POINT('Ctrl Pts',(-23.2822693215807,-31.926343350074,3.));
#7485=CARTESIAN_POINT('Ctrl Pts',(-23.1017855843087,-32.363267569563,5.));
#7486=CARTESIAN_POINT('Ctrl Pts',(-23.1017855843087,-32.363267569563,3.));
#7487=CARTESIAN_POINT('Ctrl Pts',(-23.0789057993082,-32.8356225939237,5.));
#7488=CARTESIAN_POINT('Ctrl Pts',(-23.0789057993082,-32.8356225939237,3.));
#7489=CARTESIAN_POINT('Ctrl Pts',(-23.0672481064087,-33.0762966130812,5.));
#7490=CARTESIAN_POINT('Ctrl Pts',(-23.0672481064087,-33.0762966130812,3.));
#7491=CARTESIAN_POINT('',(-23.0672481064087,-33.0762966130812,5.));
#7492=CARTESIAN_POINT('Ctrl Pts',(-23.0672481064087,-33.0762966130812,5.));
#7493=CARTESIAN_POINT('Ctrl Pts',(-23.0672481064087,-33.0762966130812,3.));
#7494=CARTESIAN_POINT('Ctrl Pts',(-23.0987085039397,-33.4825462956042,5.));
#7495=CARTESIAN_POINT('Ctrl Pts',(-23.0987085039397,-33.4825462956042,3.));
#7496=CARTESIAN_POINT('Ctrl Pts',(-23.160576717499,-34.2814536232023,5.));
#7497=CARTESIAN_POINT('Ctrl Pts',(-23.160576717499,-34.2814536232023,3.));
#7498=CARTESIAN_POINT('Ctrl Pts',(-23.642243766469,-34.9209330060445,5.));
#7499=CARTESIAN_POINT('Ctrl Pts',(-23.642243766469,-34.9209330060445,3.));
#7500=CARTESIAN_POINT('Ctrl Pts',(-23.8789799217468,-35.2352328752119,5.));
#7501=CARTESIAN_POINT('Ctrl Pts',(-23.8789799217468,-35.2352328752119,3.));
#7502=CARTESIAN_POINT('',(-23.8789799217468,-35.2352328752119,5.));
#7503=CARTESIAN_POINT('Ctrl Pts',(-23.8789799217468,-35.2352328752119,5.));
#7504=CARTESIAN_POINT('Ctrl Pts',(-23.8789799217468,-35.2352328752119,3.));
#7505=CARTESIAN_POINT('Ctrl Pts',(-24.2468373935146,-35.4913157040483,5.));
#7506=CARTESIAN_POINT('Ctrl Pts',(-24.2468373935146,-35.4913157040483,3.));
#7507=CARTESIAN_POINT('Ctrl Pts',(-25.1192598262985,-36.0986498529346,5.));
#7508=CARTESIAN_POINT('Ctrl Pts',(-25.1192598262985,-36.0986498529346,3.));
#7509=CARTESIAN_POINT('Ctrl Pts',(-26.1918181924677,-36.1112825180704,5.));
#7510=CARTESIAN_POINT('Ctrl Pts',(-26.1918181924677,-36.1112825180704,3.));
#7511=CARTESIAN_POINT('Ctrl Pts',(-26.8121316437011,-36.1185886119444,5.));
#7512=CARTESIAN_POINT('Ctrl Pts',(-26.8121316437011,-36.1185886119444,3.));
#7513=CARTESIAN_POINT('',(-26.8121316437011,-36.1185886119444,5.));
#7514=CARTESIAN_POINT('Origin',(-26.8121316437011,-36.1185886119444,5.));
#7515=CARTESIAN_POINT('',(-29.3769338135009,-36.1185886119444,5.));
#7516=CARTESIAN_POINT('Origin',(-29.3769338135009,-36.1185886119444,5.));
#7517=CARTESIAN_POINT('Origin',(-29.3769338135009,-31.3641549800474,5.));
#7518=CARTESIAN_POINT('',(-29.3769338135009,-31.3641549800474,5.));
#7519=CARTESIAN_POINT('',(-29.3769338135009,-34.9385066484053,5.));
#7520=CARTESIAN_POINT('Origin',(-29.3769338135009,-34.9385066484053,5.));
#7521=CARTESIAN_POINT('',(-26.7916657928711,-34.9385066484053,5.));
#7522=CARTESIAN_POINT('Ctrl Pts',(-26.7916657928711,-34.9385066484053,5.));
#7523=CARTESIAN_POINT('Ctrl Pts',(-26.7916657928711,-34.9385066484053,3.));
#7524=CARTESIAN_POINT('Ctrl Pts',(-26.4158053082396,-34.9342288171406,5.));
#7525=CARTESIAN_POINT('Ctrl Pts',(-26.4158053082396,-34.9342288171406,3.));
#7526=CARTESIAN_POINT('Ctrl Pts',(-25.7644689773488,-34.9268156757384,5.));
#7527=CARTESIAN_POINT('Ctrl Pts',(-25.7644689773488,-34.9268156757384,3.));
#7528=CARTESIAN_POINT('Ctrl Pts',(-25.206409335313,-34.5994659434644,5.));
#7529=CARTESIAN_POINT('Ctrl Pts',(-25.206409335313,-34.5994659434644,3.));
#7530=CARTESIAN_POINT('Ctrl Pts',(-24.9703838829284,-34.4610168193419,5.));
#7531=CARTESIAN_POINT('Ctrl Pts',(-24.9703838829284,-34.4610168193419,3.));
#7532=CARTESIAN_POINT('',(-24.9703838829284,-34.4610168193419,5.));
#7533=CARTESIAN_POINT('Ctrl Pts',(-24.9703838829284,-34.4610168193419,5.));
#7534=CARTESIAN_POINT('Ctrl Pts',(-24.9703838829284,-34.4610168193419,3.));
#7535=CARTESIAN_POINT('Ctrl Pts',(-24.81332923798,-34.2787158273806,5.));
#7536=CARTESIAN_POINT('Ctrl Pts',(-24.81332923798,-34.2787158273806,3.));
#7537=CARTESIAN_POINT('Ctrl Pts',(-24.481732266996,-33.8938150384762,5.));
#7538=CARTESIAN_POINT('Ctrl Pts',(-24.481732266996,-33.8938150384762,3.));
#7539=CARTESIAN_POINT('Ctrl Pts',(-24.4488246194492,-33.3850318036165,5.));
#7540=CARTESIAN_POINT('Ctrl Pts',(-24.4488246194492,-33.3850318036165,3.));
#7541=CARTESIAN_POINT('Ctrl Pts',(-24.4315030578857,-33.1172241424162,5.));
#7542=CARTESIAN_POINT('Ctrl Pts',(-24.4315030578857,-33.1172241424162,3.));
#7543=CARTESIAN_POINT('',(-24.4315030578857,-33.1172241424162,5.));
#7544=CARTESIAN_POINT('Ctrl Pts',(-24.4315030578857,-33.1172241424162,5.));
#7545=CARTESIAN_POINT('Ctrl Pts',(-24.4315030578857,-33.1172241424162,3.));
#7546=CARTESIAN_POINT('Ctrl Pts',(-24.4426876216236,-32.9185040707834,5.));
#7547=CARTESIAN_POINT('Ctrl Pts',(-24.4426876216236,-32.9185040707834,3.));
#7548=CARTESIAN_POINT('Ctrl Pts',(-24.4642715833451,-32.5350142432016,5.));
#7549=CARTESIAN_POINT('Ctrl Pts',(-24.4642715833451,-32.5350142432016,3.));
#7550=CARTESIAN_POINT('Ctrl Pts',(-24.6562131323041,-32.2028925022502,5.));
#7551=CARTESIAN_POINT('Ctrl Pts',(-24.6562131323041,-32.2028925022502,3.));
#7552=CARTESIAN_POINT('Ctrl Pts',(-24.7486927513366,-32.0428724740583,5.));
#7553=CARTESIAN_POINT('Ctrl Pts',(-24.7486927513366,-32.0428724740583,3.));
#7554=CARTESIAN_POINT('',(-24.7486927513366,-32.0428724740583,5.));
#7555=CARTESIAN_POINT('Ctrl Pts',(-24.7486927513366,-32.0428724740583,5.));
#7556=CARTESIAN_POINT('Ctrl Pts',(-24.7486927513366,-32.0428724740583,3.));
#7557=CARTESIAN_POINT('Ctrl Pts',(-24.862364344973,-31.9067119790195,5.));
#7558=CARTESIAN_POINT('Ctrl Pts',(-24.862364344973,-31.9067119790195,3.));
#7559=CARTESIAN_POINT('Ctrl Pts',(-25.0885597008911,-31.6357659083959,5.));
#7560=CARTESIAN_POINT('Ctrl Pts',(-25.0885597008911,-31.6357659083959,3.));
#7561=CARTESIAN_POINT('Ctrl Pts',(-25.4196130806868,-31.5136031908928,5.));
#7562=CARTESIAN_POINT('Ctrl Pts',(-25.4196130806868,-31.5136031908928,3.));
#7563=CARTESIAN_POINT('Ctrl Pts',(-25.584299803186,-31.452831790312,5.));
#7564=CARTESIAN_POINT('Ctrl Pts',(-25.584299803186,-31.452831790312,3.));
#7565=CARTESIAN_POINT('',(-25.584299803186,-31.452831790312,5.));
#7566=CARTESIAN_POINT('Ctrl Pts',(-25.584299803186,-31.452831790312,5.));
#7567=CARTESIAN_POINT('Ctrl Pts',(-25.584299803186,-31.452831790312,3.));
#7568=CARTESIAN_POINT('Ctrl Pts',(-25.7426094855916,-31.4272729172918,5.));
#7569=CARTESIAN_POINT('Ctrl Pts',(-25.7426094855916,-31.4272729172918,3.));
#7570=CARTESIAN_POINT('Ctrl Pts',(-26.1510948283652,-31.3613235397935,5.));
#7571=CARTESIAN_POINT('Ctrl Pts',(-26.1510948283652,-31.3613235397935,3.));
#7572=CARTESIAN_POINT('Ctrl Pts',(-26.5652839041711,-31.3630795293498,5.));
#7573=CARTESIAN_POINT('Ctrl Pts',(-26.5652839041711,-31.3630795293498,3.));
#7574=CARTESIAN_POINT('Ctrl Pts',(-26.8189527992492,-31.3641549800474,5.));
#7575=CARTESIAN_POINT('Ctrl Pts',(-26.8189527992492,-31.3641549800474,3.));
#7576=CARTESIAN_POINT('',(-26.8189527992492,-31.3641549800474,5.));
#7577=CARTESIAN_POINT('Origin',(-26.8189527992492,-31.3641549800474,5.));
#7578=CARTESIAN_POINT('Origin',(-36.1879844371563,-35.1840736125548,3.));
#7579=CARTESIAN_POINT('',(-39.9192252163177,-38.7686570142347,3.));
#7580=CARTESIAN_POINT('',(-40.468338370729,-36.9712491487105,3.));
#7581=CARTESIAN_POINT('Ctrl Pts',(-39.9192252163177,-38.7686570142347,3.));
#7582=CARTESIAN_POINT('Ctrl Pts',(-40.0726165861143,-38.4927841085215,3.));
#7583=CARTESIAN_POINT('Ctrl Pts',(-40.3838208008575,-37.9330863164927,3.));
#7584=CARTESIAN_POINT('Ctrl Pts',(-40.4399002619783,-37.294883986052,3.));
#7585=CARTESIAN_POINT('Ctrl Pts',(-40.468338370729,-36.9712491487105,3.));
#7586=CARTESIAN_POINT('',(-38.4799339775329,-39.9589713071425,3.));
#7587=CARTESIAN_POINT('Ctrl Pts',(-38.4799339775329,-39.9589713071425,3.));
#7588=CARTESIAN_POINT('Ctrl Pts',(-38.7680819163855,-39.8122609993773,3.));
#7589=CARTESIAN_POINT('Ctrl Pts',(-39.3368476641554,-39.5226743438769,3.));
#7590=CARTESIAN_POINT('Ctrl Pts',(-39.7268203700456,-39.0177679009055,3.));
#7591=CARTESIAN_POINT('Ctrl Pts',(-39.9192252163177,-38.7686570142347,3.));
#7592=CARTESIAN_POINT('',(-36.2050368789917,-40.3546054814894,3.));
#7593=CARTESIAN_POINT('Ctrl Pts',(-36.2050368789917,-40.3546054814894,3.));
#7594=CARTESIAN_POINT('Ctrl Pts',(-36.6249141683193,-40.3439489485968,3.));
#7595=CARTESIAN_POINT('Ctrl Pts',(-37.4036302375722,-40.3241850470549,3.));
#7596=CARTESIAN_POINT('Ctrl Pts',(-38.1404167040093,-40.0741770512319,3.));
#7597=CARTESIAN_POINT('Ctrl Pts',(-38.4799339775329,-39.9589713071425,3.));
#7598=CARTESIAN_POINT('',(-34.2780246738678,-39.9623818849165,3.));
#7599=CARTESIAN_POINT('Ctrl Pts',(-34.2780246738678,-39.9623818849165,3.));
#7600=CARTESIAN_POINT('Ctrl Pts',(-34.5779068602717,-40.0767450205283,3.));
#7601=CARTESIAN_POINT('Ctrl Pts',(-35.1983002572026,-40.3133383808632,3.));
#7602=CARTESIAN_POINT('Ctrl Pts',(-35.8621005485987,-40.3405481920769,3.));
#7603=CARTESIAN_POINT('Ctrl Pts',(-36.2050368789917,-40.3546054814894,3.));
#7604=CARTESIAN_POINT('',(-32.9649283890014,-38.8641555760939,3.));
#7605=CARTESIAN_POINT('Ctrl Pts',(-32.9649283890014,-38.8641555760939,3.));
#7606=CARTESIAN_POINT('Ctrl Pts',(-33.1379539962023,-39.0882380402291,3.));
#7607=CARTESIAN_POINT('Ctrl Pts',(-33.4946997661884,-39.5502533020249,3.));
#7608=CARTESIAN_POINT('Ctrl Pts',(-34.0117496492522,-39.8222873373305,3.));
#7609=CARTESIAN_POINT('Ctrl Pts',(-34.2780246738678,-39.9623818849165,3.));
#7610=CARTESIAN_POINT('',(-32.5079014305359,-37.3600621675093,3.));
#7611=CARTESIAN_POINT('Ctrl Pts',(-32.5079014305359,-37.3600621675093,3.));
#7612=CARTESIAN_POINT('Ctrl Pts',(-32.527983368505,-37.6238485172286,3.));
#7613=CARTESIAN_POINT('Ctrl Pts',(-32.5687147696928,-38.158875946096,3.));
#7614=CARTESIAN_POINT('Ctrl Pts',(-32.831636056973,-38.6268887027881,3.));
#7615=CARTESIAN_POINT('Ctrl Pts',(-32.9649283890014,-38.8641555760939,3.));
#7616=CARTESIAN_POINT('',(-32.92400026362,-35.9378250096876,3.));
#7617=CARTESIAN_POINT('Ctrl Pts',(-32.92400026362,-35.9378250096876,3.));
#7618=CARTESIAN_POINT('Ctrl Pts',(-32.8026527081376,-36.1541045139598,3.));
#7619=CARTESIAN_POINT('Ctrl Pts',(-32.554792350126,-36.5958696170669,3.));
#7620=CARTESIAN_POINT('Ctrl Pts',(-32.5237473892631,-37.1018167818391,3.));
#7621=CARTESIAN_POINT('Ctrl Pts',(-32.5079014305359,-37.3600621675093,3.));
#7622=CARTESIAN_POINT('',(-34.213222504068,-34.918043181761,3.));
#7623=CARTESIAN_POINT('Ctrl Pts',(-34.213222504068,-34.918043181761,3.));
#7624=CARTESIAN_POINT('Ctrl Pts',(-33.9467408179195,-35.0533239981083,3.));
#7625=CARTESIAN_POINT('Ctrl Pts',(-33.4473403227973,-35.306847261342,3.));
#7626=CARTESIAN_POINT('Ctrl Pts',(-33.0904518955653,-35.7371385266035,3.));
#7627=CARTESIAN_POINT('Ctrl Pts',(-32.92400026362,-35.9378250096876,3.));
#7628=CARTESIAN_POINT('',(-36.4267280105835,-34.2802532170851,3.));
#7629=CARTESIAN_POINT('Ctrl Pts',(-36.4267280105835,-34.2802532170851,3.));
#7630=CARTESIAN_POINT('Ctrl Pts',(-35.9698461107114,-34.3823265188625,3.));
#7631=CARTESIAN_POINT('Ctrl Pts',(-35.2186510882933,-34.5501531634252,3.));
#7632=CARTESIAN_POINT('Ctrl Pts',(-34.4962531313717,-34.8144812338494,3.));
#7633=CARTESIAN_POINT('Ctrl Pts',(-34.213222504068,-34.918043181761,3.));
#7634=CARTESIAN_POINT('',(-38.4219541553741,-33.5674293492872,3.));
#7635=CARTESIAN_POINT('Ctrl Pts',(-38.4219541553741,-33.5674293492872,3.));
#7636=CARTESIAN_POINT('Ctrl Pts',(-38.19545929288,-33.6936586124889,3.));
#7637=CARTESIAN_POINT('Ctrl Pts',(-37.5728984002841,-34.0406219029811,3.));
#7638=CARTESIAN_POINT('Ctrl Pts',(-36.8723859310188,-34.1870789438056,3.));
#7639=CARTESIAN_POINT('Ctrl Pts',(-36.4267280105835,-34.2802532170851,3.));
#7640=CARTESIAN_POINT('',(-38.8107671741729,-32.6806630347807,3.));
#7641=CARTESIAN_POINT('Ctrl Pts',(-38.8107671741729,-32.6806630347807,3.));
#7642=CARTESIAN_POINT('Ctrl Pts',(-38.7951738555015,-32.8517847359793,3.));
#7643=CARTESIAN_POINT('Ctrl Pts',(-38.7642727790539,-33.1908943817186,3.));
#7644=CARTESIAN_POINT('Ctrl Pts',(-38.5353552108558,-33.4426933291168,3.));
#7645=CARTESIAN_POINT('Ctrl Pts',(-38.4219541553741,-33.5674293492872,3.));
#7646=CARTESIAN_POINT('',(-38.2616534237152,-31.619953677519,3.));
#7647=CARTESIAN_POINT('Ctrl Pts',(-38.2616534237152,-31.619953677519,3.));
#7648=CARTESIAN_POINT('Ctrl Pts',(-38.4217483880283,-31.7701137115665,3.));
#7649=CARTESIAN_POINT('Ctrl Pts',(-38.7306937901409,-32.0598870489045,3.));
#7650=CARTESIAN_POINT('Ctrl Pts',(-38.7847316421079,-32.4788202716599,3.));
#7651=CARTESIAN_POINT('Ctrl Pts',(-38.8107671741729,-32.6806630347807,3.));
#7652=CARTESIAN_POINT('',(-36.5119948391204,-31.1799808000166,3.));
#7653=CARTESIAN_POINT('Ctrl Pts',(-36.5119948391204,-31.1799808000166,3.));
#7654=CARTESIAN_POINT('Ctrl Pts',(-36.8665409650872,-31.1853663718005,3.));
#7655=CARTESIAN_POINT('Ctrl Pts',(-37.4877087235456,-31.1948019383122,3.));
#7656=CARTESIAN_POINT('Ctrl Pts',(-38.0292217214207,-31.4922717611552,3.));
#7657=CARTESIAN_POINT('Ctrl Pts',(-38.2616534237152,-31.619953677519,3.));
#7658=CARTESIAN_POINT('',(-34.7691562179809,-31.6642917846281,3.));
#7659=CARTESIAN_POINT('Ctrl Pts',(-34.7691562179809,-31.6642917846281,3.));
#7660=CARTESIAN_POINT('Ctrl Pts',(-35.0068401267687,-31.5234801364651,3.));
#7661=CARTESIAN_POINT('Ctrl Pts',(-35.5414212681845,-31.2067769486746,3.));
#7662=CARTESIAN_POINT('Ctrl Pts',(-36.1654306754955,-31.1895489410892,3.));
#7663=CARTESIAN_POINT('Ctrl Pts',(-36.5119948391204,-31.1799808000166,3.));
#7664=CARTESIAN_POINT('',(-34.0767970089203,-33.0967612718184,3.));
#7665=CARTESIAN_POINT('Ctrl Pts',(-34.0767970089203,-33.0967612718184,3.));
#7666=CARTESIAN_POINT('Ctrl Pts',(-34.124486373469,-32.8058620038205,3.));
#7667=CARTESIAN_POINT('Ctrl Pts',(-34.2142953088752,-32.2580385254297,3.));
#7668=CARTESIAN_POINT('Ctrl Pts',(-34.5920110047211,-31.8538517109007,3.));
#7669=CARTESIAN_POINT('Ctrl Pts',(-34.7691562179809,-31.6642917846281,3.));
#7670=CARTESIAN_POINT('',(-32.8080382351165,-33.0012633060057,3.));
#7671=CARTESIAN_POINT('',(-32.8080382351165,-33.0012633060057,3.));
#7672=CARTESIAN_POINT('',(-33.2991697792297,-31.4255471681196,3.));
#7673=CARTESIAN_POINT('Ctrl Pts',(-33.2991697792297,-31.4255471681196,3.));
#7674=CARTESIAN_POINT('Ctrl Pts',(-33.1643759516861,-31.6672629788901,3.));
#7675=CARTESIAN_POINT('Ctrl Pts',(-32.8907228948323,-32.1579847850188,3.));
#7676=CARTESIAN_POINT('Ctrl Pts',(-32.8358714136884,-32.7174002322365,3.));
#7677=CARTESIAN_POINT('Ctrl Pts',(-32.8080382351165,-33.0012633060057,3.));
#7678=CARTESIAN_POINT('',(-34.6054461006408,-30.3716589664061,3.));
#7679=CARTESIAN_POINT('Ctrl Pts',(-34.6054461006408,-30.3716589664061,3.));
#7680=CARTESIAN_POINT('Ctrl Pts',(-34.3409135331935,-30.5017969638283,3.));
#7681=CARTESIAN_POINT('Ctrl Pts',(-33.8258346870166,-30.7551923404463,3.));
#7682=CARTESIAN_POINT('Ctrl Pts',(-33.471517744952,-31.2061775288036,3.));
#7683=CARTESIAN_POINT('Ctrl Pts',(-33.2991697792297,-31.4255471681196,3.));
#7684=CARTESIAN_POINT('',(-36.5665652755981,-30.0135417436201,3.));
#7685=CARTESIAN_POINT('Ctrl Pts',(-36.5665652755981,-30.0135417436201,3.));
#7686=CARTESIAN_POINT('Ctrl Pts',(-36.2144473433116,-30.0253694782569,3.));
#7687=CARTESIAN_POINT('Ctrl Pts',(-35.542579282819,-30.0479377044159,3.));
#7688=CARTESIAN_POINT('Ctrl Pts',(-34.9076273822699,-30.2672741172735,3.));
#7689=CARTESIAN_POINT('Ctrl Pts',(-34.6054461006408,-30.3716589664061,3.));
#7690=CARTESIAN_POINT('',(-38.4014894966369,-30.3546054814894,3.));
#7691=CARTESIAN_POINT('Ctrl Pts',(-38.4014894966369,-30.3546054814894,3.));
#7692=CARTESIAN_POINT('Ctrl Pts',(-38.1136987230241,-30.2551559051294,3.));
#7693=CARTESIAN_POINT('Ctrl Pts',(-37.5193942549193,-30.0497868210552,3.));
#7694=CARTESIAN_POINT('Ctrl Pts',(-36.8907762460217,-30.0258745462356,3.));
#7695=CARTESIAN_POINT('Ctrl Pts',(-36.5665652755981,-30.0135417436201,3.));
#7696=CARTESIAN_POINT('',(-39.6566059593444,-31.3539232467253,3.));
#7697=CARTESIAN_POINT('Ctrl Pts',(-39.6566059593444,-31.3539232467253,3.));
#7698=CARTESIAN_POINT('Ctrl Pts',(-39.4924582158778,-31.1459420524888,3.));
#7699=CARTESIAN_POINT('Ctrl Pts',(-39.1525811219255,-30.7153053443566,3.));
#7700=CARTESIAN_POINT('Ctrl Pts',(-38.657477071833,-30.4775394620586,3.));
#7701=CARTESIAN_POINT('Ctrl Pts',(-38.4014894966369,-30.3546054814894,3.));
#7702=CARTESIAN_POINT('',(-40.0863471035247,-32.7693392489988,3.));
#7703=CARTESIAN_POINT('Ctrl Pts',(-40.0863471035247,-32.7693392489988,3.));
#7704=CARTESIAN_POINT('Ctrl Pts',(-40.0677365085647,-32.5199996534535,3.));
#7705=CARTESIAN_POINT('Ctrl Pts',(-40.0301397492087,-32.0162886871057,3.));
#7706=CARTESIAN_POINT('Ctrl Pts',(-39.7819436667576,-31.5761772114794,3.));
#7707=CARTESIAN_POINT('Ctrl Pts',(-39.6566059593444,-31.3539232467253,3.));
#7708=CARTESIAN_POINT('',(-39.7350504402404,-34.0142233823378,3.));
#7709=CARTESIAN_POINT('Ctrl Pts',(-39.7350504402404,-34.0142233823378,3.));
#7710=CARTESIAN_POINT('Ctrl Pts',(-39.8375077069887,-33.8219848225769,3.));
#7711=CARTESIAN_POINT('Ctrl Pts',(-40.0449837689557,-33.4327015574336,3.));
#7712=CARTESIAN_POINT('Ctrl Pts',(-40.0724463065587,-32.9922725511747,3.));
#7713=CARTESIAN_POINT('Ctrl Pts',(-40.0863471035247,-32.7693392489988,3.));
#7714=CARTESIAN_POINT('',(-38.6675193313842,-34.9453283999998,3.));
#7715=CARTESIAN_POINT('Ctrl Pts',(-38.6675193313842,-34.9453283999998,3.));
#7716=CARTESIAN_POINT('Ctrl Pts',(-38.8874284411238,-34.8182879845097,3.));
#7717=CARTESIAN_POINT('Ctrl Pts',(-39.3046423489806,-34.5772655536282,3.));
#7718=CARTESIAN_POINT('Ctrl Pts',(-39.5968584198373,-34.1950005024775,3.));
#7719=CARTESIAN_POINT('Ctrl Pts',(-39.7350504402404,-34.0142233823378,3.));
#7720=CARTESIAN_POINT('',(-36.7370965484863,-35.5694760535795,3.));
#7721=CARTESIAN_POINT('Ctrl Pts',(-36.7370965484863,-35.5694760535795,3.));
#7722=CARTESIAN_POINT('Ctrl Pts',(-37.1319153351124,-35.4751439931215,3.));
#7723=CARTESIAN_POINT('Ctrl Pts',(-37.7922557185463,-35.3173721973433,3.));
#7724=CARTESIAN_POINT('Ctrl Pts',(-38.4165084927625,-35.0520242847658,3.));
#7725=CARTESIAN_POINT('Ctrl Pts',(-38.6675193313842,-34.9453283999998,3.));
#7726=CARTESIAN_POINT('',(-34.9567415718322,-36.0571976159651,3.));
#7727=CARTESIAN_POINT('Ctrl Pts',(-34.9567415718322,-36.0571976159651,3.));
#7728=CARTESIAN_POINT('Ctrl Pts',(-35.1715930758396,-35.9883187850227,3.));
#7729=CARTESIAN_POINT('Ctrl Pts',(-35.7578979806605,-35.8003564218714,3.));
#7730=CARTESIAN_POINT('Ctrl Pts',(-36.3573278365358,-35.6590198325043,3.));
#7731=CARTESIAN_POINT('Ctrl Pts',(-36.7370965484863,-35.5694760535795,3.));
#7732=CARTESIAN_POINT('',(-34.0563323501831,-36.6472382997114,3.));
#7733=CARTESIAN_POINT('Ctrl Pts',(-34.0563323501831,-36.6472382997114,3.));
#7734=CARTESIAN_POINT('Ctrl Pts',(-34.1714101486175,-36.531487531277,3.));
#7735=CARTESIAN_POINT('Ctrl Pts',(-34.4291998325085,-36.2721903044376,3.));
#7736=CARTESIAN_POINT('Ctrl Pts',(-34.7687610942562,-36.133806584018,3.));
#7737=CARTESIAN_POINT('Ctrl Pts',(-34.9567415718322,-36.0571976159651,3.));
#7738=CARTESIAN_POINT('',(-33.7834813598877,-37.4692030404646,3.));
#7739=CARTESIAN_POINT('Ctrl Pts',(-33.7834813598877,-37.4692030404646,3.));
#7740=CARTESIAN_POINT('Ctrl Pts',(-33.7941367407013,-37.3182153698357,3.));
#7741=CARTESIAN_POINT('Ctrl Pts',(-33.8151257426954,-37.0207993904975,3.));
#7742=CARTESIAN_POINT('Ctrl Pts',(-33.9767560741442,-36.7704795358757,3.));
#7743=CARTESIAN_POINT('Ctrl Pts',(-34.0563323501831,-36.6472382997114,3.));
#7744=CARTESIAN_POINT('',(-34.0665652755981,-38.3252735589583,3.));
#7745=CARTESIAN_POINT('Ctrl Pts',(-34.0665652755981,-38.3252735589583,3.));
#7746=CARTESIAN_POINT('Ctrl Pts',(-33.984002169423,-38.1924395268253,3.));
#7747=CARTESIAN_POINT('Ctrl Pts',(-33.8207178248189,-37.9297348045498,3.));
#7748=CARTESIAN_POINT('Ctrl Pts',(-33.7957998221401,-37.6215548591022,3.));
#7749=CARTESIAN_POINT('Ctrl Pts',(-33.7834813598877,-37.4692030404646,3.));
#7750=CARTESIAN_POINT('',(-34.9294569496399,-38.9426000569899,3.));
#7751=CARTESIAN_POINT('Ctrl Pts',(-34.9294569496399,-38.9426000569899,3.));
#7752=CARTESIAN_POINT('Ctrl Pts',(-34.7522519948484,-38.8655020626152,3.));
#7753=CARTESIAN_POINT('Ctrl Pts',(-34.4199381287344,-38.7209195783926,3.));
#7754=CARTESIAN_POINT('Ctrl Pts',(-34.179016480339,-38.4511770377951,3.));
#7755=CARTESIAN_POINT('Ctrl Pts',(-34.0665652755981,-38.3252735589583,3.));
#7756=CARTESIAN_POINT('',(-36.2664284710174,-39.1677017663557,3.));
#7757=CARTESIAN_POINT('Ctrl Pts',(-36.2664284710174,-39.1677017663557,3.));
#7758=CARTESIAN_POINT('Ctrl Pts',(-36.0268431963191,-39.1603589705756,3.));
#7759=CARTESIAN_POINT('Ctrl Pts',(-35.5706132962247,-39.1463764627216,3.));
#7760=CARTESIAN_POINT('Ctrl Pts',(-35.1358893100045,-39.0082097084359,3.));
#7761=CARTESIAN_POINT('Ctrl Pts',(-34.9294569496399,-38.9426000569899,3.));
#7762=CARTESIAN_POINT('',(-37.8012170795684,-38.870976731642,3.));
#7763=CARTESIAN_POINT('Ctrl Pts',(-37.8012170795684,-38.870976731642,3.));
#7764=CARTESIAN_POINT('Ctrl Pts',(-37.5620611485898,-38.9574918564027,3.));
#7765=CARTESIAN_POINT('Ctrl Pts',(-37.0663185534909,-39.1368277076555,3.));
#7766=CARTESIAN_POINT('Ctrl Pts',(-36.5392360554756,-39.1571719728741,3.));
#7767=CARTESIAN_POINT('Ctrl Pts',(-36.2664284710174,-39.1677017663557,3.));
#7768=CARTESIAN_POINT('',(-38.8073565963989,-38.0933506940443,3.));
#7769=CARTESIAN_POINT('Ctrl Pts',(-38.8073565963989,-38.0933506940443,3.));
#7770=CARTESIAN_POINT('Ctrl Pts',(-38.6777557134336,-38.2487656141798,3.));
#7771=CARTESIAN_POINT('Ctrl Pts',(-38.4003060259949,-38.5814780157336,3.));
#7772=CARTESIAN_POINT('Ctrl Pts',(-38.0094815954009,-38.7703367344222,3.));
#7773=CARTESIAN_POINT('Ctrl Pts',(-37.8012170795684,-38.870976731642,3.));
#7774=CARTESIAN_POINT('',(-39.2200436596161,-36.8621088718016,3.));
#7775=CARTESIAN_POINT('Ctrl Pts',(-39.2200436596161,-36.8621088718016,3.));
#7776=CARTESIAN_POINT('Ctrl Pts',(-39.184830356892,-37.0945749237579,3.));
#7777=CARTESIAN_POINT('Ctrl Pts',(-39.1189246453574,-37.5296616488475,3.));
#7778=CARTESIAN_POINT('Ctrl Pts',(-38.9063520416183,-37.9142480929236,3.));
#7779=CARTESIAN_POINT('Ctrl Pts',(-38.8073565963989,-38.0933506940443,3.));
#7780=CARTESIAN_POINT('',(-40.468338370729,-36.9712491487105,3.));
#7781=CARTESIAN_POINT('Ctrl Pts',(-39.9192252163177,-38.7686570142347,5.));
#7782=CARTESIAN_POINT('Ctrl Pts',(-39.9192252163177,-38.7686570142347,3.));
#7783=CARTESIAN_POINT('Ctrl Pts',(-40.0726165861143,-38.4927841085215,5.));
#7784=CARTESIAN_POINT('Ctrl Pts',(-40.0726165861143,-38.4927841085215,3.));
#7785=CARTESIAN_POINT('Ctrl Pts',(-40.3838208008575,-37.9330863164927,5.));
#7786=CARTESIAN_POINT('Ctrl Pts',(-40.3838208008575,-37.9330863164927,3.));
#7787=CARTESIAN_POINT('Ctrl Pts',(-40.4399002619783,-37.294883986052,5.));
#7788=CARTESIAN_POINT('Ctrl Pts',(-40.4399002619783,-37.294883986052,3.));
#7789=CARTESIAN_POINT('Ctrl Pts',(-40.468338370729,-36.9712491487105,5.));
#7790=CARTESIAN_POINT('Ctrl Pts',(-40.468338370729,-36.9712491487105,3.));
#7791=CARTESIAN_POINT('',(-39.9192252163177,-38.7686570142347,5.));
#7792=CARTESIAN_POINT('',(-40.468338370729,-36.9712491487105,5.));
#7793=CARTESIAN_POINT('Origin',(-40.468338370729,-36.9712491487105,5.));
#7794=CARTESIAN_POINT('',(-39.2200436596161,-36.8621088718016,5.));
#7795=CARTESIAN_POINT('Ctrl Pts',(-39.2200436596161,-36.8621088718016,5.));
#7796=CARTESIAN_POINT('Ctrl Pts',(-39.2200436596161,-36.8621088718016,3.));
#7797=CARTESIAN_POINT('Ctrl Pts',(-39.184830356892,-37.0945749237579,5.));
#7798=CARTESIAN_POINT('Ctrl Pts',(-39.184830356892,-37.0945749237579,3.));
#7799=CARTESIAN_POINT('Ctrl Pts',(-39.1189246453574,-37.5296616488475,5.));
#7800=CARTESIAN_POINT('Ctrl Pts',(-39.1189246453574,-37.5296616488475,3.));
#7801=CARTESIAN_POINT('Ctrl Pts',(-38.9063520416183,-37.9142480929236,5.));
#7802=CARTESIAN_POINT('Ctrl Pts',(-38.9063520416183,-37.9142480929236,3.));
#7803=CARTESIAN_POINT('Ctrl Pts',(-38.8073565963989,-38.0933506940443,5.));
#7804=CARTESIAN_POINT('Ctrl Pts',(-38.8073565963989,-38.0933506940443,3.));
#7805=CARTESIAN_POINT('',(-38.8073565963989,-38.0933506940443,5.));
#7806=CARTESIAN_POINT('Ctrl Pts',(-38.8073565963989,-38.0933506940443,5.));
#7807=CARTESIAN_POINT('Ctrl Pts',(-38.8073565963989,-38.0933506940443,3.));
#7808=CARTESIAN_POINT('Ctrl Pts',(-38.6777557134336,-38.2487656141798,5.));
#7809=CARTESIAN_POINT('Ctrl Pts',(-38.6777557134336,-38.2487656141798,3.));
#7810=CARTESIAN_POINT('Ctrl Pts',(-38.4003060259949,-38.5814780157336,5.));
#7811=CARTESIAN_POINT('Ctrl Pts',(-38.4003060259949,-38.5814780157336,3.));
#7812=CARTESIAN_POINT('Ctrl Pts',(-38.0094815954009,-38.7703367344222,5.));
#7813=CARTESIAN_POINT('Ctrl Pts',(-38.0094815954009,-38.7703367344222,3.));
#7814=CARTESIAN_POINT('Ctrl Pts',(-37.8012170795684,-38.870976731642,5.));
#7815=CARTESIAN_POINT('Ctrl Pts',(-37.8012170795684,-38.870976731642,3.));
#7816=CARTESIAN_POINT('',(-37.8012170795684,-38.870976731642,5.));
#7817=CARTESIAN_POINT('Ctrl Pts',(-37.8012170795684,-38.870976731642,5.));
#7818=CARTESIAN_POINT('Ctrl Pts',(-37.8012170795684,-38.870976731642,3.));
#7819=CARTESIAN_POINT('Ctrl Pts',(-37.5620611485898,-38.9574918564027,5.));
#7820=CARTESIAN_POINT('Ctrl Pts',(-37.5620611485898,-38.9574918564027,3.));
#7821=CARTESIAN_POINT('Ctrl Pts',(-37.0663185534909,-39.1368277076555,5.));
#7822=CARTESIAN_POINT('Ctrl Pts',(-37.0663185534909,-39.1368277076555,3.));
#7823=CARTESIAN_POINT('Ctrl Pts',(-36.5392360554756,-39.1571719728741,5.));
#7824=CARTESIAN_POINT('Ctrl Pts',(-36.5392360554756,-39.1571719728741,3.));
#7825=CARTESIAN_POINT('Ctrl Pts',(-36.2664284710174,-39.1677017663557,5.));
#7826=CARTESIAN_POINT('Ctrl Pts',(-36.2664284710174,-39.1677017663557,3.));
#7827=CARTESIAN_POINT('',(-36.2664284710174,-39.1677017663557,5.));
#7828=CARTESIAN_POINT('Ctrl Pts',(-36.2664284710174,-39.1677017663557,5.));
#7829=CARTESIAN_POINT('Ctrl Pts',(-36.2664284710174,-39.1677017663557,3.));
#7830=CARTESIAN_POINT('Ctrl Pts',(-36.0268431963191,-39.1603589705756,5.));
#7831=CARTESIAN_POINT('Ctrl Pts',(-36.0268431963191,-39.1603589705756,3.));
#7832=CARTESIAN_POINT('Ctrl Pts',(-35.5706132962247,-39.1463764627216,5.));
#7833=CARTESIAN_POINT('Ctrl Pts',(-35.5706132962247,-39.1463764627216,3.));
#7834=CARTESIAN_POINT('Ctrl Pts',(-35.1358893100045,-39.0082097084359,5.));
#7835=CARTESIAN_POINT('Ctrl Pts',(-35.1358893100045,-39.0082097084359,3.));
#7836=CARTESIAN_POINT('Ctrl Pts',(-34.9294569496399,-38.9426000569899,5.));
#7837=CARTESIAN_POINT('Ctrl Pts',(-34.9294569496399,-38.9426000569899,3.));
#7838=CARTESIAN_POINT('',(-34.9294569496399,-38.9426000569899,5.));
#7839=CARTESIAN_POINT('Ctrl Pts',(-34.9294569496399,-38.9426000569899,5.));
#7840=CARTESIAN_POINT('Ctrl Pts',(-34.9294569496399,-38.9426000569899,3.));
#7841=CARTESIAN_POINT('Ctrl Pts',(-34.7522519948484,-38.8655020626152,5.));
#7842=CARTESIAN_POINT('Ctrl Pts',(-34.7522519948484,-38.8655020626152,3.));
#7843=CARTESIAN_POINT('Ctrl Pts',(-34.4199381287344,-38.7209195783926,5.));
#7844=CARTESIAN_POINT('Ctrl Pts',(-34.4199381287344,-38.7209195783926,3.));
#7845=CARTESIAN_POINT('Ctrl Pts',(-34.179016480339,-38.4511770377951,5.));
#7846=CARTESIAN_POINT('Ctrl Pts',(-34.179016480339,-38.4511770377951,3.));
#7847=CARTESIAN_POINT('Ctrl Pts',(-34.0665652755981,-38.3252735589583,5.));
#7848=CARTESIAN_POINT('Ctrl Pts',(-34.0665652755981,-38.3252735589583,3.));
#7849=CARTESIAN_POINT('',(-34.0665652755981,-38.3252735589583,5.));
#7850=CARTESIAN_POINT('Ctrl Pts',(-34.0665652755981,-38.3252735589583,5.));
#7851=CARTESIAN_POINT('Ctrl Pts',(-34.0665652755981,-38.3252735589583,3.));
#7852=CARTESIAN_POINT('Ctrl Pts',(-33.984002169423,-38.1924395268253,5.));
#7853=CARTESIAN_POINT('Ctrl Pts',(-33.984002169423,-38.1924395268253,3.));
#7854=CARTESIAN_POINT('Ctrl Pts',(-33.8207178248189,-37.9297348045498,5.));
#7855=CARTESIAN_POINT('Ctrl Pts',(-33.8207178248189,-37.9297348045498,3.));
#7856=CARTESIAN_POINT('Ctrl Pts',(-33.7957998221401,-37.6215548591022,5.));
#7857=CARTESIAN_POINT('Ctrl Pts',(-33.7957998221401,-37.6215548591022,3.));
#7858=CARTESIAN_POINT('Ctrl Pts',(-33.7834813598877,-37.4692030404646,5.));
#7859=CARTESIAN_POINT('Ctrl Pts',(-33.7834813598877,-37.4692030404646,3.));
#7860=CARTESIAN_POINT('',(-33.7834813598877,-37.4692030404646,5.));
#7861=CARTESIAN_POINT('Ctrl Pts',(-33.7834813598877,-37.4692030404646,5.));
#7862=CARTESIAN_POINT('Ctrl Pts',(-33.7834813598877,-37.4692030404646,3.));
#7863=CARTESIAN_POINT('Ctrl Pts',(-33.7941367407013,-37.3182153698357,5.));
#7864=CARTESIAN_POINT('Ctrl Pts',(-33.7941367407013,-37.3182153698357,3.));
#7865=CARTESIAN_POINT('Ctrl Pts',(-33.8151257426954,-37.0207993904975,5.));
#7866=CARTESIAN_POINT('Ctrl Pts',(-33.8151257426954,-37.0207993904975,3.));
#7867=CARTESIAN_POINT('Ctrl Pts',(-33.9767560741442,-36.7704795358757,5.));
#7868=CARTESIAN_POINT('Ctrl Pts',(-33.9767560741442,-36.7704795358757,3.));
#7869=CARTESIAN_POINT('Ctrl Pts',(-34.0563323501831,-36.6472382997114,5.));
#7870=CARTESIAN_POINT('Ctrl Pts',(-34.0563323501831,-36.6472382997114,3.));
#7871=CARTESIAN_POINT('',(-34.0563323501831,-36.6472382997114,5.));
#7872=CARTESIAN_POINT('Ctrl Pts',(-34.0563323501831,-36.6472382997114,5.));
#7873=CARTESIAN_POINT('Ctrl Pts',(-34.0563323501831,-36.6472382997114,3.));
#7874=CARTESIAN_POINT('Ctrl Pts',(-34.1714101486175,-36.531487531277,5.));
#7875=CARTESIAN_POINT('Ctrl Pts',(-34.1714101486175,-36.531487531277,3.));
#7876=CARTESIAN_POINT('Ctrl Pts',(-34.4291998325085,-36.2721903044376,5.));
#7877=CARTESIAN_POINT('Ctrl Pts',(-34.4291998325085,-36.2721903044376,3.));
#7878=CARTESIAN_POINT('Ctrl Pts',(-34.7687610942562,-36.133806584018,5.));
#7879=CARTESIAN_POINT('Ctrl Pts',(-34.7687610942562,-36.133806584018,3.));
#7880=CARTESIAN_POINT('Ctrl Pts',(-34.9567415718322,-36.0571976159651,5.));
#7881=CARTESIAN_POINT('Ctrl Pts',(-34.9567415718322,-36.0571976159651,3.));
#7882=CARTESIAN_POINT('',(-34.9567415718322,-36.0571976159651,5.));
#7883=CARTESIAN_POINT('Ctrl Pts',(-34.9567415718322,-36.0571976159651,5.));
#7884=CARTESIAN_POINT('Ctrl Pts',(-34.9567415718322,-36.0571976159651,3.));
#7885=CARTESIAN_POINT('Ctrl Pts',(-35.1715930758396,-35.9883187850227,5.));
#7886=CARTESIAN_POINT('Ctrl Pts',(-35.1715930758396,-35.9883187850227,3.));
#7887=CARTESIAN_POINT('Ctrl Pts',(-35.7578979806605,-35.8003564218714,5.));
#7888=CARTESIAN_POINT('Ctrl Pts',(-35.7578979806605,-35.8003564218714,3.));
#7889=CARTESIAN_POINT('Ctrl Pts',(-36.3573278365358,-35.6590198325043,5.));
#7890=CARTESIAN_POINT('Ctrl Pts',(-36.3573278365358,-35.6590198325043,3.));
#7891=CARTESIAN_POINT('Ctrl Pts',(-36.7370965484863,-35.5694760535795,5.));
#7892=CARTESIAN_POINT('Ctrl Pts',(-36.7370965484863,-35.5694760535795,3.));
#7893=CARTESIAN_POINT('',(-36.7370965484863,-35.5694760535795,5.));
#7894=CARTESIAN_POINT('Ctrl Pts',(-36.7370965484863,-35.5694760535795,5.));
#7895=CARTESIAN_POINT('Ctrl Pts',(-36.7370965484863,-35.5694760535795,3.));
#7896=CARTESIAN_POINT('Ctrl Pts',(-37.1319153351124,-35.4751439931215,5.));
#7897=CARTESIAN_POINT('Ctrl Pts',(-37.1319153351124,-35.4751439931215,3.));
#7898=CARTESIAN_POINT('Ctrl Pts',(-37.7922557185463,-35.3173721973433,5.));
#7899=CARTESIAN_POINT('Ctrl Pts',(-37.7922557185463,-35.3173721973433,3.));
#7900=CARTESIAN_POINT('Ctrl Pts',(-38.4165084927625,-35.0520242847658,5.));
#7901=CARTESIAN_POINT('Ctrl Pts',(-38.4165084927625,-35.0520242847658,3.));
#7902=CARTESIAN_POINT('Ctrl Pts',(-38.6675193313842,-34.9453283999998,5.));
#7903=CARTESIAN_POINT('Ctrl Pts',(-38.6675193313842,-34.9453283999998,3.));
#7904=CARTESIAN_POINT('',(-38.6675193313842,-34.9453283999998,5.));
#7905=CARTESIAN_POINT('Ctrl Pts',(-38.6675193313842,-34.9453283999998,5.));
#7906=CARTESIAN_POINT('Ctrl Pts',(-38.6675193313842,-34.9453283999998,3.));
#7907=CARTESIAN_POINT('Ctrl Pts',(-38.8874284411238,-34.8182879845097,5.));
#7908=CARTESIAN_POINT('Ctrl Pts',(-38.8874284411238,-34.8182879845097,3.));
#7909=CARTESIAN_POINT('Ctrl Pts',(-39.3046423489806,-34.5772655536282,5.));
#7910=CARTESIAN_POINT('Ctrl Pts',(-39.3046423489806,-34.5772655536282,3.));
#7911=CARTESIAN_POINT('Ctrl Pts',(-39.5968584198373,-34.1950005024775,5.));
#7912=CARTESIAN_POINT('Ctrl Pts',(-39.5968584198373,-34.1950005024775,3.));
#7913=CARTESIAN_POINT('Ctrl Pts',(-39.7350504402404,-34.0142233823378,5.));
#7914=CARTESIAN_POINT('Ctrl Pts',(-39.7350504402404,-34.0142233823378,3.));
#7915=CARTESIAN_POINT('',(-39.7350504402404,-34.0142233823378,5.));
#7916=CARTESIAN_POINT('Ctrl Pts',(-39.7350504402404,-34.0142233823378,5.));
#7917=CARTESIAN_POINT('Ctrl Pts',(-39.7350504402404,-34.0142233823378,3.));
#7918=CARTESIAN_POINT('Ctrl Pts',(-39.8375077069887,-33.8219848225769,5.));
#7919=CARTESIAN_POINT('Ctrl Pts',(-39.8375077069887,-33.8219848225769,3.));
#7920=CARTESIAN_POINT('Ctrl Pts',(-40.0449837689557,-33.4327015574336,5.));
#7921=CARTESIAN_POINT('Ctrl Pts',(-40.0449837689557,-33.4327015574336,3.));
#7922=CARTESIAN_POINT('Ctrl Pts',(-40.0724463065587,-32.9922725511747,5.));
#7923=CARTESIAN_POINT('Ctrl Pts',(-40.0724463065587,-32.9922725511747,3.));
#7924=CARTESIAN_POINT('Ctrl Pts',(-40.0863471035247,-32.7693392489988,5.));
#7925=CARTESIAN_POINT('Ctrl Pts',(-40.0863471035247,-32.7693392489988,3.));
#7926=CARTESIAN_POINT('',(-40.0863471035247,-32.7693392489988,5.));
#7927=CARTESIAN_POINT('Ctrl Pts',(-40.0863471035247,-32.7693392489988,5.));
#7928=CARTESIAN_POINT('Ctrl Pts',(-40.0863471035247,-32.7693392489988,3.));
#7929=CARTESIAN_POINT('Ctrl Pts',(-40.0677365085647,-32.5199996534535,5.));
#7930=CARTESIAN_POINT('Ctrl Pts',(-40.0677365085647,-32.5199996534535,3.));
#7931=CARTESIAN_POINT('Ctrl Pts',(-40.0301397492087,-32.0162886871057,5.));
#7932=CARTESIAN_POINT('Ctrl Pts',(-40.0301397492087,-32.0162886871057,3.));
#7933=CARTESIAN_POINT('Ctrl Pts',(-39.7819436667576,-31.5761772114794,5.));
#7934=CARTESIAN_POINT('Ctrl Pts',(-39.7819436667576,-31.5761772114794,3.));
#7935=CARTESIAN_POINT('Ctrl Pts',(-39.6566059593444,-31.3539232467253,5.));
#7936=CARTESIAN_POINT('Ctrl Pts',(-39.6566059593444,-31.3539232467253,3.));
#7937=CARTESIAN_POINT('',(-39.6566059593444,-31.3539232467253,5.));
#7938=CARTESIAN_POINT('Ctrl Pts',(-39.6566059593444,-31.3539232467253,5.));
#7939=CARTESIAN_POINT('Ctrl Pts',(-39.6566059593444,-31.3539232467253,3.));
#7940=CARTESIAN_POINT('Ctrl Pts',(-39.4924582158778,-31.1459420524888,5.));
#7941=CARTESIAN_POINT('Ctrl Pts',(-39.4924582158778,-31.1459420524888,3.));
#7942=CARTESIAN_POINT('Ctrl Pts',(-39.1525811219255,-30.7153053443566,5.));
#7943=CARTESIAN_POINT('Ctrl Pts',(-39.1525811219255,-30.7153053443566,3.));
#7944=CARTESIAN_POINT('Ctrl Pts',(-38.657477071833,-30.4775394620586,5.));
#7945=CARTESIAN_POINT('Ctrl Pts',(-38.657477071833,-30.4775394620586,3.));
#7946=CARTESIAN_POINT('Ctrl Pts',(-38.4014894966369,-30.3546054814894,5.));
#7947=CARTESIAN_POINT('Ctrl Pts',(-38.4014894966369,-30.3546054814894,3.));
#7948=CARTESIAN_POINT('',(-38.4014894966369,-30.3546054814894,5.));
#7949=CARTESIAN_POINT('Ctrl Pts',(-38.4014894966369,-30.3546054814894,5.));
#7950=CARTESIAN_POINT('Ctrl Pts',(-38.4014894966369,-30.3546054814894,3.));
#7951=CARTESIAN_POINT('Ctrl Pts',(-38.1136987230241,-30.2551559051294,5.));
#7952=CARTESIAN_POINT('Ctrl Pts',(-38.1136987230241,-30.2551559051294,3.));
#7953=CARTESIAN_POINT('Ctrl Pts',(-37.5193942549193,-30.0497868210552,5.));
#7954=CARTESIAN_POINT('Ctrl Pts',(-37.5193942549193,-30.0497868210552,3.));
#7955=CARTESIAN_POINT('Ctrl Pts',(-36.8907762460217,-30.0258745462356,5.));
#7956=CARTESIAN_POINT('Ctrl Pts',(-36.8907762460217,-30.0258745462356,3.));
#7957=CARTESIAN_POINT('Ctrl Pts',(-36.5665652755981,-30.0135417436201,5.));
#7958=CARTESIAN_POINT('Ctrl Pts',(-36.5665652755981,-30.0135417436201,3.));
#7959=CARTESIAN_POINT('',(-36.5665652755981,-30.0135417436201,5.));
#7960=CARTESIAN_POINT('Ctrl Pts',(-36.5665652755981,-30.0135417436201,5.));
#7961=CARTESIAN_POINT('Ctrl Pts',(-36.5665652755981,-30.0135417436201,3.));
#7962=CARTESIAN_POINT('Ctrl Pts',(-36.2144473433116,-30.0253694782569,5.));
#7963=CARTESIAN_POINT('Ctrl Pts',(-36.2144473433116,-30.0253694782569,3.));
#7964=CARTESIAN_POINT('Ctrl Pts',(-35.542579282819,-30.0479377044159,5.));
#7965=CARTESIAN_POINT('Ctrl Pts',(-35.542579282819,-30.0479377044159,3.));
#7966=CARTESIAN_POINT('Ctrl Pts',(-34.9076273822699,-30.2672741172735,5.));
#7967=CARTESIAN_POINT('Ctrl Pts',(-34.9076273822699,-30.2672741172735,3.));
#7968=CARTESIAN_POINT('Ctrl Pts',(-34.6054461006408,-30.3716589664061,5.));
#7969=CARTESIAN_POINT('Ctrl Pts',(-34.6054461006408,-30.3716589664061,3.));
#7970=CARTESIAN_POINT('',(-34.6054461006408,-30.3716589664061,5.));
#7971=CARTESIAN_POINT('Ctrl Pts',(-34.6054461006408,-30.3716589664061,5.));
#7972=CARTESIAN_POINT('Ctrl Pts',(-34.6054461006408,-30.3716589664061,3.));
#7973=CARTESIAN_POINT('Ctrl Pts',(-34.3409135331935,-30.5017969638283,5.));
#7974=CARTESIAN_POINT('Ctrl Pts',(-34.3409135331935,-30.5017969638283,3.));
#7975=CARTESIAN_POINT('Ctrl Pts',(-33.8258346870166,-30.7551923404463,5.));
#7976=CARTESIAN_POINT('Ctrl Pts',(-33.8258346870166,-30.7551923404463,3.));
#7977=CARTESIAN_POINT('Ctrl Pts',(-33.471517744952,-31.2061775288036,5.));
#7978=CARTESIAN_POINT('Ctrl Pts',(-33.471517744952,-31.2061775288036,3.));
#7979=CARTESIAN_POINT('Ctrl Pts',(-33.2991697792297,-31.4255471681196,5.));
#7980=CARTESIAN_POINT('Ctrl Pts',(-33.2991697792297,-31.4255471681196,3.));
#7981=CARTESIAN_POINT('',(-33.2991697792297,-31.4255471681196,5.));
#7982=CARTESIAN_POINT('Ctrl Pts',(-33.2991697792297,-31.4255471681196,5.));
#7983=CARTESIAN_POINT('Ctrl Pts',(-33.2991697792297,-31.4255471681196,3.));
#7984=CARTESIAN_POINT('Ctrl Pts',(-33.1643759516861,-31.6672629788901,5.));
#7985=CARTESIAN_POINT('Ctrl Pts',(-33.1643759516861,-31.6672629788901,3.));
#7986=CARTESIAN_POINT('Ctrl Pts',(-32.8907228948323,-32.1579847850188,5.));
#7987=CARTESIAN_POINT('Ctrl Pts',(-32.8907228948323,-32.1579847850188,3.));
#7988=CARTESIAN_POINT('Ctrl Pts',(-32.8358714136884,-32.7174002322365,5.));
#7989=CARTESIAN_POINT('Ctrl Pts',(-32.8358714136884,-32.7174002322365,3.));
#7990=CARTESIAN_POINT('Ctrl Pts',(-32.8080382351165,-33.0012633060057,5.));
#7991=CARTESIAN_POINT('Ctrl Pts',(-32.8080382351165,-33.0012633060057,3.));
#7992=CARTESIAN_POINT('',(-32.8080382351165,-33.0012633060057,5.));
#7993=CARTESIAN_POINT('Origin',(-32.8080382351165,-33.0012633060057,5.));
#7994=CARTESIAN_POINT('',(-34.0767970089203,-33.0967612718184,5.));
#7995=CARTESIAN_POINT('Ctrl Pts',(-34.0767970089203,-33.0967612718184,5.));
#7996=CARTESIAN_POINT('Ctrl Pts',(-34.0767970089203,-33.0967612718184,3.));
#7997=CARTESIAN_POINT('Ctrl Pts',(-34.124486373469,-32.8058620038205,5.));
#7998=CARTESIAN_POINT('Ctrl Pts',(-34.124486373469,-32.8058620038205,3.));
#7999=CARTESIAN_POINT('Ctrl Pts',(-34.2142953088752,-32.2580385254297,5.));
#8000=CARTESIAN_POINT('Ctrl Pts',(-34.2142953088752,-32.2580385254297,3.));
#8001=CARTESIAN_POINT('Ctrl Pts',(-34.5920110047211,-31.8538517109007,5.));
#8002=CARTESIAN_POINT('Ctrl Pts',(-34.5920110047211,-31.8538517109007,3.));
#8003=CARTESIAN_POINT('Ctrl Pts',(-34.7691562179809,-31.6642917846281,5.));
#8004=CARTESIAN_POINT('Ctrl Pts',(-34.7691562179809,-31.6642917846281,3.));
#8005=CARTESIAN_POINT('',(-34.7691562179809,-31.6642917846281,5.));
#8006=CARTESIAN_POINT('Ctrl Pts',(-34.7691562179809,-31.6642917846281,5.));
#8007=CARTESIAN_POINT('Ctrl Pts',(-34.7691562179809,-31.6642917846281,3.));
#8008=CARTESIAN_POINT('Ctrl Pts',(-35.0068401267687,-31.5234801364651,5.));
#8009=CARTESIAN_POINT('Ctrl Pts',(-35.0068401267687,-31.5234801364651,3.));
#8010=CARTESIAN_POINT('Ctrl Pts',(-35.5414212681845,-31.2067769486746,5.));
#8011=CARTESIAN_POINT('Ctrl Pts',(-35.5414212681845,-31.2067769486746,3.));
#8012=CARTESIAN_POINT('Ctrl Pts',(-36.1654306754955,-31.1895489410892,5.));
#8013=CARTESIAN_POINT('Ctrl Pts',(-36.1654306754955,-31.1895489410892,3.));
#8014=CARTESIAN_POINT('Ctrl Pts',(-36.5119948391204,-31.1799808000166,5.));
#8015=CARTESIAN_POINT('Ctrl Pts',(-36.5119948391204,-31.1799808000166,3.));
#8016=CARTESIAN_POINT('',(-36.5119948391204,-31.1799808000166,5.));
#8017=CARTESIAN_POINT('Ctrl Pts',(-36.5119948391204,-31.1799808000166,5.));
#8018=CARTESIAN_POINT('Ctrl Pts',(-36.5119948391204,-31.1799808000166,3.));
#8019=CARTESIAN_POINT('Ctrl Pts',(-36.8665409650872,-31.1853663718005,5.));
#8020=CARTESIAN_POINT('Ctrl Pts',(-36.8665409650872,-31.1853663718005,3.));
#8021=CARTESIAN_POINT('Ctrl Pts',(-37.4877087235456,-31.1948019383122,5.));
#8022=CARTESIAN_POINT('Ctrl Pts',(-37.4877087235456,-31.1948019383122,3.));
#8023=CARTESIAN_POINT('Ctrl Pts',(-38.0292217214207,-31.4922717611552,5.));
#8024=CARTESIAN_POINT('Ctrl Pts',(-38.0292217214207,-31.4922717611552,3.));
#8025=CARTESIAN_POINT('Ctrl Pts',(-38.2616534237152,-31.619953677519,5.));
#8026=CARTESIAN_POINT('Ctrl Pts',(-38.2616534237152,-31.619953677519,3.));
#8027=CARTESIAN_POINT('',(-38.2616534237152,-31.619953677519,5.));
#8028=CARTESIAN_POINT('Ctrl Pts',(-38.2616534237152,-31.619953677519,5.));
#8029=CARTESIAN_POINT('Ctrl Pts',(-38.2616534237152,-31.619953677519,3.));
#8030=CARTESIAN_POINT('Ctrl Pts',(-38.4217483880283,-31.7701137115665,5.));
#8031=CARTESIAN_POINT('Ctrl Pts',(-38.4217483880283,-31.7701137115665,3.));
#8032=CARTESIAN_POINT('Ctrl Pts',(-38.7306937901409,-32.0598870489045,5.));
#8033=CARTESIAN_POINT('Ctrl Pts',(-38.7306937901409,-32.0598870489045,3.));
#8034=CARTESIAN_POINT('Ctrl Pts',(-38.7847316421079,-32.4788202716599,5.));
#8035=CARTESIAN_POINT('Ctrl Pts',(-38.7847316421079,-32.4788202716599,3.));
#8036=CARTESIAN_POINT('Ctrl Pts',(-38.8107671741729,-32.6806630347807,5.));
#8037=CARTESIAN_POINT('Ctrl Pts',(-38.8107671741729,-32.6806630347807,3.));
#8038=CARTESIAN_POINT('',(-38.8107671741729,-32.6806630347807,5.));
#8039=CARTESIAN_POINT('Ctrl Pts',(-38.8107671741729,-32.6806630347807,5.));
#8040=CARTESIAN_POINT('Ctrl Pts',(-38.8107671741729,-32.6806630347807,3.));
#8041=CARTESIAN_POINT('Ctrl Pts',(-38.7951738555015,-32.8517847359793,5.));
#8042=CARTESIAN_POINT('Ctrl Pts',(-38.7951738555015,-32.8517847359793,3.));
#8043=CARTESIAN_POINT('Ctrl Pts',(-38.7642727790539,-33.1908943817186,5.));
#8044=CARTESIAN_POINT('Ctrl Pts',(-38.7642727790539,-33.1908943817186,3.));
#8045=CARTESIAN_POINT('Ctrl Pts',(-38.5353552108558,-33.4426933291168,5.));
#8046=CARTESIAN_POINT('Ctrl Pts',(-38.5353552108558,-33.4426933291168,3.));
#8047=CARTESIAN_POINT('Ctrl Pts',(-38.4219541553741,-33.5674293492872,5.));
#8048=CARTESIAN_POINT('Ctrl Pts',(-38.4219541553741,-33.5674293492872,3.));
#8049=CARTESIAN_POINT('',(-38.4219541553741,-33.5674293492872,5.));
#8050=CARTESIAN_POINT('Ctrl Pts',(-38.4219541553741,-33.5674293492872,5.));
#8051=CARTESIAN_POINT('Ctrl Pts',(-38.4219541553741,-33.5674293492872,3.));
#8052=CARTESIAN_POINT('Ctrl Pts',(-38.19545929288,-33.6936586124889,5.));
#8053=CARTESIAN_POINT('Ctrl Pts',(-38.19545929288,-33.6936586124889,3.));
#8054=CARTESIAN_POINT('Ctrl Pts',(-37.5728984002841,-34.0406219029811,5.));
#8055=CARTESIAN_POINT('Ctrl Pts',(-37.5728984002841,-34.0406219029811,3.));
#8056=CARTESIAN_POINT('Ctrl Pts',(-36.8723859310188,-34.1870789438056,5.));
#8057=CARTESIAN_POINT('Ctrl Pts',(-36.8723859310188,-34.1870789438056,3.));
#8058=CARTESIAN_POINT('Ctrl Pts',(-36.4267280105835,-34.2802532170851,5.));
#8059=CARTESIAN_POINT('Ctrl Pts',(-36.4267280105835,-34.2802532170851,3.));
#8060=CARTESIAN_POINT('',(-36.4267280105835,-34.2802532170851,5.));
#8061=CARTESIAN_POINT('Ctrl Pts',(-36.4267280105835,-34.2802532170851,5.));
#8062=CARTESIAN_POINT('Ctrl Pts',(-36.4267280105835,-34.2802532170851,3.));
#8063=CARTESIAN_POINT('Ctrl Pts',(-35.9698461107114,-34.3823265188625,5.));
#8064=CARTESIAN_POINT('Ctrl Pts',(-35.9698461107114,-34.3823265188625,3.));
#8065=CARTESIAN_POINT('Ctrl Pts',(-35.2186510882933,-34.5501531634252,5.));
#8066=CARTESIAN_POINT('Ctrl Pts',(-35.2186510882933,-34.5501531634252,3.));
#8067=CARTESIAN_POINT('Ctrl Pts',(-34.4962531313717,-34.8144812338494,5.));
#8068=CARTESIAN_POINT('Ctrl Pts',(-34.4962531313717,-34.8144812338494,3.));
#8069=CARTESIAN_POINT('Ctrl Pts',(-34.213222504068,-34.918043181761,5.));
#8070=CARTESIAN_POINT('Ctrl Pts',(-34.213222504068,-34.918043181761,3.));
#8071=CARTESIAN_POINT('',(-34.213222504068,-34.918043181761,5.));
#8072=CARTESIAN_POINT('Ctrl Pts',(-34.213222504068,-34.918043181761,5.));
#8073=CARTESIAN_POINT('Ctrl Pts',(-34.213222504068,-34.918043181761,3.));
#8074=CARTESIAN_POINT('Ctrl Pts',(-33.9467408179195,-35.0533239981083,5.));
#8075=CARTESIAN_POINT('Ctrl Pts',(-33.9467408179195,-35.0533239981083,3.));
#8076=CARTESIAN_POINT('Ctrl Pts',(-33.4473403227973,-35.306847261342,5.));
#8077=CARTESIAN_POINT('Ctrl Pts',(-33.4473403227973,-35.306847261342,3.));
#8078=CARTESIAN_POINT('Ctrl Pts',(-33.0904518955653,-35.7371385266035,5.));
#8079=CARTESIAN_POINT('Ctrl Pts',(-33.0904518955653,-35.7371385266035,3.));
#8080=CARTESIAN_POINT('Ctrl Pts',(-32.92400026362,-35.9378250096876,5.));
#8081=CARTESIAN_POINT('Ctrl Pts',(-32.92400026362,-35.9378250096876,3.));
#8082=CARTESIAN_POINT('',(-32.92400026362,-35.9378250096876,5.));
#8083=CARTESIAN_POINT('Ctrl Pts',(-32.92400026362,-35.9378250096876,5.));
#8084=CARTESIAN_POINT('Ctrl Pts',(-32.92400026362,-35.9378250096876,3.));
#8085=CARTESIAN_POINT('Ctrl Pts',(-32.8026527081376,-36.1541045139598,5.));
#8086=CARTESIAN_POINT('Ctrl Pts',(-32.8026527081376,-36.1541045139598,3.));
#8087=CARTESIAN_POINT('Ctrl Pts',(-32.554792350126,-36.5958696170669,5.));
#8088=CARTESIAN_POINT('Ctrl Pts',(-32.554792350126,-36.5958696170669,3.));
#8089=CARTESIAN_POINT('Ctrl Pts',(-32.5237473892631,-37.1018167818391,5.));
#8090=CARTESIAN_POINT('Ctrl Pts',(-32.5237473892631,-37.1018167818391,3.));
#8091=CARTESIAN_POINT('Ctrl Pts',(-32.5079014305359,-37.3600621675093,5.));
#8092=CARTESIAN_POINT('Ctrl Pts',(-32.5079014305359,-37.3600621675093,3.));
#8093=CARTESIAN_POINT('',(-32.5079014305359,-37.3600621675093,5.));
#8094=CARTESIAN_POINT('Ctrl Pts',(-32.5079014305359,-37.3600621675093,5.));
#8095=CARTESIAN_POINT('Ctrl Pts',(-32.5079014305359,-37.3600621675093,3.));
#8096=CARTESIAN_POINT('Ctrl Pts',(-32.527983368505,-37.6238485172286,5.));
#8097=CARTESIAN_POINT('Ctrl Pts',(-32.527983368505,-37.6238485172286,3.));
#8098=CARTESIAN_POINT('Ctrl Pts',(-32.5687147696928,-38.158875946096,5.));
#8099=CARTESIAN_POINT('Ctrl Pts',(-32.5687147696928,-38.158875946096,3.));
#8100=CARTESIAN_POINT('Ctrl Pts',(-32.831636056973,-38.6268887027881,5.));
#8101=CARTESIAN_POINT('Ctrl Pts',(-32.831636056973,-38.6268887027881,3.));
#8102=CARTESIAN_POINT('Ctrl Pts',(-32.9649283890014,-38.8641555760939,5.));
#8103=CARTESIAN_POINT('Ctrl Pts',(-32.9649283890014,-38.8641555760939,3.));
#8104=CARTESIAN_POINT('',(-32.9649283890014,-38.8641555760939,5.));
#8105=CARTESIAN_POINT('Ctrl Pts',(-32.9649283890014,-38.8641555760939,5.));
#8106=CARTESIAN_POINT('Ctrl Pts',(-32.9649283890014,-38.8641555760939,3.));
#8107=CARTESIAN_POINT('Ctrl Pts',(-33.1379539962023,-39.0882380402291,5.));
#8108=CARTESIAN_POINT('Ctrl Pts',(-33.1379539962023,-39.0882380402291,3.));
#8109=CARTESIAN_POINT('Ctrl Pts',(-33.4946997661884,-39.5502533020249,5.));
#8110=CARTESIAN_POINT('Ctrl Pts',(-33.4946997661884,-39.5502533020249,3.));
#8111=CARTESIAN_POINT('Ctrl Pts',(-34.0117496492522,-39.8222873373305,5.));
#8112=CARTESIAN_POINT('Ctrl Pts',(-34.0117496492522,-39.8222873373305,3.));
#8113=CARTESIAN_POINT('Ctrl Pts',(-34.2780246738678,-39.9623818849165,5.));
#8114=CARTESIAN_POINT('Ctrl Pts',(-34.2780246738678,-39.9623818849165,3.));
#8115=CARTESIAN_POINT('',(-34.2780246738678,-39.9623818849165,5.));
#8116=CARTESIAN_POINT('Ctrl Pts',(-34.2780246738678,-39.9623818849165,5.));
#8117=CARTESIAN_POINT('Ctrl Pts',(-34.2780246738678,-39.9623818849165,3.));
#8118=CARTESIAN_POINT('Ctrl Pts',(-34.5779068602717,-40.0767450205283,5.));
#8119=CARTESIAN_POINT('Ctrl Pts',(-34.5779068602717,-40.0767450205283,3.));
#8120=CARTESIAN_POINT('Ctrl Pts',(-35.1983002572026,-40.3133383808632,5.));
#8121=CARTESIAN_POINT('Ctrl Pts',(-35.1983002572026,-40.3133383808632,3.));
#8122=CARTESIAN_POINT('Ctrl Pts',(-35.8621005485987,-40.3405481920769,5.));
#8123=CARTESIAN_POINT('Ctrl Pts',(-35.8621005485987,-40.3405481920769,3.));
#8124=CARTESIAN_POINT('Ctrl Pts',(-36.2050368789917,-40.3546054814894,5.));
#8125=CARTESIAN_POINT('Ctrl Pts',(-36.2050368789917,-40.3546054814894,3.));
#8126=CARTESIAN_POINT('',(-36.2050368789917,-40.3546054814894,5.));
#8127=CARTESIAN_POINT('Ctrl Pts',(-36.2050368789917,-40.3546054814894,5.));
#8128=CARTESIAN_POINT('Ctrl Pts',(-36.2050368789917,-40.3546054814894,3.));
#8129=CARTESIAN_POINT('Ctrl Pts',(-36.6249141683193,-40.3439489485968,5.));
#8130=CARTESIAN_POINT('Ctrl Pts',(-36.6249141683193,-40.3439489485968,3.));
#8131=CARTESIAN_POINT('Ctrl Pts',(-37.4036302375722,-40.3241850470549,5.));
#8132=CARTESIAN_POINT('Ctrl Pts',(-37.4036302375722,-40.3241850470549,3.));
#8133=CARTESIAN_POINT('Ctrl Pts',(-38.1404167040093,-40.0741770512319,5.));
#8134=CARTESIAN_POINT('Ctrl Pts',(-38.1404167040093,-40.0741770512319,3.));
#8135=CARTESIAN_POINT('Ctrl Pts',(-38.4799339775329,-39.9589713071425,5.));
#8136=CARTESIAN_POINT('Ctrl Pts',(-38.4799339775329,-39.9589713071425,3.));
#8137=CARTESIAN_POINT('',(-38.4799339775329,-39.9589713071425,5.));
#8138=CARTESIAN_POINT('Ctrl Pts',(-38.4799339775329,-39.9589713071425,5.));
#8139=CARTESIAN_POINT('Ctrl Pts',(-38.4799339775329,-39.9589713071425,3.));
#8140=CARTESIAN_POINT('Ctrl Pts',(-38.7680819163855,-39.8122609993773,5.));
#8141=CARTESIAN_POINT('Ctrl Pts',(-38.7680819163855,-39.8122609993773,3.));
#8142=CARTESIAN_POINT('Ctrl Pts',(-39.3368476641554,-39.5226743438769,5.));
#8143=CARTESIAN_POINT('Ctrl Pts',(-39.3368476641554,-39.5226743438769,3.));
#8144=CARTESIAN_POINT('Ctrl Pts',(-39.7268203700456,-39.0177679009055,5.));
#8145=CARTESIAN_POINT('Ctrl Pts',(-39.7268203700456,-39.0177679009055,3.));
#8146=CARTESIAN_POINT('Ctrl Pts',(-39.9192252163177,-38.7686570142347,5.));
#8147=CARTESIAN_POINT('Ctrl Pts',(-39.9192252163177,-38.7686570142347,3.));
#8148=CARTESIAN_POINT('Origin',(-36.1879844371563,-35.1840736125548,3.));
#8149=CARTESIAN_POINT('',(-41.8462374214416,-40.1840730165083,3.));
#8150=CARTESIAN_POINT('',(-49.3087207679039,-40.1840730165083,3.));
#8151=CARTESIAN_POINT('',(-41.8462374214416,-40.1840730165083,3.));
#8152=CARTESIAN_POINT('',(-41.8462374214416,-39.0039916490156,3.));
#8153=CARTESIAN_POINT('',(-41.8462374214416,-39.0039916490156,3.));
#8154=CARTESIAN_POINT('',(-47.9853920046573,-39.0039916490156,3.));
#8155=CARTESIAN_POINT('',(-47.9853920046573,-39.0039916490156,3.));
#8156=CARTESIAN_POINT('',(-47.9853920046573,-35.600171253546,3.));
#8157=CARTESIAN_POINT('',(-47.9853920046573,-35.600171253546,3.));
#8158=CARTESIAN_POINT('',(-42.4533321861511,-35.600171253546,3.));
#8159=CARTESIAN_POINT('',(-42.4533321861511,-35.600171253546,3.));
#8160=CARTESIAN_POINT('',(-42.4533321861511,-34.4269104455549,3.));
#8161=CARTESIAN_POINT('',(-42.4533321861511,-34.4269104455549,3.));
#8162=CARTESIAN_POINT('',(-47.9853920046573,-34.4269104455549,3.));
#8163=CARTESIAN_POINT('',(-47.9853920046573,-34.4269104455549,3.));
#8164=CARTESIAN_POINT('',(-47.9853920046573,-31.3641549800474,3.));
#8165=CARTESIAN_POINT('',(-47.9853920046573,-31.3641549800474,3.));
#8166=CARTESIAN_POINT('',(-42.0781614784485,-31.3641549800474,3.));
#8167=CARTESIAN_POINT('',(-42.0781614784485,-31.3641549800474,3.));
#8168=CARTESIAN_POINT('',(-42.0781614784485,-30.1840730165083,3.));
#8169=CARTESIAN_POINT('',(-42.0781614784485,-30.1840730165083,3.));
#8170=CARTESIAN_POINT('',(-49.3087207679039,-30.1840730165083,3.));
#8171=CARTESIAN_POINT('',(-49.3087207679039,-30.1840730165083,3.));
#8172=CARTESIAN_POINT('',(-49.3087207679039,-40.1840730165083,3.));
#8173=CARTESIAN_POINT('Origin',(-41.8462374214416,-40.1840730165083,5.));
#8174=CARTESIAN_POINT('',(-41.8462374214416,-40.1840730165083,5.));
#8175=CARTESIAN_POINT('',(-49.3087207679039,-40.1840730165083,5.));
#8176=CARTESIAN_POINT('Origin',(-49.3087207679039,-40.1840730165083,5.));
#8177=CARTESIAN_POINT('',(-49.3087207679039,-30.1840730165083,5.));
#8178=CARTESIAN_POINT('Origin',(-49.3087207679039,-30.1840730165083,5.));
#8179=CARTESIAN_POINT('',(-42.0781614784485,-30.1840730165083,5.));
#8180=CARTESIAN_POINT('Origin',(-42.0781614784485,-30.1840730165083,5.));
#8181=CARTESIAN_POINT('',(-42.0781614784485,-31.3641549800474,5.));
#8182=CARTESIAN_POINT('Origin',(-42.0781614784485,-31.3641549800474,5.));
#8183=CARTESIAN_POINT('',(-47.9853920046573,-31.3641549800474,5.));
#8184=CARTESIAN_POINT('Origin',(-47.9853920046573,-31.3641549800474,5.));
#8185=CARTESIAN_POINT('',(-47.9853920046573,-34.4269104455549,5.));
#8186=CARTESIAN_POINT('Origin',(-47.9853920046573,-34.4269104455549,5.));
#8187=CARTESIAN_POINT('',(-42.4533321861511,-34.4269104455549,5.));
#8188=CARTESIAN_POINT('Origin',(-42.4533321861511,-34.4269104455549,5.));
#8189=CARTESIAN_POINT('',(-42.4533321861511,-35.600171253546,5.));
#8190=CARTESIAN_POINT('Origin',(-42.4533321861511,-35.600171253546,5.));
#8191=CARTESIAN_POINT('',(-47.9853920046573,-35.600171253546,5.));
#8192=CARTESIAN_POINT('Origin',(-47.9853920046573,-35.600171253546,5.));
#8193=CARTESIAN_POINT('',(-47.9853920046573,-39.0039916490156,5.));
#8194=CARTESIAN_POINT('Origin',(-47.9853920046573,-39.0039916490156,5.));
#8195=CARTESIAN_POINT('',(-41.8462374214416,-39.0039916490156,5.));
#8196=CARTESIAN_POINT('Origin',(-41.8462374214416,-39.0039916490156,5.));
#8197=CARTESIAN_POINT('Origin',(-13.3375241059464,-23.6787871764731,13.));
#8198=CARTESIAN_POINT('',(-12.5374334141538,-23.6787871764731,13.));
#8199=CARTESIAN_POINT('Origin',(-13.3375241059464,-23.6787871764731,13.));
#8200=CARTESIAN_POINT('Origin',(-13.3375241059464,-23.6787871764731,5.));
#8201=CARTESIAN_POINT('',(-11.99385554278,-23.6787871764731,12.5019026509541));
#8202=CARTESIAN_POINT('Origin',(-13.3375241059464,-23.6787871764731,12.5019026509541));
#8203=CARTESIAN_POINT('',(-11.3375241059464,-23.6787871764731,5.));
#8204=CARTESIAN_POINT('Origin',(-13.3375241059464,-23.6787871764731,12.7509513254771));
#8205=CARTESIAN_POINT('',(-12.2656444784669,-23.6787871764731,12.7509513254771));
#8206=CARTESIAN_POINT('Origin',(-60.3375241059464,-23.6787871764731,13.));
#8207=CARTESIAN_POINT('',(-59.5374334141538,-23.6787871764731,13.));
#8208=CARTESIAN_POINT('Origin',(-60.3375241059464,-23.6787871764731,13.));
#8209=CARTESIAN_POINT('Origin',(-60.3375241059464,-23.6787871764731,5.));
#8210=CARTESIAN_POINT('',(-58.99385554278,-23.6787871764731,12.5019026509541));
#8211=CARTESIAN_POINT('Origin',(-60.3375241059464,-23.6787871764731,12.5019026509541));
#8212=CARTESIAN_POINT('',(-58.3375241059464,-23.6787871764731,5.));
#8213=CARTESIAN_POINT('Origin',(-60.3375241059464,-23.6787871764731,12.7509513254771));
#8214=CARTESIAN_POINT('',(-59.2656444784669,-23.6787871764731,12.7509513254771));
#8215=CARTESIAN_POINT('Origin',(-60.5476494295624,-46.6778273161915,13.));
#8216=CARTESIAN_POINT('',(-59.7475587377697,-46.6778273161915,13.));
#8217=CARTESIAN_POINT('Origin',(-60.5476494295624,-46.6778273161915,13.));
#8218=CARTESIAN_POINT('Origin',(-60.5476494295624,-46.6778273161915,5.));
#8219=CARTESIAN_POINT('',(-59.2039808663959,-46.6778273161915,12.5019026509541));
#8220=CARTESIAN_POINT('Origin',(-60.5476494295624,-46.6778273161915,12.5019026509541));
#8221=CARTESIAN_POINT('',(-58.5476494295624,-46.6778273161915,5.));
#8222=CARTESIAN_POINT('Origin',(-60.5476494295624,-46.6778273161915,12.7509513254771));
#8223=CARTESIAN_POINT('',(-59.4757698020828,-46.6778273161915,12.7509513254771));
#8224=CARTESIAN_POINT('Origin',(-13.5476494295624,-46.6778273161915,13.));
#8225=CARTESIAN_POINT('',(-12.7475587377698,-46.6778273161915,13.));
#8226=CARTESIAN_POINT('Origin',(-13.5476494295624,-46.6778273161915,13.));
#8227=CARTESIAN_POINT('Origin',(-13.5476494295624,-46.6778273161915,5.));
#8228=CARTESIAN_POINT('',(-12.2039808663959,-46.6778273161915,12.5019026509541));
#8229=CARTESIAN_POINT('Origin',(-13.5476494295624,-46.6778273161915,12.5019026509541));
#8230=CARTESIAN_POINT('',(-11.5476494295624,-46.6778273161915,5.));
#8231=CARTESIAN_POINT('Origin',(-13.5476494295624,-46.6778273161915,12.7509513254771));
#8232=CARTESIAN_POINT('',(-12.4757698020828,-46.6778273161915,12.7509513254771));
#8233=CARTESIAN_POINT('Origin',(-58.6572213213779,1.9917937209046,11.));
#8234=CARTESIAN_POINT('',(-63.1572213213779,-0.00820627909540239,11.));
#8235=CARTESIAN_POINT('',(-63.1572213213779,3.9917937209046,11.));
#8236=CARTESIAN_POINT('',(-63.1572213213779,3.2417937209046,11.));
#8237=CARTESIAN_POINT('',(-54.1572213213779,-0.00820627909540225,11.));
#8238=CARTESIAN_POINT('',(-61.1572213213779,-0.00820627909540225,11.));
#8239=CARTESIAN_POINT('',(-54.1572213213779,3.9917937209046,11.));
#8240=CARTESIAN_POINT('',(-54.1572213213779,0.741793720904598,11.));
#8241=CARTESIAN_POINT('',(-56.1572213213779,3.9917937209046,11.));
#8242=CARTESIAN_POINT('Origin',(-63.6572213213779,4.4917937209046,5.));
#8243=CARTESIAN_POINT('',(-63.6572213213779,-0.508206279095402,10.5));
#8244=CARTESIAN_POINT('',(-63.6572213213779,3.2417937209046,10.5));
#8245=CARTESIAN_POINT('',(-63.6572213213779,-0.508206279095402,5.));
#8246=CARTESIAN_POINT('Origin',(-63.6572213213779,-0.508206279095402,5.));
#8247=CARTESIAN_POINT('',(-61.1572213213779,-0.508206279095402,10.5));
#8248=CARTESIAN_POINT('Origin',(-61.1572213213779,-0.258206279095402,10.75));
#8249=CARTESIAN_POINT('',(-54.1572213213779,-0.00820627909540225,11.));
#8250=CARTESIAN_POINT('',(-63.1572213213779,-0.00820627909540239,11.));
#8251=CARTESIAN_POINT('Origin',(-53.9072213213779,0.741793720904598,10.75));
#8252=CARTESIAN_POINT('',(-54.1572213213779,3.9917937209046,11.));
#8253=CARTESIAN_POINT('Origin',(-56.1572213213779,4.2417937209046,10.75));
#8254=CARTESIAN_POINT('',(-63.1572213213779,3.9917937209046,11.));
#8255=CARTESIAN_POINT('Origin',(-63.4072213213779,3.2417937209046,10.75));
#8256=CARTESIAN_POINT('Origin',(-56.1572213213779,48.9917937209046,11.));
#8257=CARTESIAN_POINT('',(-49.1572213213779,46.9917937209046,11.));
#8258=CARTESIAN_POINT('',(-63.1572213213779,46.9917937209046,11.));
#8259=CARTESIAN_POINT('',(-59.9072213213779,46.9917937209046,11.));
#8260=CARTESIAN_POINT('',(-49.1572213213779,50.9917937209046,11.));
#8261=CARTESIAN_POINT('',(-49.1572213213779,47.7417937209046,11.));
#8262=CARTESIAN_POINT('',(-63.1572213213779,50.9917937209046,11.));
#8263=CARTESIAN_POINT('',(-52.4072213213779,50.9917937209046,11.));
#8264=CARTESIAN_POINT('',(-63.1572213213779,50.2417937209046,11.));
#8265=CARTESIAN_POINT('Origin',(-63.6572213213779,46.4917937209046,5.));
#8266=CARTESIAN_POINT('',(-48.6572213213779,46.4917937209046,10.5));
#8267=CARTESIAN_POINT('',(-59.9072213213779,46.4917937209046,10.5));
#8268=CARTESIAN_POINT('',(-48.6572213213779,46.4917937209046,5.));
#8269=CARTESIAN_POINT('Origin',(-48.6572213213779,46.4917937209046,5.));
#8270=CARTESIAN_POINT('',(-48.6572213213779,47.7417937209046,10.5));
#8271=CARTESIAN_POINT('Origin',(-48.9072213213779,47.7417937209046,10.75));
#8272=CARTESIAN_POINT('',(-49.1572213213779,50.9917937209046,11.));
#8273=CARTESIAN_POINT('',(-49.1572213213779,46.9917937209046,11.));
#8274=CARTESIAN_POINT('Origin',(-52.4072213213779,51.2417937209046,10.75));
#8275=CARTESIAN_POINT('',(-63.1572213213779,50.9917937209046,11.));
#8276=CARTESIAN_POINT('Origin',(-63.4072213213779,50.2417937209046,10.75));
#8277=CARTESIAN_POINT('',(-63.1572213213779,46.9917937209046,11.));
#8278=CARTESIAN_POINT('Origin',(-59.9072213213779,46.7417937209046,10.75));
#8279=CARTESIAN_POINT('Origin',(13.3427786786221,1.9917937209046,11.));
#8280=CARTESIAN_POINT('',(17.8427786786221,-0.00820627909540225,11.));
#8281=CARTESIAN_POINT('',(8.84277867862212,-0.00820627909540239,11.));
#8282=CARTESIAN_POINT('',(10.8427786786221,-0.00820627909540225,11.));
#8283=CARTESIAN_POINT('',(17.8427786786221,3.9917937209046,11.));
#8284=CARTESIAN_POINT('',(17.8427786786221,0.741793720904598,11.));
#8285=CARTESIAN_POINT('',(8.84277867862212,3.9917937209046,11.));
#8286=CARTESIAN_POINT('',(15.8427786786221,3.9917937209046,11.));
#8287=CARTESIAN_POINT('',(8.84277867862212,3.2417937209046,11.));
#8288=CARTESIAN_POINT('Origin',(8.34277867862212,-0.508206279095402,5.));
#8289=CARTESIAN_POINT('',(18.3427786786221,-0.508206279095402,10.5));
#8290=CARTESIAN_POINT('',(10.8427786786221,-0.508206279095402,10.5));
#8291=CARTESIAN_POINT('',(18.3427786786221,-0.508206279095402,5.));
#8292=CARTESIAN_POINT('Origin',(18.3427786786221,-0.508206279095402,5.));
#8293=CARTESIAN_POINT('',(18.3427786786221,0.741793720904598,10.5));
#8294=CARTESIAN_POINT('Origin',(18.0927786786221,0.741793720904598,10.75));
#8295=CARTESIAN_POINT('',(17.8427786786221,3.9917937209046,11.));
#8296=CARTESIAN_POINT('',(17.8427786786221,-0.00820627909540225,11.));
#8297=CARTESIAN_POINT('Origin',(15.8427786786221,4.2417937209046,10.75));
#8298=CARTESIAN_POINT('',(8.84277867862212,3.9917937209046,11.));
#8299=CARTESIAN_POINT('Origin',(8.59277867862212,3.2417937209046,10.75));
#8300=CARTESIAN_POINT('',(8.84277867862212,-0.00820627909540239,11.));
#8301=CARTESIAN_POINT('Origin',(10.8427786786221,-0.258206279095402,10.75));
#8302=CARTESIAN_POINT('Origin',(10.8427786786221,48.9917937209046,11.));
#8303=CARTESIAN_POINT('',(3.84277867862212,46.9917937209046,11.));
#8304=CARTESIAN_POINT('',(3.84277867862213,50.9917937209046,11.));
#8305=CARTESIAN_POINT('',(3.84277867862212,50.2417937209046,11.));
#8306=CARTESIAN_POINT('',(17.8427786786221,46.9917937209046,11.));
#8307=CARTESIAN_POINT('',(7.09277867862212,46.9917937209046,11.));
#8308=CARTESIAN_POINT('',(17.8427786786221,50.9917937209046,11.));
#8309=CARTESIAN_POINT('',(17.8427786786221,47.7417937209046,11.));
#8310=CARTESIAN_POINT('',(14.5927786786221,50.9917937209046,11.));
#8311=CARTESIAN_POINT('Origin',(3.34277867862212,51.4917937209046,5.));
#8312=CARTESIAN_POINT('',(3.34277867862212,46.4917937209046,10.5));
#8313=CARTESIAN_POINT('',(3.34277867862212,50.2417937209046,10.5));
#8314=CARTESIAN_POINT('',(3.34277867862212,46.4917937209046,5.));
#8315=CARTESIAN_POINT('Origin',(3.34277867862212,46.4917937209046,5.));
#8316=CARTESIAN_POINT('',(7.09277867862212,46.4917937209046,10.5));
#8317=CARTESIAN_POINT('Origin',(7.09277867862212,46.7417937209046,10.75));
#8318=CARTESIAN_POINT('',(17.8427786786221,46.9917937209046,11.));
#8319=CARTESIAN_POINT('',(3.84277867862212,46.9917937209046,11.));
#8320=CARTESIAN_POINT('Origin',(18.0927786786221,47.7417937209046,10.75));
#8321=CARTESIAN_POINT('',(17.8427786786221,50.9917937209046,11.));
#8322=CARTESIAN_POINT('Origin',(14.5927786786221,51.2417937209046,10.75));
#8323=CARTESIAN_POINT('',(3.84277867862213,50.9917937209046,11.));
#8324=CARTESIAN_POINT('Origin',(3.59277867862212,50.2417937209046,10.75));
#8325=CARTESIAN_POINT('Origin',(75.,65.,45.));
#8326=CARTESIAN_POINT('',(-75.,65.,45.));
#8327=CARTESIAN_POINT('',(75.,65.,45.));
#8328=CARTESIAN_POINT('',(0.,65.,45.));
#8329=CARTESIAN_POINT('',(-75.,-65.,45.));
#8330=CARTESIAN_POINT('',(-75.,0.,45.));
#8331=CARTESIAN_POINT('',(75.,-65.,45.));
#8332=CARTESIAN_POINT('',(75.,-65.,45.));
#8333=CARTESIAN_POINT('',(75.,65.,45.));
#8334=CARTESIAN_POINT('Origin',(-75.,-65.,50.));
#8335=CARTESIAN_POINT('',(-75.,65.,50.));
#8336=CARTESIAN_POINT('',(-75.,65.,50.));
#8337=CARTESIAN_POINT('',(-75.,-65.,50.));
#8338=CARTESIAN_POINT('',(-75.,-32.5,50.));
#8339=CARTESIAN_POINT('',(-75.,-65.,50.));
#8340=CARTESIAN_POINT('Origin',(75.,-65.,50.));
#8341=CARTESIAN_POINT('',(75.,-65.,50.));
#8342=CARTESIAN_POINT('',(37.5,-65.,50.));
#8343=CARTESIAN_POINT('',(75.,-65.,50.));
#8344=CARTESIAN_POINT('Origin',(-75.,65.,50.));
#8345=CARTESIAN_POINT('',(75.,65.,50.));
#8346=CARTESIAN_POINT('',(75.,65.,50.));
#8347=CARTESIAN_POINT('',(-37.5,65.,50.));
#8348=CARTESIAN_POINT('Origin',(75.,65.,50.));
#8349=CARTESIAN_POINT('',(75.,32.5,50.));
#8350=CARTESIAN_POINT('Origin',(80.,-70.,0.));
#8351=CARTESIAN_POINT('',(80.,-70.,0.));
#8352=CARTESIAN_POINT('',(80.,70.,0.));
#8353=CARTESIAN_POINT('',(80.,-70.,50.));
#8354=CARTESIAN_POINT('',(80.,70.,50.));
#8355=CARTESIAN_POINT('',(80.,-70.,0.));
#8356=CARTESIAN_POINT('Origin',(-80.,-70.,0.));
#8357=CARTESIAN_POINT('',(-80.,-70.,0.));
#8358=CARTESIAN_POINT('',(80.,-70.,0.));
#8359=CARTESIAN_POINT('',(-80.,-70.,50.));
#8360=CARTESIAN_POINT('',(80.,-70.,50.));
#8361=CARTESIAN_POINT('',(-80.,-70.,0.));
#8362=CARTESIAN_POINT('Origin',(-80.,70.,0.));
#8363=CARTESIAN_POINT('',(-80.,-70.,0.));
#8364=CARTESIAN_POINT('',(-80.,-70.,50.));
#8365=CARTESIAN_POINT('Origin',(0.,0.,50.));
#8366=CARTESIAN_POINT('Origin',(0.,0.,0.));
#8367=UNCERTAINTY_MEASURE_WITH_UNIT(LENGTH_MEASURE(0.01),#8371,
'DISTANCE_ACCURACY_VALUE',
'Maximum model space distance between geometric entities at asserted c
onnectivities');
#8368=UNCERTAINTY_MEASURE_WITH_UNIT(LENGTH_MEASURE(0.01),#8371,
'DISTANCE_ACCURACY_VALUE',
'Maximum model space distance between geometric entities at asserted c
onnectivities');
#8369=(
GEOMETRIC_REPRESENTATION_CONTEXT(3)
GLOBAL_UNCERTAINTY_ASSIGNED_CONTEXT((#8367))
GLOBAL_UNIT_ASSIGNED_CONTEXT((#8371,#8373,#8374))
REPRESENTATION_CONTEXT('','3D')
);
#8370=(
GEOMETRIC_REPRESENTATION_CONTEXT(3)
GLOBAL_UNCERTAINTY_ASSIGNED_CONTEXT((#8368))
GLOBAL_UNIT_ASSIGNED_CONTEXT((#8371,#8373,#8374))
REPRESENTATION_CONTEXT('','3D')
);
#8371=(
LENGTH_UNIT()
NAMED_UNIT(*)
SI_UNIT(.MILLI.,.METRE.)
);
#8372=(
LENGTH_UNIT()
NAMED_UNIT(*)
SI_UNIT($,.METRE.)
);
#8373=(
NAMED_UNIT(*)
PLANE_ANGLE_UNIT()
SI_UNIT($,.RADIAN.)
);
#8374=(
NAMED_UNIT(*)
SI_UNIT($,.STERADIAN.)
SOLID_ANGLE_UNIT()
);
#8375=SHAPE_DEFINITION_REPRESENTATION(#8376,#8377);
#8376=PRODUCT_DEFINITION_SHAPE('',$,#8379);
#8377=SHAPE_REPRESENTATION('',(#4447),#8369);
#8378=PRODUCT_DEFINITION_CONTEXT('part definition',#8383,'design');
#8379=PRODUCT_DEFINITION('Unterteil','Unterteil',#8380,#8378);
#8380=PRODUCT_DEFINITION_FORMATION('',$,#8385);
#8381=PRODUCT_RELATED_PRODUCT_CATEGORY('Unterteil','Unterteil',(#8385));
#8382=APPLICATION_PROTOCOL_DEFINITION('international standard',
'automotive_design',2009,#8383);
#8383=APPLICATION_CONTEXT(
'Core Data for Automotive Mechanical Design Process');
#8384=PRODUCT_CONTEXT('part definition',#8383,'mechanical');
#8385=PRODUCT('Unterteil','Unterteil',$,(#8384));
#8386=PRESENTATION_STYLE_ASSIGNMENT((#8388));
#8387=PRESENTATION_STYLE_ASSIGNMENT((#8389));
#8388=SURFACE_STYLE_USAGE(.BOTH.,#8390);
#8389=SURFACE_STYLE_USAGE(.BOTH.,#8391);
#8390=SURFACE_SIDE_STYLE('',(#8392));
#8391=SURFACE_SIDE_STYLE('',(#8393));
#8392=SURFACE_STYLE_FILL_AREA(#8394);
#8393=SURFACE_STYLE_FILL_AREA(#8395);
#8394=FILL_AREA_STYLE('Stahl - satiniert',(#8396));
#8395=FILL_AREA_STYLE(
'PEKK \X2\2013\X0\ Polyetherketonketon verst\X\E4rkt mit Kohlenstofffa
sern \X2\2013\X0\ HT-23 (mit 3D-Drucker EOS P 810)',(#8397));
#8396=FILL_AREA_STYLE_COLOUR('Stahl - satiniert',#8398);
#8397=FILL_AREA_STYLE_COLOUR(
'PEKK \X2\2013\X0\ Polyetherketonketon verst\X\E4rkt mit Kohlenstofffa
sern \X2\2013\X0\ HT-23 (mit 3D-Drucker EOS P 810)',#8399);
#8398=COLOUR_RGB('Stahl - satiniert',0.627450980392157,0.627450980392157,
0.627450980392157);
#8399=COLOUR_RGB(
'PEKK \X2\2013\X0\ Polyetherketonketon verst\X\E4rkt mit Kohlenstofffa
sern \X2\2013\X0\ HT-23 (mit 3D-Drucker EOS P 810)',0.352941176470588,0.352941176470588,
0.352941176470588);
ENDSEC;
END-ISO-10303-21;
